Date,Open,High,Low,Close,Volume,Dividends,Stock Splits
2000-08-11,19.253933878754754,20.01983284751281,19.253933878754754,19.83962059020996,506620,0.0,0.0
2000-08-14,19.831428819188858,20.028024291431265,19.761802492994704,19.946109771728516,551750,0.0,0.0
2000-08-15,19.946109771728516,19.946109771728516,19.946109771728516,19.946109771728516,0,0.0,0.0
2000-08-16,20.150894165039062,20.27376515654021,19.987065134777918,20.150894165039062,309750,0.0,0.0
2000-08-17,20.044410483494275,20.888127571387127,20.044410483494275,20.228717803955078,1182700,0.0,0.0
2000-08-18,19.987070929203202,19.987070929203202,19.4136722818348,19.6225528717041,2462310,0.0,0.0
2000-08-21,19.25802848533867,19.495578851389485,18.537182654972735,19.266220092773438,2801190,0.0,0.0
2000-08-22,19.102390477969546,19.102390477969546,18.758350788298166,18.881221771240234,1111770,0.0,0.0
2000-08-23,19.905151477490453,19.905151477490453,18.92218194072927,19.06962776184082,1075740,0.0,0.0
2000-08-24,19.086008060955624,19.151539358755024,18.897605775081026,18.967233657836914,390670,0.0,0.0
2000-08-25,18.8484587422292,20.208234419101256,18.8484587422292,19.561111450195312,2312720,0.0,0.0
2000-08-28,19.823236899222742,19.823236899222742,19.2457418553812,19.266220092773438,429230,0.0,0.0
2000-08-29,19.16792810218994,19.43005336898935,18.92218605516295,19.2293643951416,936450,0.0,0.0
2000-08-30,19.413661089734163,19.643019791498805,19.249832106426013,19.32355499267578,1113170,0.0,0.0
2000-08-31,19.200694219910908,19.65941342912126,19.200694219910908,19.606168746948242,438410,0.0,0.0
2000-09-01,19.606168746948242,19.606168746948242,19.606168746948242,19.606168746948242,0,0.0,0.0
2000-09-04,19.65941159592812,19.90515361592136,19.413669575934883,19.53244400024414,481800,0.0,0.0
2000-09-05,19.421857204593984,20.068980172343007,19.413667159018203,19.597972869873047,869690,0.0,0.0
2000-09-06,19.659407522683924,20.396634992306705,19.659407522683924,19.868288040161133,1091950,0.0,0.0
2000-09-07,19.565202184125585,20.068974206307438,19.565202184125585,19.66759490966797,697550,0.0,0.0
2000-09-08,19.503770795027616,19.98296968269104,19.503770795027616,19.540632247924805,664760,0.0,0.0
2000-09-11,19.577488811226193,19.823232289961314,19.577488811226193,19.66759490966797,673660,0.0,0.0
2000-09-12,19.585685420915038,19.638930089270055,19.290793796043435,19.352230072021484,930850,0.0,0.0
2000-09-13,19.49558131332129,19.536539355667372,19.258030917272247,19.31946563720703,473020,0.0,0.0
2000-09-14,19.09010272300539,19.35222788779966,19.00409319625525,19.0450496673584,924750,0.0,0.0
2000-09-15,18.93037302405595,18.93037302405595,18.307824886837093,18.647768020629883,1839060,0.0,0.0
2000-09-18,18.430698692753232,18.430698692753232,16.13710125816648,17.148740768432617,4094360,0.0,0.0
2000-09-19,16.91528431925185,19.249839653542352,16.223109796297496,18.868938446044922,3391350,0.0,0.0
2000-09-20,19.167922108052306,19.33175112976471,18.029315250558053,18.434789657592773,1342330,0.0,0.0
2000-09-21,18.430696504448537,18.533089262806584,18.02931707917173,18.35287857055664,788790,0.0,0.0
2000-09-22,18.02521761074883,18.258674499861872,17.61155162059996,17.767189025878906,1413240,0.0,0.0
2000-09-25,18.021126060153076,18.369260824995667,17.656608078464124,18.332399368286133,682890,0.0,0.0
2000-09-26,18.184955105933977,18.348782587247793,18.041604302096136,18.213624954223633,910820,0.0,0.0
2000-09-27,18.02112667285366,18.62729165527199,17.857297623599152,18.56585693359375,616410,0.0,0.0
2000-09-28,18.627289545849056,18.67234260741155,18.02112463207508,18.34058952331543,1231040,0.0,0.0
2000-09-29,18.676438387193098,19.700365964613543,18.242294094296106,19.18840217590332,1612480,0.0,0.0
2000-10-02,19.18840217590332,19.18840217590332,19.18840217590332,19.18840217590332,0,0.0,0.0
2000-10-03,19.167923998063003,19.659409549272723,18.840267484719693,19.602069854736328,1015840,0.0,0.0
2000-10-04,19.659407809061562,19.659407809061562,19.008189862890823,19.339942932128906,538430,0.0,0.0
2000-10-05,19.33175096507315,19.454621949116017,19.008189509261783,19.221166610717773,534020,0.0,0.0
2000-10-06,19.266218173735492,20.314718822718618,18.184951098277036,20.01982879638672,4165980,0.0,0.0
2000-10-09,19.671698733087407,20.15089771547948,19.495583041362682,19.917442321777344,1702680,0.0,0.0
2000-10-10,19.495579552502253,20.060787986712718,19.290794046436517,19.58159065246582,1597610,0.0,0.0
2000-10-11,19.32356013848646,19.57749372408583,18.778829951957338,19.38499641418457,1527000,0.0,0.0
2000-10-12,19.25393703916966,19.454627568910983,19.0942045575336,19.36861801147461,535320,0.0,0.0
2000-10-13,19.086012947912547,19.475105811768724,18.9303770522819,19.36861801147461,858650,0.0,0.0
2000-10-16,19.74132526630816,20.028025318779466,18.88941671752367,19.40138053894043,1672680,0.0,0.0
2000-10-17,19.212976271058025,19.659408740366082,19.188401447672373,19.475101470947266,1006920,0.0,0.0
2000-10-18,19.331751701585326,19.647121562157068,19.02457344858044,19.499675750732422,874410,0.0,0.0
2000-10-19,19.577494369772737,19.987065388229862,19.495579853603424,19.815046310424805,1165000,0.0,0.0
2000-10-20,20.06897980696883,20.232808838512106,19.905150775425557,20.044404983520508,983450,0.0,0.0
2000-10-23,20.068980861470386,20.224618293375347,19.864195342475792,19.91334342956543,490540,0.0,0.0
2000-10-24,19.7413251893373,19.987067197703364,19.700367146349897,19.92563247680664,908620,0.0,0.0
2000-10-25,19.98706887481769,19.98706887481769,19.671698948105156,19.774091720581055,484280,0.0,0.0
2000-10-26,20.068981414197644,20.068981414197644,19.683985190344707,19.769994735717773,132760,0.0,0.0
2000-10-27,19.741323084186053,19.892863921105647,19.417761609842273,19.659408569335938,157710,0.0,0.0
2000-10-30,19.499676125869765,20.396636079439684,19.499676125869765,20.22461700439453,725980,0.0,0.0
2000-10-31,20.478550378516015,20.8799297784482,19.905150342961804,20.523603439331055,1268940,0.0,0.0
2000-11-01,20.84307346489375,20.84307346489375,20.068984319688145,20.245100021362305,450870,0.0,0.0
2000-11-02,20.114032387312015,20.72429231230515,20.114032387312015,20.638282775878906,1090260,0.0,0.0
2000-11-03,20.724291601464465,20.724291601464465,20.23280766023554,20.322912216186523,586410,0.0,0.0
2000-11-06,20.232806098283326,20.72429000157019,20.232806098283326,20.478548049926758,3414470,0.0,0.0
2000-11-07,20.314721484124792,20.470358905494045,20.28195661574619,20.376157760620117,500740,0.0,0.0
2000-11-08,20.474458291524325,20.474458291524325,19.905153196967383,19.9788761138916,311190,0.0,0.0
2000-11-09,19.823237230786347,20.134510506567064,19.65121659655773,20.064884185791016,463730,0.0,0.0
2000-11-10,20.028023296068643,20.232808803953233,19.987065257058063,20.081266403198242,508910,0.0,0.0
2000-11-13,19.72084626724148,19.987066506702586,19.659409986079172,19.688079833984375,379350,0.0,0.0
2000-11-14,19.65941030248139,19.700366782322405,19.045053730528846,19.315370559692383,961560,0.0,0.0
2000-11-15,19.651218377764895,19.987066506702586,19.454624465390847,19.688079833984375,1788270,0.0,0.0
2000-11-16,19.65940657841749,19.749512691866467,18.77063832263171,19.053241729736328,3386130,0.0,0.0
2000-11-17,18.88122651954941,19.004099095781168,18.316019543398042,18.819791793823242,2274520,0.0,0.0
2000-11-20,18.758354679599464,18.840269206016593,18.389741654306835,18.729684829711914,844210,0.0,0.0
2000-11-21,18.676435164239752,18.758349668775473,18.316013844105345,18.406118392944336,1725570,0.0,0.0
2000-11-22,18.832075985770988,18.832075985770988,18.18495456346479,18.35697364807129,1544510,0.0,0.0
2000-11-23,18.270964641009478,18.38974061951128,17.533737069518573,17.76309585571289,2032420,0.0,0.0
2000-11-24,17.939211431605198,18.43479202033811,17.86958510400665,18.324209213256836,1695020,0.0,0.0
2000-11-27,18.402029858590982,18.553570729856144,18.28735044924327,18.492136001586914,1679260,0.0,0.0
2000-11-28,18.504419079414777,18.574045403886867,18.021125143750318,18.15628433227539,1845570,0.0,0.0
2000-11-29,19.61026069327967,19.61026069327967,17.95149839013448,18.189048767089844,1557300,0.0,0.0
2000-11-30,18.33649658292985,18.512612264097935,17.89825567278311,18.115327835083008,1222240,0.0,0.0
2000-12-01,18.04160769752192,18.04160769752192,17.201987205902277,17.713951110839844,3651830,0.0,0.0
2000-12-04,17.611556883994503,17.931021834483644,17.611556883994503,17.72214126586914,1088200,0.0,0.0
2000-12-05,17.84910171766675,17.84910171766675,17.44772083500011,17.54192352294922,2271740,0.0,0.0
2000-12-06,17.857296698122326,18.83207620964933,17.857296698122326,18.017030715942383,2366510,0.0,0.0
2000-12-07,17.959690060349047,18.02112634329338,17.816340816665043,17.877777099609375,810150,0.0,0.0
2000-12-08,17.93920983895071,18.14399534296245,17.861391909886436,17.95149803161621,1751810,0.0,0.0
2000-12-11,18.10303964593067,18.397929721969316,18.02112512832403,18.234102249145508,1586350,0.0,0.0
2000-12-12,18.430698082906087,19.000001618151288,18.430698082906087,18.725589752197266,4568430,0.0,0.0
2000-12-13,18.799310359981547,19.987065375305498,18.76654392857923,19.208881378173828,4965450,0.0,0.0
2000-12-14,19.249836845766918,19.41366586941004,18.67643682540535,18.77882957458496,1746750,0.0,0.0
2000-12-15,19.00409791353504,19.00409791353504,17.92282899677757,18.000648498535156,2245680,0.0,0.0
2000-12-18,17.451825363940085,18.01293735092816,17.451825363940085,17.78357696533203,1384430,0.0,0.0
2000-12-19,17.81224179867856,17.94330438133499,17.53373341993634,17.615646362304688,2632380,0.0,0.0
2000-12-20,17.775383740129918,18.17676317137291,17.652511178362257,18.017030715942383,1776510,0.0,0.0
2000-12-21,17.775383523123274,18.06208199737566,17.611554484359477,17.82862663269043,1377700,0.0,0.0
2000-12-22,18.0129378438366,18.021129453802384,17.664803013434994,17.713951110839844,1061090,0.0,0.0
2000-12-25,17.713951110839844,17.713951110839844,17.713951110839844,17.713951110839844,0,0.0,0.0
2000-12-26,17.62383742916234,17.939207247265532,17.39857371977125,17.640220642089844,1900460,0.0,0.0
2000-12-27,17.652511770406548,18.02112634329338,17.652511770406548,17.877777099609375,711410,0.0,0.0
2000-12-28,17.914639960181702,18.42660381685552,17.914639960181702,18.025222778320312,1753480,0.0,0.0
2000-12-29,18.103044331223753,18.410222679958128,18.021129792416613,18.250490188598633,1802700,0.0,0.0
2001-01-01,18.422505041308842,18.49213292998294,18.184954652490795,18.205432891845703,1003590,0.0,0.0
2001-01-02,18.254580437542163,18.430696103073803,17.93921056118061,18.34878158569336,1786810,0.0,0.0
2001-01-03,18.594523134964128,19.249836078643064,18.430694117849743,18.500320434570312,4207540,0.0,0.0
2001-01-04,18.70510590033926,18.83207346655655,18.402024250179572,18.45936393737793,2125270,0.0,0.0
2001-01-05,18.467559541567486,18.84026915141511,18.406123256335277,18.725589752197266,1618440,0.0,0.0
2001-01-08,18.594525693061787,19.00409672980421,18.594525693061787,18.852554321289062,2596130,0.0,0.0
2001-01-09,18.89760784995869,19.495581203331835,18.77473684839277,19.311275482177734,2699850,0.0,0.0
2001-01-10,19.544728082526376,19.655312436972267,18.35697159023139,18.46346092224121,3259280,0.0,0.0
2001-01-11,18.676437310967987,19.00409536677291,18.512609845454932,18.750160217285156,1899000,0.0,0.0
2001-01-12,18.963139595766798,19.577496180267165,18.840268591344643,19.438241958618164,3946760,0.0,0.0
2001-01-15,19.643029879636053,20.634192769146193,19.577498565135446,20.39664077758789,4899580,0.0,0.0
2001-01-16,20.478548049926758,20.60961063245515,20.154986615764503,20.478548049926758,2863150,0.0,0.0
2001-01-17,20.39663972250428,20.560468781476082,20.085366385325496,20.40892791748047,2083080,0.0,0.0
2001-01-18,20.4744582951966,20.519509800089814,20.15089677779223,20.470361709594727,1694510,0.0,0.0
2001-01-19,20.47035971614196,20.806207832867,20.159086423466125,20.62190055847168,3062540,0.0,0.0
2001-01-22,20.72429349073726,21.25673707958958,20.142703378148955,20.318819046020508,2553510,0.0,0.0
2001-01-23,20.33519932079224,20.724290493056955,20.33519932079224,20.449878692626953,1074060,0.0,0.0
2001-01-24,20.396636872881285,20.56046590896446,20.191851358972055,20.42940330505371,1071050,0.0,0.0
2001-01-25,20.4375992897507,20.88812689187442,20.314726705180764,20.445789337158203,1279930,0.0,0.0
2001-01-26,20.445789337158203,20.445789337158203,20.445789337158203,20.445789337158203,0,0.0,0.0
2001-01-29,20.31472454928506,20.478553603065443,19.90515347722375,20.093557357788086,1641080,0.0,0.0
2001-01-30,20.068980363104416,20.519507868748924,19.868289872022,20.42940330505371,1227350,0.0,0.0
2001-01-31,20.150896052697473,20.88812363315442,20.150896052697473,20.798017501831055,1740520,0.0,0.0
2001-02-01,20.80620775783888,20.892217298116716,20.355680255287808,20.57684898376465,942430,0.0,0.0
2001-02-02,20.527701666814664,20.773445247156875,20.355682566725797,20.662860870361328,842630,0.0,0.0
2001-02-05,20.642383198204747,22.313432403596543,20.560468669166298,21.62535285949707,5280470,0.0,0.0
2001-02-06,21.54343522205472,21.707264256493474,21.056046266303092,21.256736755371094,1023200,0.0,0.0
2001-02-07,21.297693413544696,21.584393445051077,20.47855135917759,20.585039138793945,1144160,0.0,0.0
2001-02-08,20.62599388373545,21.21577550619599,20.47854808752301,21.158435821533203,1247210,0.0,0.0
2001-02-09,21.289496770076745,22.854057598873464,21.289496770076745,22.292945861816406,7995520,0.0,0.0
2001-02-12,22.354388064516353,22.436301022426537,21.379608553967863,21.502479553222656,2201030,0.0,0.0
2001-02-13,21.543435774128938,21.748221291230504,21.092908261461293,21.232162475585938,1811010,0.0,0.0
2001-02-14,21.297691033759854,21.764601702594607,21.043757462749415,21.666305541992188,2641060,0.0,0.0
2001-02-15,21.789179704114392,21.789179704114392,21.297694142201077,21.391895294189453,939480,0.0,0.0
2001-02-16,21.621257702164762,22.11274331096074,20.65876472610812,20.789827346801758,2238980,0.0,0.0
2001-02-19,21.379609901687918,21.6089686981179,20.765253304296824,21.03557014465332,1789610,0.0,0.0
2001-02-20,20.97003688444308,21.09290788000404,20.48674294783241,20.544082641601562,1442670,0.0,0.0
2001-02-21,20.789824612982706,20.80620782901247,19.5774947497906,20.50312614440918,2118770,0.0,0.0
2001-02-22,20.486741974113492,20.970035887753575,20.42121067543633,20.601421356201172,2367740,0.0,0.0
2001-02-23,20.720201475506343,20.72429649894892,19.987068850497444,20.26557731628418,2697660,0.0,0.0
2001-02-26,20.232806098283326,20.56046255460431,19.663501150088415,20.478548049926758,828380,0.0,0.0
2001-02-27,20.47855177400174,20.642380813149558,20.240999823476358,20.51131820678711,1553190,0.0,0.0
2001-02-28,21.707269388322864,22.03492597227241,20.478556026719684,21.015094757080078,4403910,0.0,0.0
2001-03-01,21.461523792707982,22.501833079453938,21.223971832125564,21.703170776367188,3344000,0.0,0.0
2001-03-02,22.034922478104424,22.280666048890392,21.56801172471754,21.67449951171875,3084400,0.0,0.0
2001-03-05,21.543437350699637,21.8710954519521,20.90041090493455,21.072431564331055,2081400,0.0,0.0
2001-03-06,21.072431564331055,21.072431564331055,21.072431564331055,21.072431564331055,0,0.0,0.0
2001-03-07,20.97003930345641,21.297695850212516,20.486745311095028,21.084718704223633,1216350,0.0,0.0
2001-03-08,20.970038436903668,21.625351503336137,20.970038436903668,21.48200225830078,904970,0.0,0.0
2001-03-09,21.133860374206648,21.133860374206648,20.482642501853174,20.695619583129883,1428380,0.0,0.0
2001-03-12,20.560467295755306,20.72429478049906,20.400734834114566,20.494935989379883,915420,0.0,0.0
2001-03-13,20.400735104721164,20.400735104721164,17.247037623493814,18.115327835083008,2514890,0.0,0.0
2001-03-14,18.021126916967535,20.3147242632621,18.021126916967535,19.9788761138916,1474340,0.0,0.0
2001-03-15,20.46626818947182,20.46626818947182,19.253936556569506,19.851911544799805,1714080,0.0,0.0
2001-03-16,19.663501130395552,20.06897706882928,18.348778721880354,19.0450496673584,1107510,0.0,0.0
2001-03-19,18.5126098642132,19.41366639381094,18.348780836144734,19.237550735473633,457270,0.0,0.0
2001-03-20,19.176112923717614,19.249835824205714,18.615001125459763,18.795211791992188,699820,0.0,0.0
2001-03-21,18.512611210687677,19.823238843392822,18.512611210687677,19.344039916992188,961000,0.0,0.0
2001-03-22,19.372709449779457,19.454623968440263,18.93856515693933,19.06962776184082,236250,0.0,0.0
2001-03-23,19.045050797958062,19.249836290409224,18.430694320604577,18.803403854370117,361790,0.0,0.0
2001-03-26,18.26686442441021,18.922178906215624,18.26686442441021,18.631383895874023,171770,0.0,0.0
2001-03-27,18.676439815772664,18.83617384247564,18.5167073514593,18.61090850830078,1190700,0.0,0.0
2001-03-28,18.76654628848014,19.1597341404148,18.676440153182334,18.729684829711914,305000,0.0,0.0
2001-03-29,18.750157231528995,18.92217783967313,18.676434336951388,18.799306869506836,1180950,0.0,0.0
2001-03-30,18.758353315235023,18.922182356153392,18.51670633919467,18.705108642578125,618990,0.0,0.0
2001-04-02,18.528992379138305,18.528992379138305,17.611552668933264,18.27915382385254,807420,0.0,0.0
2001-04-03,18.111229761414254,18.512609145981372,17.94740073970185,18.434789657592773,861860,0.0,0.0
2001-04-04,18.234108199558428,18.59043467068093,18.033417644049447,18.508520126342773,317990,0.0,0.0
2001-04-05,18.508520126342773,18.508520126342773,18.508520126342773,18.508520126342773,0,0.0,0.0
2001-04-06,18.43069152307013,18.88121891312288,18.43069152307013,18.668243408203125,450700,0.0,0.0
2001-04-09,18.60271355851826,18.61500175060514,18.184952524908446,18.46346092224121,518500,0.0,0.0
2001-04-10,18.471649541317007,18.668244975638824,18.430693070560334,18.51260757446289,866330,0.0,0.0
2001-04-11,18.479846517970664,19.04505504051306,18.43069842630296,18.88532257080078,934170,0.0,0.0
2001-04-12,18.680536561153502,19.249840092634173,18.356975044197416,18.95494842529297,1045200,0.0,0.0
2001-04-13,18.95494842529297,18.95494842529297,18.95494842529297,18.95494842529297,0,0.0,0.0
2001-04-16,19.24574562625968,19.81504917421186,18.758355043925913,19.303085327148438,981290,0.0,0.0
2001-04-17,19.33175487602768,20.314724509621847,19.249840349297422,20.13041877746582,1308550,0.0,0.0
2001-04-18,20.232811182731478,20.470361587363975,19.905153081681718,20.089460372924805,1129190,0.0,0.0
2001-04-19,20.15089614544639,20.47855267578097,19.331754038415152,19.626644134521484,2337880,0.0,0.0
2001-04-20,20.237911390210186,20.237911390210186,19.416003683369766,20.12639617919922,1533010,0.2,0.0
2001-04-23,20.072706632396795,20.22965416737123,19.928150728829017,20.10161781311035,613220,0.0,0.0
2001-04-24,19.83728518921262,19.9735820995181,19.506870585422057,19.64316749572754,1292290,0.0,0.0
2001-04-25,19.577081680715178,19.742288170415957,19.498607140731995,19.59360122680664,272450,0.0,0.0
2001-04-26,19.69272754629141,19.820763883206734,19.51512941708734,19.651426315307617,219590,0.0,0.0
2001-04-27,19.453180629437643,19.494483445802057,18.172823257426412,19.20124053955078,515720,0.0,0.0
2001-04-30,18.66844167688884,19.48621834393732,18.66844167688884,19.031898498535156,662570,0.0,0.0
2001-05-01,19.031898498535156,19.031898498535156,19.031898498535156,19.031898498535156,0,0.0,0.0
2001-05-02,18.21411605684531,19.651421889374888,18.21411605684531,19.494474411010742,559900,0.0,0.0
2001-05-03,19.742290963645054,19.824895007953078,19.015378839924857,19.27557945251465,439790,0.0,0.0
2001-05-04,19.391220473664504,19.391220473664504,19.09384662520692,19.180580139160156,498260,0.0,0.0
2001-05-07,19.325142542068015,19.659686632092956,19.16819501773001,19.614255905151367,594670,0.0,0.0
2001-05-08,19.49447998956554,19.577084032107894,19.172324381204465,19.246667861938477,424900,0.0,0.0
2001-05-09,19.37057492517778,19.824894800813322,19.08146156089104,19.626646041870117,731860,0.0,0.0
2001-05-10,19.82489119076004,20.21312807605107,19.44904435829018,19.527517318725586,1072710,0.0,0.0
2001-05-11,19.659685480522157,19.659685480522157,19.24666686475034,19.30035972595215,301810,0.0,0.0
2001-05-14,19.577087561429973,19.907502215624884,19.20537009074736,19.60186767578125,785360,0.0,0.0
2001-05-15,19.17232480512663,20.06444659366062,18.668443128004892,19.88684844970703,729540,0.0,0.0
2001-05-16,19.907498352113443,20.163569462475294,19.32927163783463,19.46556854248047,1240010,0.0,0.0
2001-05-17,19.804242090745564,20.109874970986375,19.168193071646368,19.36231231689453,1273200,0.0,0.0
2001-05-18,19.65968790363067,19.824896000518127,19.337533847795427,19.46143913269043,844600,0.0,0.0
2001-05-21,19.824892203036786,20.147046197163053,19.250796618410387,19.59360122680664,1623140,0.0,0.0
2001-05-22,19.713379174086086,20.047924834181604,19.411875760907133,19.47795867919922,885930,0.0,0.0
2001-05-23,19.742290508982094,19.742290508982094,19.56056287612249,19.605995178222656,653970,0.0,0.0
2001-05-24,19.684464815137193,19.73402660196267,19.453173850716972,19.527517318725586,187940,0.0,0.0
2001-05-25,19.601859554126502,19.601859554126502,18.998852863122384,19.060806274414062,1245800,0.0,0.0
2001-05-28,18.99885900912768,19.411877683239155,18.95755777193302,19.358184814453125,967180,0.0,0.0
2001-05-29,19.329278492122988,19.494486633512548,19.16407192627503,19.420143127441406,1416770,0.0,0.0
2001-05-30,19.41187622280816,19.44904796370327,18.841910054263565,19.011247634887695,1798320,0.0,0.0
2001-05-31,19.11449628805485,19.11449628805485,18.79647184380382,18.990591049194336,779600,0.0,0.0
2001-06-01,19.114498879269235,19.164062241964864,18.92864178355346,19.0401554107666,404770,0.0,0.0
2001-06-04,19.12276176469829,19.259058665371278,18.941034139341973,19.188844680786133,813220,0.0,0.0
2001-06-05,18.99885616658794,19.246666703761832,18.99885616658794,19.155803680419922,812070,0.0,0.0
2001-06-06,19.24667123786566,19.38709766215658,19.205369997120645,19.337535858154297,461990,0.0,0.0
2001-06-07,19.24666796825744,19.24666796825744,18.79234809507642,19.002986907958984,1242010,0.0,0.0
2001-06-08,19.081461446349707,19.2053667230028,18.874952126747523,19.12276268005371,1119380,0.0,0.0
2001-06-11,19.04015201390314,19.15579826402023,18.83364276613612,19.05254364013672,376020,0.0,0.0
2001-06-12,19.08145886908509,19.08145886908509,18.172817670454208,18.817127227783203,760620,0.0,0.0
2001-06-13,18.874954494266113,18.916255733150606,18.594101658335997,18.775829315185547,745740,0.0,0.0
2001-06-14,18.82538254780617,18.82538254780617,17.850658710198633,17.991085052490234,1108360,0.0,0.0
2001-06-15,17.846538254272616,18.164562853125823,16.851163216528473,17.693721771240234,1837180,0.0,0.0
2001-06-18,17.759795838241068,17.759795838241068,16.281188823821058,16.392704010009766,1320600,0.0,0.0
2001-06-19,16.520745697236105,17.222877704476858,16.438141653641708,16.871810913085938,3052820,0.0,0.0
2001-06-20,17.09071010093056,17.67719575638881,16.999845504801176,17.615243911743164,1295570,0.0,0.0
2001-06-21,17.751540844193844,18.503234638125686,17.751540844193844,18.243032455444336,1289070,0.0,0.0
2001-06-22,18.181080203319706,18.70974354326848,17.96631032758026,18.07782554626465,1064250,0.0,0.0
2001-06-25,18.04891587572674,18.090217111781712,17.317872653657343,17.421127319335938,680470,0.0,0.0
2001-06-26,17.264180206370344,18.003484008745367,17.181576156709575,17.838275909423828,772430,0.0,0.0
2001-06-27,17.71850072790664,17.925010053054546,17.594593872385005,17.635896682739258,545630,0.0,0.0
2001-06-28,17.69371539302751,17.858923449294302,17.594590244159278,17.78044891357422,294030,0.0,0.0
2001-06-29,17.759800642019403,17.834144119587414,17.169183889974082,17.313739776611328,764000,0.0,0.0
2001-07-02,17.677196674321507,17.718499481770948,17.511990171146767,17.56568145751953,186560,0.0,0.0
2001-07-03,17.50373048212704,17.677197555438102,17.06180066140667,17.11136245727539,7004640,0.0,0.0
2001-07-04,17.177445161182536,17.177445161182536,16.4835737255718,16.73138427734375,524490,0.0,0.0
2001-07-05,16.933767596765893,16.975068838736572,16.685956993859044,16.83464241027832,403490,0.0,0.0
2001-07-06,16.694214416044378,16.9998489348022,16.694214416044378,16.85116195678711,141170,0.0,0.0
2001-07-09,16.603350550795035,17.01636921337431,16.520746503170948,16.913114547729492,107910,0.0,0.0
2001-07-10,17.098971404682498,17.264177906454197,16.776815811476858,17.18157386779785,213370,0.0,0.0
2001-07-11,17.264176170863283,17.51198826191943,17.264176170863283,17.429384231567383,255400,0.0,0.0
2001-07-12,17.45003844354332,17.925010534353273,17.350913271572658,17.796974182128906,425620,0.0,0.0
2001-07-13,18.007608651791084,18.358675374402395,17.759798145099037,17.891963958740234,624010,0.0,0.0
2001-07-16,18.007611641856506,18.39997965555346,18.007611641856506,18.0902156829834,2428040,0.0,0.0
2001-07-17,18.197602305392362,18.379329944389273,18.176950112437684,18.26368522644043,300050,0.0,0.0
2001-07-18,18.176950132419336,18.916253895641837,18.176950132419336,18.771697998046875,703550,0.0,0.0
2001-07-19,18.503235274292273,18.7427868484505,18.3380287589973,18.532146453857422,580130,0.0,0.0
2001-07-20,18.668438527184964,18.7510425511961,18.556923331101036,18.585834503173828,1156620,0.0,0.0
2001-07-23,18.49497222548595,18.49497222548595,18.020001785390487,18.10260581970215,10420,0.0,0.0
2001-07-24,17.99109260538043,18.825390450945246,17.76393109194017,18.742786407470703,726680,0.0,0.0
2001-07-25,18.64778895747324,19.238405635188204,18.589965034554602,19.147541046142578,1261570,0.0,0.0
2001-07-26,18.544536735324744,19.15580410607186,18.544536735324744,18.94516372680664,2222010,0.0,0.0
2001-07-27,18.99885665774245,19.32927124102977,18.841909139853097,19.197105407714844,1631120,0.0,0.0
2001-07-30,18.941034139341973,19.283838774191093,18.941034139341973,19.188844680786133,539990,0.0,0.0
2001-07-31,19.24253621530005,19.477956686097276,19.106239324027506,19.34579086303711,1281690,0.0,0.0
2001-08-01,19.618383907190925,19.618383907190925,19.00298548717997,19.52338981628418,602550,0.0,0.0
2001-08-02,19.824893472334256,19.907497510243843,19.246666782508115,19.2879695892334,343220,0.0,0.0
2001-08-03,19.403615480755963,19.61838536220716,18.920384429146576,19.12276268005371,891050,0.0,0.0
2001-08-06,18.841909133314434,19.391224657966045,18.83364857179249,19.31688117980957,345830,0.0,0.0
2001-08-07,19.085586062907435,19.312745941319545,19.044284839756386,19.164060592651367,224940,0.0,0.0
2001-08-08,18.759312137424775,19.531658386548116,18.759312137424775,19.420143127441406,859250,0.0,0.0
2001-08-09,19.12689133420493,19.32926955956421,18.684961572087957,18.825387954711914,349570,0.0,0.0
2001-08-10,19.09798266531051,19.321011534182144,18.936904071762832,18.998857498168945,438560,0.0,0.0
2001-08-13,18.841905376579977,19.12275811016504,18.841905376579977,19.060806274414062,245470,0.0,0.0
2001-08-14,19.08559308714121,19.238411135232496,19.08146359352256,19.143415451049805,385400,0.0,0.0
2001-08-15,19.143415451049805,19.143415451049805,19.143415451049805,19.143415451049805,0,0.0,0.0
2001-08-16,19.155804833128848,19.283839602305484,19.155804833128848,19.246667861938477,366370,0.0,0.0
2001-08-17,19.403617699744835,19.90336993220369,19.403617699744835,19.767074584960938,1016650,0.0,0.0
2001-08-20,19.45317442399956,19.577081258025967,19.16406267938019,19.428394317626953,491020,0.0,0.0
2001-08-21,19.411882562817766,19.577090704207325,19.292106739087416,19.420143127441406,170380,0.0,0.0
2001-08-22,19.420143127441406,19.420143127441406,19.420143127441406,19.420143127441406,0,0.0,0.0
2001-08-23,19.329278492122988,19.453183810394354,18.998863784885472,19.420143127441406,213870,0.0,0.0
2001-08-24,19.411873777428703,19.510998932508883,19.254926271693787,19.482086181640625,1532120,0.0,0.0
2001-08-27,19.498611968481384,19.544044276448673,19.370577182982224,19.40361785888672,271410,0.0,0.0
2001-08-28,19.49448072412169,19.49448072412169,19.329272632811904,19.411876678466797,829950,0.0,0.0
2001-08-29,19.354054892095903,19.490350232251178,19.308622586863752,19.44904899597168,404120,0.0,0.0
2001-08-30,19.74229120279852,19.74229120279852,19.28797131691251,19.399486541748047,471430,0.0,0.0
2001-08-31,19.494477067427724,19.742287582367997,19.283836711741746,19.53990936279297,536780,0.0,0.0
2001-09-03,19.659685392364764,19.659685392364764,19.08146027820167,19.407745361328125,329800,0.0,0.0
2001-09-04,19.48622027805088,19.73403084095025,19.093852240509268,19.168195724487305,541930,0.0,0.0
2001-09-05,19.411876678466797,19.490349655291325,19.122763306445236,19.411876678466797,453140,0.0,0.0
2001-09-06,19.4366583648256,19.65142825331187,19.33340370164227,19.411876678466797,871710,0.0,0.0
2001-09-07,19.08146210189869,19.65968727132524,19.08146210189869,19.172325134277344,372950,0.0,0.0
2001-09-10,19.515125057576476,19.515125057576476,19.08145592696068,19.25079345703125,171000,0.0,0.0
2001-09-11,19.1681931537131,19.473827610803376,19.1681931537131,19.37470245361328,534460,0.0,0.0
2001-09-12,18.585839619580796,18.907993668813695,17.842406349905794,18.176950454711914,718730,0.0,0.0
2001-09-13,18.342158050924606,18.651922036186026,17.842405866166047,18.135648727416992,624300,0.0,0.0
2001-09-14,17.883704527816967,18.081953260798343,16.63225871157288,16.838768005371094,1593180,0.0,0.0
2001-09-17,16.933760519724785,16.933760519724785,15.20734285776812,15.925995826721191,1768810,0.0,0.0
2001-09-18,16.190333528256737,17.51199369749957,15.289952626584256,17.02463150024414,1460670,0.0,0.0
2001-09-19,17.041150421410343,17.86718779972583,16.37619165532104,17.63176727294922,1544580,0.0,0.0
2001-09-20,17.59046059789996,18.06543257385729,17.01636504948212,17.891963958740234,1023600,0.0,0.0
2001-09-21,17.202224743852735,17.677195172614212,16.851158000290734,17.57807159423828,985810,0.0,0.0
2001-09-24,17.359172709188215,17.553291971635915,16.520745385069098,16.718994140625,1833860,0.0,0.0
2001-09-25,17.016364003070098,18.090211566754338,16.933759980738845,17.210481643676758,610790,0.0,0.0
2001-09-26,17.239402529177823,17.838278428833625,16.685957366487767,17.739154815673828,1255620,0.0,0.0
2001-09-27,17.759805273612336,17.96631463725899,17.037022500849044,17.730894088745117,804790,0.0,0.0
2001-09-28,17.553289355078924,18.090213184949643,17.553289355078924,17.933265686035156,439160,0.0,0.0
2001-10-01,17.883708308953665,17.982833484172744,17.222879059297192,17.326133728027344,1124980,0.0,0.0
2001-10-02,17.326133728027344,17.326133728027344,17.326133728027344,17.326133728027344,0,0.0,0.0
2001-10-03,17.35090737979083,17.842400428291654,17.272434427969138,17.416990280151367,961310,0.0,0.0
2001-10-04,17.45003790641995,17.63589661343087,17.37569442361558,17.52025032043457,1034310,0.0,0.0
2001-10-05,17.52024561902116,17.80935891061908,17.429382612063467,17.689584732055664,269540,0.0,0.0
2001-10-08,17.346780866901927,17.780450073466298,16.107725090694647,17.71849822998047,378710,0.0,0.0
2001-10-09,17.718501305343874,17.801103777662117,17.635897257484466,17.67306900024414,251460,0.0,0.0
2001-10-10,17.677198879132987,17.904358834044203,17.573944210942326,17.838275909423828,193220,0.0,0.0
2001-10-11,17.925009085696473,18.338027713702925,17.925009085696473,18.214120864868164,664920,0.0,0.0
2001-10-12,18.585837391031724,19.411874608410912,18.585837391031724,19.267318725585938,1783340,0.0,0.0
2001-10-15,19.246665527042907,19.246665527042907,18.62713764644443,18.825387954711914,335000,0.0,0.0
2001-10-16,18.91212423621876,18.965815525973117,18.602360250772882,18.763437271118164,154190,0.0,0.0
2001-10-17,18.672570185938174,18.932772340324814,18.441280782519737,18.606487274169922,676610,0.0,0.0
2001-10-18,18.35041298261964,18.829514403136812,18.33802293118388,18.523880004882812,544210,0.0,0.0
2001-10-19,18.428885934280512,18.58583341314287,18.366934101561075,18.523880004882812,581950,0.0,0.0
2001-10-22,18.9988545653484,19.659683659144182,18.267811494095092,18.437149047851562,1368530,0.0,0.0
2001-10-23,18.58583416892966,19.16406075106819,18.03651875834399,18.569313049316406,1364310,0.0,0.0
2001-10-24,18.602357781483548,18.775824834047377,18.54866492331531,18.606487274169922,706930,0.0,0.0
2001-10-25,18.585843722470315,18.65192665935077,18.17695446733771,18.317380905151367,1152630,0.0,0.0
2001-10-26,18.317380905151367,18.317380905151367,18.317380905151367,18.317380905151367,0,0.0,0.0
2001-10-29,18.461933080283888,18.503234313076813,17.879576874873813,18.0902156829834,1277050,0.0,0.0
2001-10-30,17.85066627823562,18.08608677901361,17.85066627823562,18.007612228393555,699590,0.0,0.0
2001-10-31,17.842399877039995,18.06955974153981,17.842399877039995,17.982826232910156,716430,0.0,0.0
2001-11-01,18.007610238089985,18.04891304320423,17.86718385178339,17.995220184326172,973000,0.0,0.0
2001-11-02,18.172814284946465,18.45366699539343,18.048909048111764,18.350412368774414,852680,0.0,0.0
2001-11-05,18.17281880351783,18.33802687740256,18.17281880351783,18.276073455810547,805010,0.0,0.0
2001-11-06,18.296723402963,18.329765646749625,17.916747052662238,17.98695945739746,1313020,0.0,0.0
2001-11-07,19.114502305787305,19.114502305787305,17.945660364649743,18.12738800048828,554360,0.0,0.0
2001-11-08,18.06956806242124,18.09021868224146,17.776325164566714,18.03239631652832,516800,0.0,0.0
2001-11-09,18.090212368612224,18.197598075064985,18.011739410466557,18.114994049072266,2291740,0.0,0.0
2001-11-12,18.048913456371128,18.172818723468403,18.003481157475903,18.14390754699707,597430,0.0,0.0
2001-11-13,18.090216259573456,18.17282030333319,18.007612215813726,18.12738800048828,863430,0.0,0.0
2001-11-14,18.247164593205305,18.54453853369257,18.181081670379378,18.30498695373535,163700,0.0,0.0
2001-11-15,18.503236490999697,18.503236490999697,18.09021781229193,18.23064422607422,1220140,0.0,0.0
2001-11-16,18.23064422607422,18.23064422607422,18.23064422607422,18.23064422607422,0,0.0,0.0
2001-11-19,18.585842199656557,18.585842199656557,18.172823484108633,18.346290588378906,2328030,0.0,0.0
2001-11-20,18.561052489509777,18.627135392422122,18.342153169026513,18.569313049316406,1073670,0.0,0.0
2001-11-21,18.503235767359868,18.75104791021762,18.503235767359868,18.556928634643555,1459200,0.0,0.0
2001-11-22,18.668443547364625,18.668443547364625,18.37933017334977,18.420631408691406,881180,0.0,0.0
2001-11-23,18.503232460893607,18.643658844090258,18.40410888189649,18.59822654724121,697010,0.0,0.0
2001-11-26,18.751047134399414,18.990597129488663,18.536277249691857,18.751047134399414,645600,0.0,0.0
2001-11-27,18.672571916278798,18.97820639624241,18.420630299459003,18.837779998779297,2180300,0.0,0.0
2001-11-28,19.164060490809508,19.24666293667264,18.263679966143556,18.548662185668945,1819640,0.0,0.0
2001-11-29,18.895596671279563,18.895596671279563,17.863050405089425,18.350412368774414,2782200,0.0,0.0
2001-11-30,18.350412368774414,18.350412368774414,18.350412368774414,18.350412368774414,0,0.0,0.0
2001-12-03,18.255425120291054,18.6684437810418,18.007612978515915,18.544538497924805,1825450,0.0,0.0
2001-12-04,18.33802761478306,18.585838160033767,18.259553067538885,18.457801818847656,454790,0.0,0.0
2001-12-05,18.751049539239673,18.751049539239673,18.280206899567222,18.40411376953125,599990,0.0,0.0
2001-12-06,18.58584069070982,18.891475208639637,18.441284782220794,18.746917724609375,806640,0.0,0.0
2001-12-07,18.83365276948258,19.494483658656492,18.71387853957137,19.34166717529297,1824240,0.0,0.0
2001-12-10,18.998856412429653,19.37883278441857,18.833648335148652,19.176454544067383,878360,0.0,0.0
2001-12-11,18.99885270601699,18.99885270601699,18.263680214174567,18.569313049316406,1914040,0.0,0.0
2001-12-12,18.60235320945601,18.796470828823885,18.420624065102455,18.561050415039062,460450,0.0,0.0
2001-12-13,18.544533098785735,19.40361084375011,18.090211758908392,19.060806274414062,865370,0.0,0.0
2001-12-14,18.833644660965785,18.833644660965785,18.379324900386,18.569313049316406,471780,0.0,0.0
2001-12-17,18.569313049316406,18.569313049316406,18.569313049316406,18.569313049316406,0,0.0,0.0
2001-12-18,18.503233375746326,18.54453618198799,18.17281880351783,18.276073455810547,1037990,0.0,0.0
2001-12-19,18.18107961649076,18.420629593845227,18.04891378576947,18.160429000854492,918080,0.0,0.0
2001-12-20,18.131522971317374,18.57345288866763,17.883710786706402,18.37520408630371,941110,0.0,0.0
2001-12-21,18.172814395840607,18.74278037940697,18.172814395840607,18.48257827758789,899440,0.0,0.0
2001-12-24,18.00761073230569,18.238901720670444,17.677196160028156,18.15629768371582,315470,0.0,0.0
2001-12-25,18.15629768371582,18.15629768371582,18.15629768371582,18.15629768371582,0,0.0,0.0
2001-12-26,18.09847640012099,18.420630430188112,18.09847640012099,18.218252182006836,521530,0.0,0.0
2001-12-27,18.148037119772834,18.420629338803963,18.090214766575468,18.276073455810547,448080,0.0,0.0
2001-12-28,18.247161865234375,18.31737427094084,18.0158708821513,18.247161865234375,579710,0.0,0.0
2001-12-31,18.135646734894177,18.833647604467327,18.127386173796513,18.635398864746094,379480,0.0,0.0
2002-01-01,18.833642983818446,18.998851014157776,18.399973873603386,18.589962005615234,586410,0.0,0.0
2002-01-02,18.50323047916269,18.647787915067358,18.420626455151552,18.585834503173828,621090,0.0,0.0
2002-01-03,18.585837980660287,18.829519030539473,18.354546985261752,18.6890926361084,495820,0.0,0.0
2002-01-04,18.58584090694234,18.833651488818404,18.461935616004308,18.499107360839844,213310,0.0,0.0
2002-01-07,18.5032368544699,18.697356141448946,18.30085858023074,18.499107360839844,812730,0.0,0.0
2002-01-08,18.585837326064144,18.585837326064144,18.176948211652714,18.399978637695312,589010,0.0,0.0
2002-01-09,18.296725948517714,18.58583931971032,18.296725948517714,18.532146453857422,433750,0.0,0.0
2002-01-10,18.58584286457969,18.709748168568602,18.33803225660186,18.631275177001953,706690,0.0,0.0
2002-01-11,18.660181623725265,19.122762043074086,18.50323410490403,18.69735336303711,821870,0.0,0.0
2002-01-14,18.709743220371706,19.57708326999008,18.709743220371706,19.30449104309082,1185580,0.0,0.0
2002-01-15,19.329273068182232,20.981347716326717,19.16406654869248,19.8125057220459,2207830,0.0,0.0
2002-01-16,20.48572316686945,20.568327206965908,18.91625270720092,19.073200225830078,632500,0.0,0.0
2002-01-17,18.969940737566795,19.41187042764221,18.751041426279148,19.25079345703125,638360,0.0,0.0
2002-01-18,19.287974148181423,19.73403353745921,19.287974148181423,19.60186767578125,659840,0.0,0.0
2002-01-21,19.659688437239712,20.07270711512745,19.34992442882391,19.738162994384766,546300,0.0,0.0
2002-01-22,19.73815745142174,19.990099026268425,19.57708046436652,19.882713317871094,535540,0.0,0.0
2002-01-23,19.907501111082198,20.0727076412427,19.83315762107053,20.03140640258789,531970,0.0,0.0
2002-01-24,20.03140277510895,20.134657428588895,19.254927339788306,19.407745361328125,301650,0.0,0.0
2002-01-25,19.411871299127856,19.411871299127856,18.841905275151007,18.928640365600586,254360,0.0,0.0
2002-01-28,18.676703137393307,19.159934183010375,18.676703137393307,18.982336044311523,107480,0.0,0.0
2002-01-29,19.04016213497099,19.077333882349844,18.635403983257564,18.718008041381836,260460,0.0,0.0
2002-01-30,18.833644660965785,18.833644660965785,18.50323014640406,18.569313049316406,565710,0.0,0.0
2002-01-31,18.51974919616262,18.751040118276006,18.181074159646194,18.561050415039062,465950,0.0,0.0
2002-02-01,18.668438191455266,18.668438191455266,18.4743189748512,18.569313049316406,136680,0.0,0.0
2002-02-04,18.668440526609977,18.825388031486437,18.503232460893607,18.59822654724121,402320,0.0,0.0
2002-02-05,18.50323912848378,18.746920246677746,18.172824453527927,18.395854949951172,2196750,0.0,0.0
2002-02-06,18.38345882294924,18.91212374919741,18.350418151300577,18.602359771728516,1709750,0.0,0.0
2002-02-07,18.594095410738092,19.16406145397544,18.536273065511544,18.722131729125977,667290,0.0,0.0
2002-02-08,18.812992373911165,18.833642983818446,18.17281401354222,18.589962005615234,1624880,0.0,0.0
2002-02-11,18.74691621429806,18.998857842117058,18.67257273148127,18.89560317993164,300730,0.0,0.0
2002-02-12,19.05667910270258,19.329271332142163,18.96581450104238,19.073200225830078,416370,0.0,0.0
2002-02-13,19.122756847384295,19.16405964403153,18.75517062269718,18.990591049194336,312740,0.0,0.0
2002-02-14,18.874951902613713,19.164065261731853,18.755176120536888,18.862560272216797,540110,0.0,0.0
2002-02-15,18.998854284114998,19.57708091428265,18.916250254728077,19.292097091674805,1977900,0.0,0.0
2002-02-18,20.21312807347487,21.055686327104578,19.742287159840856,20.522891998291016,2988460,0.0,0.0
2002-02-19,20.527023673803075,20.634407811013002,19.41187319635132,19.428394317626953,982780,0.0,0.0
2002-02-20,19.411874355523178,20.237911562141186,19.287969089638665,19.519258499145508,451990,0.0,0.0
2002-02-21,19.895108065773382,20.03140497962647,19.411876990565858,19.548173904418945,339290,0.0,0.0
2002-02-22,19.66381802737032,20.51876650025241,19.659686958599064,20.394861221313477,1196420,0.0,0.0
2002-02-25,21.06394501519863,21.06394501519863,19.829018918128508,20.0355281829834,891320,0.0,0.0
2002-02-26,19.924020234112962,20.303996633276217,19.33753293580915,19.511001586914062,1076780,0.0,0.0
2002-02-27,19.49447938229961,19.903366938058493,19.254927823943078,19.568822860717773,897960,0.0,0.0
2002-02-28,19.75055016525196,20.229651698589635,18.916252368733748,19.29623031616211,1707600,0.0,0.0
2002-03-01,19.1640622779833,19.742287330651784,19.081458248876146,19.535778045654297,585190,0.0,0.0
2002-03-04,19.886848492843416,19.886848492843416,19.08146181569734,19.511001586914062,580750,0.0,0.0
2002-03-05,19.337531945052504,19.81663348823486,19.337531945052504,19.581212997436523,1567030,0.0,0.0
2002-03-06,19.494476977239046,19.907495550589278,19.333399985718987,19.42426300048828,442400,0.0,0.0
2002-03-07,19.469699350791597,19.8248956499396,19.436658677323095,19.548173904418945,659580,0.0,0.0
2002-03-08,19.605993268776736,19.700987356852313,19.10623956988744,19.36644172668457,1024270,0.0,0.0
2002-03-11,19.254926266261595,19.56882127764287,19.131021004101992,19.226015090942383,261140,0.0,0.0
2002-03-12,18.92450939978865,19.2466633572077,18.92450939978865,19.060806274414062,768300,0.0,0.0
2002-03-13,18.936900631932517,19.41187261332596,18.93277113950806,19.39122200012207,866550,0.0,0.0
2002-03-14,19.486220080328646,19.49034957360058,19.184716654161953,19.399486541748047,406950,0.0,0.0
2002-03-15,19.407745361328125,19.494478892121442,19.292099078062723,19.407745361328125,335430,0.0,0.0
2002-03-18,19.659688844184217,19.824896948975514,19.17232666814527,19.767074584960938,426940,0.0,0.0
2002-03-19,19.65968212116237,19.74228614530992,19.337528160081714,19.444913864135742,359710,0.0,0.0
2002-03-20,19.172323137760074,19.577082762412324,19.172323137760074,19.416004180908203,331540,0.0,0.0
2002-03-21,19.362317055651673,19.560565842161804,19.209499002589475,19.312753677368164,220720,0.0,0.0
2002-03-22,19.494482913325093,19.577086968256307,19.201240015083524,19.312753677368164,455570,0.0,0.0
2002-03-25,19.312753677368164,19.312753677368164,19.312753677368164,19.312753677368164,0,0.0,0.0
2002-03-26,19.21362394448575,19.316878586335605,18.94929231343665,19.02776527404785,340250,0.0,0.0
2002-03-27,18.87908283856995,19.940540683800307,18.87908283856995,19.700990676879883,428270,0.0,0.0
2002-03-28,19.58534382247659,19.74229135219664,19.453177979199012,19.544042587280273,625030,0.0,0.0
2002-03-29,19.544042587280273,19.544042587280273,19.544042587280273,19.544042587280273,0,0.0,0.0
2002-04-01,19.948798826670625,19.948798826670625,19.019506941184034,19.30035972595215,835090,0.0,0.0
2002-04-02,19.47795951824367,19.535781877297403,19.267320699470623,19.399486541748047,1123070,0.0,0.0
2002-04-03,19.250800911063255,19.321013330345753,18.53627878431551,18.87082290649414,1283570,0.0,0.0
2002-04-04,18.874949905096013,19.16406323361757,18.556925401276388,18.594097137451172,659120,0.0,0.0
2002-04-05,19.72164351184227,19.72164351184227,18.515629628215642,18.57345199584961,500420,0.0,0.0
2002-04-08,18.874949905096013,18.874949905096013,18.544535347731756,18.594097137451172,238280,0.0,0.0
2002-04-09,18.709742920575298,18.833648189809377,18.606488266956735,18.672571182250977,220230,0.0,0.0
2002-04-10,18.89560470222165,18.998859372725594,18.56519007171728,18.746917724609375,161440,0.0,0.0
2002-04-11,18.684966085017518,18.70974619788037,18.40411325193598,18.499107360839844,2012940,0.0,0.0
2002-04-12,18.50323195723114,18.50323195723114,18.371066138471985,18.437149047851562,352850,0.0,0.0
2002-04-15,18.7510437863264,18.916250269690103,18.22237894315642,18.296722412109375,2815170,0.0,0.0
2002-04-16,18.58584090694234,18.99885959376328,18.18108278292277,18.499107360839844,775200,0.0,0.0
2002-04-17,18.829513492053206,18.829513492053206,18.44540616072373,18.589962005615234,301500,0.0,0.0
2002-04-18,18.58583929003827,18.916253895641837,18.478455134045028,18.771697998046875,1019510,0.0,0.0
2002-04-19,18.982335815201598,19.16406502035086,18.519755391763635,18.70561408996582,801040,0.0,0.0
2002-04-22,18.420635592498424,18.86669659809763,18.152174350720973,18.317380905151367,1423060,0.0,0.0
2002-04-23,18.503235931423212,18.91625459764043,18.461934695017963,18.565189361572266,579490,0.0,0.0
2002-04-24,18.734519591346015,18.734519591346015,18.503228661938333,18.581703186035156,261100,0.0,0.0
2002-04-25,18.42889114645415,18.552796422477307,18.193470649347834,18.362808227539062,1264990,0.0,0.0
2002-04-26,18.499099902011285,18.58583341314287,18.35041298261964,18.523880004882812,764800,0.0,0.0
2002-04-29,18.271943965668676,18.391718164934872,18.05717409980304,18.15629768371582,1647890,0.0,0.0
2002-04-30,18.255428268224335,18.255428268224335,18.04891890223886,18.139781951904297,763410,0.0,0.0
2002-05-01,18.139781951904297,18.139781951904297,18.139781951904297,18.139781951904297,0,0.0,0.0
2002-05-02,18.209994482956564,18.25542679188583,17.891969895992993,18.03239631652832,1154110,0.0,0.0
2002-05-03,18.090214440017757,18.172818475468986,17.809361664808144,17.883705139160156,1309480,0.0,0.0
2002-05-06,17.92500389382372,18.019997961685803,17.883701097661568,17.982826232910156,682950,0.0,0.0
2002-05-07,18.44660931581394,18.4967468772701,18.095643197932148,18.413183212280273,657210,0.25,0.0
2002-05-08,18.55105971842756,18.559414648764147,18.300368774541557,18.480030059814453,965660,0.0,0.0
2002-05-09,18.551063969332773,18.609558058156665,18.42571767174514,18.542707443237305,1138700,0.0,0.0
2002-05-10,18.404830999303137,18.63045246949349,18.383940476621373,18.538532257080078,738780,0.0,0.0
2002-05-13,17.97447296368635,18.551060402662518,17.97447296368635,18.33379554748535,210430,0.0,0.0
2002-05-14,18.3003728739361,18.546884814029966,18.283659821831073,18.409006118774414,221870,0.0,0.0
2002-05-15,18.55106784576491,18.634629936491958,18.46750416119314,18.538532257080078,1055450,0.0,0.0
2002-05-16,17.656936996186783,18.592847315139345,17.656936996186783,18.095645904541016,1593000,0.0,0.0
2002-05-17,18.475858804262437,18.475858804262437,18.05386295745407,18.304553985595703,919960,0.0,0.0
2002-05-20,16.75862324650615,18.258584829568136,16.75862324650615,18.1248836517334,271630,0.0,0.0
2002-05-21,17.715431974694937,19.319848461436532,17.715431974694937,18.68476676940918,757710,0.0,0.0
2002-05-22,18.300370310489402,18.38393396546489,18.062214929807958,18.24605369567871,716930,0.0,0.0
2002-05-23,17.966117803799364,18.29201431439628,17.811526073624442,17.899267196655273,475950,0.0,0.0
2002-05-24,18.049682587722874,18.34215460992386,17.932692822535902,18.216808319091797,537290,0.0,0.0
2002-05-27,19.219568286640317,19.219568286640317,17.932692079793952,18.36722183227539,206280,0.0,0.0
2002-05-28,18.367220472735454,18.709830015412447,18.30036986913614,18.563594818115234,351320,0.0,0.0
2002-05-29,18.42989698207713,18.676408926786845,18.342155847649362,18.500925064086914,905850,0.0,0.0
2002-05-30,18.30037010976655,18.80175044027607,18.279479594712846,18.59284210205078,1394730,0.0,0.0
2002-05-31,18.63462148918601,19.407583228775785,18.50927681607102,19.1694278717041,1766170,0.0,0.0
2002-06-03,19.303131426386134,19.63738446013015,18.885314735745066,19.090044021606445,524250,0.0,0.0
2002-06-04,18.88531655945395,19.340736859985306,18.484212880227528,18.78921890258789,381060,0.0,0.0
2002-06-05,18.8059236874479,18.8059236874479,18.229337950846123,18.668045043945312,1266100,0.0,0.0
2002-06-06,18.392293457024273,18.801753679221548,18.21680959388578,18.56777572631836,1351200,0.0,0.0
2002-06-07,18.634621450956,18.634621450956,18.066392161077523,18.145776748657227,1085350,0.0,0.0
2002-06-10,18.509279140595396,18.509279140595396,18.275302813088096,18.375577926635742,641290,0.0,0.0
2002-06-11,18.801751579624348,18.88531523874708,18.271124177115865,18.438251495361328,368090,0.0,0.0
2002-06-12,18.61791237309024,18.61791237309024,18.2711237536145,18.375577926635742,637800,0.0,0.0
2002-06-13,18.31290637912951,18.459141583821573,18.262767228511496,18.375577926635742,816730,0.0,0.0
2002-06-14,18.383934824116174,18.446607966736078,18.30037116523771,18.371400833129883,395060,0.0,0.0
2002-06-17,18.383934828944355,18.383934828944355,18.266946662790318,18.300371170043945,1439530,0.0,0.0
2002-06-18,18.4173572731666,18.46749482101405,18.22098295281856,18.26276397705078,386600,0.0,0.0
2002-06-19,18.216811013492578,18.37976089690689,18.216811013492578,18.275306701660156,332520,0.0,0.0
2002-06-20,18.300370251820098,18.530169106882866,18.078927921612507,18.250232696533203,463630,0.0,0.0
2002-06-21,18.26276545798555,18.52599039475651,18.13324331605632,18.342151641845703,222110,0.0,0.0
2002-06-24,18.216808988440597,18.216808988440597,17.84913140961264,17.932693481445312,1199950,0.0,0.0
2002-06-25,17.966120105019527,18.17085101215896,17.798992768830423,17.82406234741211,695650,0.0,0.0
2002-06-26,17.966116998467626,17.966116998467626,17.840772314921562,17.911800384521484,136920,0.0,0.0
2002-06-27,17.886734863367955,17.966119468631433,17.197336618312967,17.260009765625,1166000,0.0,0.0
2002-06-28,17.54412189055704,17.57336892864248,16.69177553932521,16.84218978881836,2027720,0.0,0.0
2002-07-01,16.71266396624047,17.83241257948609,16.71266396624047,17.698711395263672,1737470,0.0,0.0
2002-07-02,17.79898696201258,17.79898696201258,17.393705933817884,17.51905059814453,911400,0.0,0.0
2002-07-03,17.548296774531313,17.548296774531313,17.381169501045875,17.535762786865234,382260,0.0,0.0
2002-07-04,17.573371259323707,18.254411343744195,17.410421404865424,18.162492752075195,1154400,0.0,0.0
2002-07-05,18.254408739386527,18.254408739386527,17.63186282771341,17.832414627075195,466380,0.0,0.0
2002-07-08,17.69453243449721,18.049677502048606,17.448020575879216,17.52322769165039,663400,0.0,0.0
2002-07-09,17.740492515673353,17.8407692013162,17.3811699833986,17.52322769165039,868580,0.0,0.0
2002-07-10,17.54830040549523,17.631864059528322,17.43548971162718,17.5733699798584,1282220,0.0,0.0
2002-07-11,17.63186838052144,17.63186838052144,17.422959991164184,17.56083869934082,491480,0.0,0.0
2002-07-12,17.631865731094553,17.631865731094553,17.4689174668962,17.544124603271484,184840,0.0,0.0
2002-07-15,17.50652029230984,17.627685923467567,17.481450716633645,17.552478790283203,338780,0.0,0.0
2002-07-16,17.565017133153717,17.715431423140934,17.260011086832733,17.60679817199707,647180,0.0,0.0
2002-07-17,17.569192645122826,17.58590569633881,17.35610682057401,17.539945602416992,754790,0.0,0.0
2002-07-18,17.7697464548684,17.849132660053023,17.481453461622547,17.60679817199707,366520,0.0,0.0
2002-07-19,17.48562833280226,17.961940711683685,17.464737816481094,17.895090103149414,961700,0.0,0.0
2002-07-22,18.300369769886267,18.300369769886267,17.65275425218442,17.953582763671875,2173830,0.0,0.0
2002-07-23,18.13324411769953,18.30872635407528,17.80734603124668,17.949403762817383,1122410,0.0,0.0
2002-07-24,18.003718817984403,18.003718817984403,17.464734977746428,17.63603973388672,404710,0.0,0.0
2002-07-25,17.79898957487241,17.79898957487241,17.573369783501416,17.778099060058594,343610,0.0,0.0
2002-07-26,17.707067848088727,17.878372589307673,17.48980302613038,17.631860733032227,737140,0.0,0.0
2002-07-29,17.50651748105252,17.924334112162658,17.50651748105252,17.740493774414062,447790,0.0,0.0
2002-07-30,17.727966048364436,17.75721309536689,17.519057659007178,17.56083869934082,454390,0.0,0.0
2002-07-31,17.548300209418368,17.882553227971798,17.48980613040203,17.778099060058594,567050,0.0,0.0
2002-08-01,17.878373082984563,17.882550547783573,17.339389274811275,17.619325637817383,501230,0.0,0.0
2002-08-02,17.54829978942871,17.58590335273125,17.41041952603804,17.54829978942871,189240,0.0,0.0
2002-08-05,17.790634218232643,17.790634218232643,17.514873691451307,17.54829978942871,220370,0.0,0.0
2002-08-06,17.556657845426894,17.69453652700093,17.48562817795089,17.62350845336914,259550,0.0,0.0
2002-08-07,17.556656988702684,17.6318641181983,17.539943939071627,17.569190979003906,327940,0.0,0.0
2002-08-08,17.477272707774464,17.606794860132222,17.422956092419568,17.4981632232666,378120,0.0,0.0
2002-08-09,17.389529011724203,17.56501283841741,17.389529011724203,17.54829978942871,770510,0.0,0.0
2002-08-12,17.448022047250817,17.590079767482173,17.44384458217518,17.531585693359375,504220,0.0,0.0
2002-08-13,17.548304123543527,17.966120888389803,17.468919512006742,17.673648834228516,320290,0.0,0.0
2002-08-14,17.556658550324318,17.778100899178096,17.32685967591172,17.4062442779541,234870,0.0,0.0
2002-08-15,17.4062442779541,17.4062442779541,17.4062442779541,17.4062442779541,0,0.0,0.0
2002-08-16,17.481449801037588,17.698714663985967,17.402065206320422,17.5733699798584,682720,0.0,0.0
2002-08-19,17.59007811697649,17.711245312772384,17.506516072552675,17.631860733032227,493300,0.0,0.0
2002-08-20,17.715429496140843,17.715429496140843,17.52741165410851,17.677825927734375,385720,0.0,0.0
2002-08-21,17.548300779216568,17.590081810200846,17.389529992556813,17.4981632232666,1342600,0.0,0.0
2002-08-22,17.548300967284522,17.631864623992808,17.297611591003843,17.460559844970703,444430,0.0,0.0
2002-08-23,17.31850149513402,17.565013397103836,17.31850149513402,17.506519317626953,570580,0.0,0.0
2002-08-26,17.656935438793408,17.656935438793408,17.38117644309484,17.581729888916016,317300,0.0,0.0
2002-08-27,17.59007779598077,17.59007779598077,17.464733137788592,17.535762786865234,169770,0.0,0.0
2002-08-28,17.464733137788592,17.665284909664837,17.44802009167129,17.535762786865234,191620,0.0,0.0
2002-08-29,17.4856275671319,17.652754878071423,17.41042043659353,17.598438262939453,228160,0.0,0.0
2002-08-30,17.52741327863629,17.673648506079527,17.468919187658994,17.510700225830078,1698900,0.0,0.0
2002-09-02,17.623509264652636,17.63186579026063,17.519055085319152,17.539945602416992,180450,0.0,0.0
2002-09-03,17.615150391539437,17.63186344052814,17.464736138329283,17.54829978942871,195620,0.0,0.0
2002-09-04,17.560833774662626,17.832415242203833,17.464736133768803,17.786455154418945,330340,0.0,0.0
2002-09-05,17.71542973741231,17.878378004778142,17.569192927686945,17.707073211669922,357710,0.0,0.0
2002-09-06,17.71542603965403,17.7321374938063,17.573368319373866,17.602615356445312,224390,0.0,0.0
2002-09-09,17.54830132459261,17.631864983002373,17.448024615732056,17.552478790283203,192770,0.0,0.0
2002-09-10,17.552478790283203,17.552478790283203,17.552478790283203,17.552478790283203,0,0.0,0.0
2002-09-11,17.548304769905663,17.79063926748783,17.50652372941989,17.76556968688965,327200,0.0,0.0
2002-09-12,17.715426475908494,17.932689729834077,17.59008020669386,17.832414627075195,291080,0.0,0.0
2002-09-13,17.61097364511332,17.98283023414908,17.61097364511332,17.945226669311523,404850,0.0,0.0
2002-09-16,17.782276836666835,18.133242879293288,17.782276836666835,18.041322708129883,291240,0.0,0.0
2002-09-17,17.899269380874117,18.69729929834583,17.899269380874117,18.605379104614258,651120,0.0,0.0
2002-09-18,18.47167729448372,18.88531655945395,18.383936163498753,18.78921890258789,1103820,0.0,0.0
2002-09-19,18.776682636236114,18.776682636236114,18.38393549712689,18.392292022705078,369950,0.0,0.0
2002-09-20,18.38393549712689,18.546883761290882,18.216808173251657,18.392292022705078,171980,0.0,0.0
2002-09-23,18.383934451738746,18.467498108924577,18.308727319655915,18.375577926635742,962440,0.0,0.0
2002-09-24,18.271125079353403,18.271125079353403,17.911802443073082,18.112354278564453,484670,0.0,0.0
2002-09-25,18.12906711010406,18.12906711010406,17.523232551201005,17.539945602416992,561260,0.0,0.0
2002-09-26,17.54830034758355,17.769742675272933,17.410420079807352,17.506519317626953,154180,0.0,0.0
2002-09-27,17.464740665790995,18.801754648449645,17.464740665790995,18.450788497924805,1481910,0.0,0.0
2002-09-30,18.133241788173077,18.46749476250357,17.64021805334414,18.266942977905273,652780,0.0,0.0
2002-10-01,18.058036689904295,18.133243816772705,17.636040967604433,17.686180114746094,458030,0.0,0.0
2002-10-02,17.686180114746094,17.686180114746094,17.686180114746094,17.686180114746094,0,0.0,0.0
2002-10-03,17.79899040006087,17.79899040006087,17.38117370903743,17.52741050720215,1452150,0.0,0.0
2002-10-04,17.510695797118185,17.673644036155633,17.33939103379112,17.556655883789062,746380,0.0,0.0
2002-10-07,17.50652104251955,17.62768667886961,17.38117475261132,17.473094940185547,820040,0.0,0.0
2002-10-08,17.39371033790871,17.610975221546887,17.38535381232521,17.473094940185547,724130,0.0,0.0
2002-10-09,17.46474065093169,17.53994779696906,17.343573405222095,17.402069091796875,1223200,0.0,0.0
2002-10-10,17.42295890809071,17.42295890809071,17.130486862402755,17.243297576904297,831250,0.0,0.0
2002-10-11,17.38117075872929,17.422953377045896,17.24746956780398,17.272539138793945,422700,0.0,0.0
2002-10-14,17.297608595808683,17.489803857266935,17.297608595808683,17.37699317932129,638410,0.0,0.0
2002-10-15,17.37699317932129,17.37699317932129,17.37699317932129,17.37699317932129,0,0.0,0.0
2002-10-16,17.460560633265676,17.460560633265676,17.005140357180967,17.071990966796875,826580,0.0,0.0
2002-10-17,17.130485860399087,17.297613189257785,16.62910546766732,16.683422088623047,1938460,0.0,0.0
2002-10-18,16.942469532771106,16.942469532771106,16.211290192692314,16.38677406311035,1732930,0.0,0.0
2002-10-21,16.712670099701,16.712670099701,16.378417016475865,16.495405197143555,1514370,0.0,0.0
2002-10-22,16.796230642591855,16.796230642591855,16.336631344091217,16.416017532348633,856000,0.0,0.0
2002-10-23,16.612388473645552,16.629101521334036,16.253067511406925,16.311561584472656,546740,0.0,0.0
2002-10-24,16.27395776837619,16.411836425029733,16.15279056530458,16.211284637451172,2335520,0.0,0.0
2002-10-25,16.127724687601287,16.37841567486857,15.960598956600721,16.077587127685547,1077280,0.0,0.0
2002-10-28,16.111013033191238,16.37841547459785,16.111013033191238,16.186220169067383,1380900,0.0,0.0
2002-10-29,16.127724781011985,16.46197943263768,16.127724781011985,16.282318115234375,559440,0.0,0.0
2002-10-30,16.13189949015866,16.365875770582406,15.542778136622786,15.797646522521973,1403070,0.0,0.0
2002-10-31,15.839428195680613,16.069227020744293,15.755864551881837,15.868675231933594,959900,0.0,0.0
2002-11-01,15.79347038049921,16.228000115594266,15.709906724697213,15.864500045776367,1961870,0.0,0.0
2002-11-04,16.044161575294297,16.202930770339698,15.960597918307977,16.06087303161621,139100,0.0,0.0
2002-11-05,16.123543962985423,16.294848719099118,15.981486243731826,16.273958206176758,203200,0.0,0.0
2002-11-06,16.273958206176758,16.273958206176758,16.273958206176758,16.273958206176758,0,0.0,0.0
2002-11-07,16.299031108860607,16.378417313333486,16.119371368369368,16.286497116088867,355420,0.0,0.0
2002-11-08,16.336633815043914,16.38677297116198,16.228002164476838,16.30320930480957,490750,0.0,0.0
2002-11-11,16.278135981122656,16.39512572463423,16.278135981122656,16.37005615234375,289200,0.0,0.0
2002-11-12,16.49540751400338,16.62910876607242,16.30321216338471,16.558080673217773,196430,0.0,0.0
2002-11-13,15.877036605342743,16.578968877507556,15.877036605342743,16.190399169921875,1222380,0.0,0.0
2002-11-14,16.1319001682418,16.290670932234395,15.801824651519585,16.106830596923828,1325300,0.0,0.0
2002-11-15,16.094296608186813,16.1319001682418,16.002376440531528,16.106830596923828,1870230,0.0,0.0
2002-11-18,16.069231929095285,16.278140305481372,16.06505446285911,16.190399169921875,692490,0.0,0.0
2002-11-19,16.190399169921875,16.190399169921875,16.190399169921875,16.190399169921875,0,0.0,0.0
2002-11-20,16.211286301097694,16.294849952958607,16.044160591219956,16.253068923950195,501000,0.0,0.0
2002-11-21,16.219641715797536,16.219641715797536,16.085940519506558,16.169504165649414,779880,0.0,0.0
2002-11-22,16.29485454880715,16.41184273810167,16.131906258334205,16.33663558959961,1015860,0.0,0.0
2002-11-25,16.374233801156688,16.716843323749988,16.257245650176735,16.33245277404785,4886540,0.0,0.0
2002-11-26,16.495401634219874,16.495401634219874,16.294849827602974,16.35752296447754,684060,0.0,0.0
2002-11-27,16.378413478821034,16.50375815872609,16.211286176384913,16.35752296447754,1280810,0.0,0.0
2002-11-28,16.42020001530015,16.42020001530015,16.27396477200023,16.32828140258789,1146230,0.0,0.0
2002-11-29,16.378416504507577,16.42019754091304,16.282318845699518,16.299030303955078,1230630,0.0,0.0
2002-12-02,16.37006078687084,16.37006078687084,16.219646498232176,16.286497116088867,736330,0.0,0.0
2002-12-03,16.31156583082925,16.336633815043914,16.21128911243748,16.30320930480957,1080260,0.0,0.0
2002-12-04,16.161146371954597,16.629100522208326,16.161146371954597,16.361698150634766,1510880,0.0,0.0
2002-12-05,16.44526933819019,16.62075162738598,16.261428927972208,16.533010482788086,473590,0.0,0.0
2002-12-06,16.712663938924063,16.779514530926004,16.336628362760734,16.570606231689453,584710,0.0,0.0
2002-12-09,15.897919082485075,16.712661657034214,15.897919082485075,16.40347671508789,1010490,0.0,0.0
2002-12-10,16.30320642222796,16.315740412119148,15.709905930487654,15.877033233642578,1413890,0.0,0.0
2002-12-11,15.897924403402495,16.031625613900083,15.65141249770179,15.709906578063965,846520,0.0,0.0
2002-12-12,15.877033468979022,16.503758474333456,15.81018286549498,16.215465545654297,3116280,0.0,0.0
2002-12-13,16.46197992477514,17.11377300847339,16.46197992477514,16.950824737548828,5026230,0.0,0.0
2002-12-16,17.130483672641084,18.012077111784745,17.130483672641084,17.506519317626953,3454370,0.0,0.0
2002-12-17,17.63186632843129,18.04132653265502,17.134663399567636,17.97029685974121,2229560,0.0,0.0
2002-12-18,18.049681493425943,18.375578004604886,17.74467549817105,18.204273223876953,2674830,0.0,0.0
2002-12-19,17.966116986380456,18.292013482149795,17.782278223559516,18.220985412597656,1973770,0.0,0.0
2002-12-20,18.279481557638917,18.551063064032988,18.15413686001254,18.421539306640625,1519880,0.0,0.0
2002-12-23,18.446610315637216,18.63462657974955,18.216809825998713,18.363046646118164,874630,0.0,0.0
2002-12-24,18.325441367708788,18.446608597533768,18.216808129298713,18.254411697387695,834550,0.0,0.0
2002-12-25,18.254411697387695,18.254411697387695,18.254411697387695,18.254411697387695,0,0.0,0.0
2002-12-26,18.34215460992386,18.363045127114436,18.216808319091797,18.216808319091797,339960,0.0,0.0
2002-12-27,18.158309822626318,18.342150154473476,18.158309822626318,18.26276397705078,2077670,0.0,0.0
2002-12-30,18.1583131001081,18.212629716488983,17.807347014140575,17.899267196655273,338270,0.0,0.0
2002-12-31,17.80734590599546,18.375576828281506,17.631863670853996,18.053857803344727,1300350,0.0,0.0
2003-01-01,18.375586744426364,18.375586744426364,17.96612638095893,18.016263961791992,187520,0.0,0.0
2003-01-02,18.133244594382575,18.300370310489402,17.957760759549632,18.24605369567871,315390,0.0,0.0
2003-01-03,18.012075854010597,18.258587738766618,17.966115767961234,18.003719329833984,342110,0.0,0.0
2003-01-06,17.999542852242914,18.049680406209458,17.89090962583062,17.953582763671875,909090,0.0,0.0
2003-01-07,17.966114918700413,18.21680425677261,17.92851135860519,18.187557220458984,889010,0.0,0.0
2003-01-08,18.078932771747333,18.13324940095571,17.9243410050638,17.961944580078125,1215440,0.0,0.0
2003-01-09,17.882549656973723,17.991182862463003,17.673641362864583,17.878372192382812,1523860,0.0,0.0
2003-01-10,17.719608252570367,18.166672046271653,17.539946923081693,17.957763671875,1421930,0.0,0.0
2003-01-13,18.02878633611056,18.333792252843704,18.012073290136303,18.149951934814453,596130,0.0,0.0
2003-01-14,18.25440991772686,18.25858897702059,18.06221463016259,18.220985412597656,579970,0.0,0.0
2003-01-15,18.333795178731336,18.67222564757927,18.053857192440525,18.170846939086914,1355840,0.0,0.0
2003-01-16,18.375579785495315,18.375579785495315,18.183384470216502,18.30872917175293,656330,0.0,0.0
2003-01-17,18.38393400318187,19.72094770400029,18.34215297253048,18.693119049072266,1801360,0.0,0.0
2003-01-20,18.718189671219886,18.8435343747054,18.55106393118733,18.7098331451416,969870,0.0,0.0
2003-01-21,18.75997091999222,19.052441341970667,18.62626970027514,18.906206130981445,1027690,0.0,0.0
2003-01-22,18.96887528831366,20.213968631398487,18.96887528831366,20.067731857299805,3937370,0.0,0.0
2003-01-23,20.22232790160617,20.343493527197428,19.61231433893049,19.746015548706055,1470690,0.0,0.0
2003-01-24,19.804511464853146,20.04684431284412,19.562177023018013,19.84629249572754,1518010,0.0,0.0
2003-01-27,19.888072909119604,20.013419185539373,19.637383543968294,19.89225196838379,1630800,0.0,0.0
2003-01-28,19.888072297567398,20.046843073997934,18.46749661565205,19.390871047973633,1915570,0.0,0.0
2003-01-29,20.046842177353042,20.046842177353042,18.968876075951314,19.1694278717041,319290,0.0,0.0
2003-01-30,19.060800270372305,19.36580631591837,18.718190652424973,18.964702606201172,609360,0.0,0.0
2003-01-31,19.136001793070857,19.971635073063855,18.927093473072606,19.812864303588867,2003120,0.0,0.0
2003-02-03,18.55106181183035,20.305890647836733,18.55106181183035,19.908966064453125,1467080,0.0,0.0
2003-02-04,20.051018868766967,20.427052843711532,19.929851675063627,20.063552856445312,2258010,0.0,0.0
2003-02-05,20.155473016336646,20.159650480948162,19.959098708875633,20.063552856445312,644090,0.0,0.0
2003-02-06,20.05520263572922,20.31842761659957,20.05520263572922,20.255754470825195,792600,0.0,0.0
2003-02-07,20.305892459127744,20.920083562822505,20.180547758781394,20.62343406677246,2956790,0.0,0.0
2003-02-10,20.548227118638977,20.640147310207375,20.264111611831524,20.585830688476562,782410,0.0,0.0
2003-02-11,20.452127140680947,20.807270686976278,20.452127140680947,20.523155212402344,1496380,0.0,0.0
2003-02-12,20.652676130646704,20.89083148203438,20.147118391304023,20.78219985961914,2785630,0.0,0.0
2003-02-13,20.78219985961914,20.78219985961914,20.78219985961914,20.78219985961914,0,0.0,0.0
2003-02-14,20.849054473555668,21.091387336638224,20.598363491164726,20.744600296020508,1935870,0.0,0.0
2003-02-17,20.64432358429528,20.849054473555668,20.581650440236476,20.744600296020508,431150,0.0,0.0
2003-02-18,20.68192729619323,20.890835652720437,20.473018939666026,20.569116592407227,612930,0.0,0.0
2003-02-19,20.899194433985187,21.14152732491378,20.640148490207874,21.037073135375977,3412190,0.0,0.0
2003-02-20,21.308649808960386,21.39221346031336,20.81980507838822,20.920080184936523,1174550,0.0,0.0
2003-02-21,21.053784117853727,21.05796317757717,20.48137566175207,20.907548904418945,1012120,0.0,0.0
2003-02-24,20.64431892420214,20.890830791293155,20.556577817401244,20.690279006958008,428260,0.0,0.0
2003-02-25,20.656860699423675,20.68193027960722,20.47719935938619,20.514802932739258,222360,0.0,0.0
2003-02-26,20.59835805714616,20.890829995856926,20.473013395939788,20.773841857910156,806460,0.0,0.0
2003-02-27,20.765491976201517,20.89083667749763,20.569117601402848,20.75295639038086,691780,0.0,0.0
2003-02-28,20.748774074874337,21.200016806687838,20.41034202601421,20.878297805786133,2127860,0.0,0.0
2003-03-03,20.895007457071504,21.07884778106437,20.101156873667964,20.293352127075195,361650,0.0,0.0
2003-03-04,20.22650527870678,20.55658083620446,20.05520050481525,20.297534942626953,561640,0.0,0.0
2003-03-05,20.285005494630447,20.473023375006576,20.084453620177452,20.151304244995117,710070,0.0,0.0
2003-03-06,20.305893418074472,20.305893418074472,20.06356053180659,20.13041114807129,634240,0.0,0.0
2003-03-07,20.063558722904148,20.063558722904148,19.804512807464203,19.88807487487793,1562910,0.0,0.0
2003-03-10,19.90478924659519,20.556583935041466,19.90478924659519,20.071916580200195,507170,0.0,0.0
2003-03-11,19.829579073508622,20.548224266732458,19.62484979468638,19.921499252319336,339540,0.0,0.0
2003-03-12,19.90479125132093,19.97164187272697,19.804516116134145,19.90061378479004,314890,0.0,0.0
2003-03-13,20.055202059378534,20.180546753480797,19.971638398695607,19.992528915405273,1424970,0.0,0.0
2003-03-14,19.992528915405273,19.992528915405273,19.992528915405273,19.992528915405273,0,0.0,0.0
2003-03-17,19.938213031604807,20.071914245398695,19.908965990702658,20.009241104125977,2469250,0.0,0.0
2003-03-18,20.009241104125977,20.009241104125977,20.009241104125977,20.009241104125977,0,0.0,0.0
2003-03-19,19.971635086152684,20.305888079600145,19.762726766017522,20.12204933166504,1532200,0.0,0.0
2003-03-20,20.301714229330628,20.556582680291417,19.871363523255752,20.468841552734375,808920,0.0,0.0
2003-03-21,20.2223257246228,20.84905067566883,19.888071142323074,20.26410675048828,686640,0.0,0.0
2003-03-24,20.790555369664272,20.790555369664272,19.553818493946707,19.712589263916016,975380,0.0,0.0
2003-03-25,19.553819292082945,19.787797194543664,19.21956628417053,19.46190071105957,281700,0.0,0.0
2003-03-26,19.553821103835677,19.971637800899874,17.130484579632164,19.871362686157227,459630,0.0,0.0
2003-03-27,19.850471952380133,19.88807552147658,18.08310739253577,18.993947982788086,805040,0.0,0.0
2003-03-28,19.127651111470417,19.787802369350434,18.96888188734403,19.74184226989746,544330,0.0,0.0
2003-03-31,19.553819042181978,20.00088273339705,19.395048267761172,19.59977912902832,980150,0.0,0.0
2003-04-01,19.47443947132359,19.7000609046252,19.30313466318965,19.578893661499023,431080,0.0,0.0
2003-04-02,19.6791665796272,19.80451286882469,19.303132493567556,19.4827938079834,1162110,0.0,0.0
2003-04-03,19.4702594561098,19.83793863376841,19.466081989999253,19.766910552978516,321830,0.0,0.0
2003-04-04,19.637386799234637,20.222330873345335,19.532932614132324,20.000886917114258,650090,0.0,0.0
2003-04-07,20.138766675155402,20.869945951580224,20.138766675155402,20.556583404541016,1061920,0.0,0.0
2003-04-08,20.715353414823255,20.715353414823255,19.888074919732013,20.025955200195312,1201230,0.0,0.0
2003-04-09,20.055202866779254,20.055202866779254,19.415943785430848,19.603960037231445,615390,0.0,0.0
2003-04-10,19.303130410715816,20.89083343284307,19.303130410715816,19.68752098083496,1573120,0.0,0.0
2003-04-11,20.13876590407139,20.464662430483877,19.637385529236912,20.025955200195312,1072620,0.0,0.0
2003-04-14,20.025955200195312,20.025955200195312,20.025955200195312,20.025955200195312,0,0.0,0.0
2003-04-15,20.47301606065915,20.47301606065915,19.896428631449965,20.142940521240234,1358140,0.0,0.0
2003-04-16,20.41034224722997,20.598360054190078,20.268284525731666,20.360204696655273,4284560,0.0,0.0
2003-04-17,20.389452652696757,20.798912787501784,20.305889002077674,20.64849853515625,3699240,0.0,0.0
2003-04-18,20.64849853515625,20.64849853515625,20.64849853515625,20.64849853515625,0,0.0,0.0
2003-04-21,20.55657995944488,20.64014361008636,20.389452658161918,20.481372833251953,708430,0.0,0.0
2003-04-22,20.284999716798527,20.473017543621022,20.243218685879825,20.389453887939453,1195010,0.0,0.0
2003-04-23,20.41034222629138,20.41034222629138,19.720945726603553,19.812864303588867,1535650,0.0,0.0
2003-04-24,19.846293458808628,20.3058911961065,19.720948766258687,20.034311294555664,1540020,0.0,0.0
2003-04-25,19.88807702189511,20.514802158221777,19.850473449961733,20.43124008178711,1032520,0.0,0.0
2003-04-28,20.5565815744774,20.5565815744774,20.23068347075577,20.385276794433594,407960,0.0,0.0
2003-04-29,20.468840808339603,20.790558264348793,20.318426541515233,20.477195739746094,1383320,0.0,0.0
2003-04-30,20.561797071266586,21.04824058644528,20.45604827054096,20.895963668823242,2386040,0.3,0.0
2003-05-01,20.895963668823242,20.895963668823242,20.895963668823242,20.895963668823242,0,0.0,0.0
2003-05-02,20.976329126352677,21.653120707146304,20.81136127938413,21.369714736938477,3366900,0.0,0.0
2003-05-05,21.572750483583764,21.74194917203158,20.98901678339692,21.166675567626953,1737570,0.0,0.0
2003-05-06,20.726761557839133,21.145527450317537,20.726761557839133,20.93825912475586,1021580,0.0,0.0
2003-05-07,20.980558505686506,21.02285898826315,20.578714409598113,20.79444122314453,1440150,0.0,0.0
2003-05-08,20.798673876679313,20.798673876679313,20.44335944633577,20.59563636779785,777030,0.0,0.0
2003-05-09,20.98055916117293,20.98055916117293,20.472966263182055,20.790212631225586,407650,0.0,0.0
2003-05-12,20.7267607175989,20.98055714217099,20.48988287135952,20.58717155456543,972590,0.0,0.0
2003-05-13,20.879043970085803,20.879043970085803,20.578717756144947,20.705615997314453,394880,0.0,0.0
2003-05-14,20.303765548485803,20.743680855966588,20.303765548485803,20.65062141418457,245110,0.0,0.0
2003-05-15,20.642167418100822,21.14976202952928,20.52372926708707,21.065162658691406,511850,0.0,0.0
2003-05-16,21.065161261189974,21.32741784114989,21.065161261189974,21.24704933166504,816850,0.0,0.0
2003-05-19,21.467004164390577,21.488153599468312,20.760603028483708,21.022859573364258,1674720,0.0,0.0
2003-05-20,20.879042342546864,20.97210179849649,20.73099306139077,20.764833450317383,711340,0.0,0.0
2003-05-21,20.97209764990737,21.357023123011604,20.223396135795085,20.874807357788086,1164770,0.0,0.0
2003-05-22,21.107455767765916,21.403551041729596,20.32068463729506,20.39682388305664,539200,0.0,0.0
2003-05-23,20.96363646473325,20.96363646473325,20.430661767461388,20.557559967041016,432240,0.0,0.0
2003-05-26,20.81135961276517,21.36125292982314,20.604091300096513,21.166675567626953,1395290,0.0,0.0
2003-05-27,21.234353533681027,21.31472201872358,20.64215977080458,20.75636863708496,507080,0.0,0.0
2003-05-28,20.938258783440524,20.938258783440524,20.477194030533962,20.553333282470703,510500,0.0,0.0
2003-05-29,20.413748130314616,21.149760505903473,20.413748130314616,20.891733169555664,1744000,0.0,0.0
2003-05-30,20.81982504339177,21.145531553273532,20.646397069413034,20.735225677490234,1105240,0.0,0.0
2003-06-02,20.56179152248778,20.97209727493019,20.405283791456448,20.59986114501953,923670,0.0,0.0
2003-06-03,20.388367369884644,21.2343577037919,20.371447175942855,21.094768524169922,5448840,0.0,0.0
2003-06-04,21.327415864533673,21.64889309987607,21.149758666264347,21.310497283935547,1534360,0.0,0.0
2003-06-05,21.488154080978486,21.720801099243705,21.234357627161607,21.327415466308594,1950300,0.0,0.0
2003-06-06,21.386634796655667,22.37644348590053,21.318955638997828,21.944988250732422,5547510,0.0,0.0
2003-06-09,22.046506971291553,22.604860445398053,21.94075818280777,22.13956642150879,2007690,0.0,0.0
2003-06-10,21.826547987309105,21.995746684165105,21.247045113014604,21.373943328857422,774210,0.0,0.0
2003-06-11,21.657353329210384,22.109958038344082,21.158218892551034,21.835010528564453,3343660,0.0,0.0
2003-06-12,21.65735202400033,21.868849599208147,21.175137810702253,21.28934669494629,743230,0.0,0.0
2003-06-13,21.23435938158426,21.74195394475493,21.149760018789372,21.297807693481445,1206090,0.0,0.0
2003-06-16,21.318956922536234,21.53045450465029,21.25973624412156,21.390865325927734,1301500,0.0,0.0
2003-06-17,21.57275620736601,21.775793719215255,21.314728865141326,21.399328231811523,1842930,0.0,0.0
2003-06-18,21.488153318394698,21.543143139756292,20.98901891181637,21.28934669494629,1167690,0.0,0.0
2003-06-19,21.479693143169964,21.49661333638831,21.065158090911048,21.086307525634766,1591010,0.0,0.0
2003-06-20,21.2343582731975,21.47969463753815,20.642164378143164,20.997480392456055,1392040,0.0,0.0
2003-06-23,21.06515725793995,21.132836414538698,20.485654378713285,20.566022872924805,607710,0.0,0.0
2003-06-24,20.65062506766674,20.72676433103189,20.295309043162252,20.405288696289062,1577690,0.0,0.0
2003-06-25,20.392595486272896,20.642162685547937,20.30376689337799,20.468734741210938,1579470,0.0,0.0
2003-06-26,20.47719189436081,20.8959577363274,20.219164635670086,20.7098388671875,3111250,0.0,0.0
2003-06-27,20.642159640918603,21.230122545641606,20.642159640918603,21.005935668945312,2070540,0.0,0.0
2003-06-30,21.1497575771373,22.080347233251032,21.1497575771373,21.830780029296875,2457340,0.0,0.0
2003-07-01,22.41451544530991,22.672541151380777,21.657353680876327,22.09726905822754,2131220,0.0,0.0
2003-07-02,22.494883820648905,22.621782052037283,22.004209475974893,22.28338623046875,2687720,0.0,0.0
2003-07-03,22.587942635720317,25.557367297622015,22.587942635720317,24.52103042602539,15488630,0.0,0.0
2003-07-04,24.1107194719108,24.2799181487319,23.061691870975235,23.412776947021484,2710780,0.0,0.0
2003-07-07,22.862888459659818,24.233393511084596,22.862888459659818,23.49738121032715,2229380,0.0,0.0
2003-07-08,24.533719260686468,25.675806514507087,23.941525391713267,24.059965133666992,4824080,0.0,0.0
2003-07-09,24.047272783878974,24.19532204931613,23.73848652890212,23.91614532470703,1075550,0.0,0.0
2003-07-10,23.941521696613012,24.169939434843165,23.85692396861509,24.043041229248047,2515220,0.0,0.0
2003-07-11,24.06842981942328,24.6183233091144,24.06842981942328,24.516803741455078,5927250,0.0,0.0
2003-07-14,24.872111803822577,25.037079636282083,23.717335363007766,24.11495018005371,3639930,0.0,0.0
2003-07-15,24.872116947877526,25.26550260522486,23.18013618117023,23.425474166870117,1939340,0.0,0.0
2003-07-16,23.61158306862528,24.110717346285345,23.353555835340224,23.958438873291016,3771550,0.0,0.0
2003-07-17,23.89922751505162,23.89922751505162,22.862889008050914,23.074386596679688,1197800,0.0,0.0
2003-07-18,22.926342669321283,23.518535045908163,22.422977293583806,23.400096893310547,1077960,0.0,0.0
2003-07-21,23.518527530153285,23.68772622002133,23.10822336966047,23.429698944091797,1241960,0.0,0.0
2003-07-22,23.281653851683963,23.687728815543938,22.693690841045324,22.820589065551758,834950,0.0,0.0
2003-07-23,23.433929396017884,23.433929396017884,21.36548198300817,21.648889541625977,4264400,0.0,0.0
2003-07-24,21.902691392985545,22.059200782015957,21.699653886414954,21.868852615356445,3050120,0.0,0.0
2003-07-25,21.99575147733996,22.735993113596596,21.90692286825286,22.406057357788086,2524720,0.0,0.0
2003-07-28,22.799439105653892,22.841737974983005,22.249544122784812,22.52872085571289,908650,0.0,0.0
2003-07-29,22.664081142318373,22.816358042446335,21.999977265545155,22.465272903442383,1119470,0.0,0.0
2003-07-30,22.587945400466307,23.158988302204467,22.503346033720245,22.947490692138672,1788570,0.0,0.0
2003-07-31,23.01093910122525,23.01939758510252,22.249546464382867,22.448354721069336,2271370,0.0,0.0
2003-08-01,22.545647675365995,22.697926231465104,22.262241617647366,22.537187576293945,511300,0.0,0.0
2003-08-04,22.511804387464547,22.922108621953317,22.511804387464547,22.761371612548828,1009970,0.0,0.0
2003-08-05,22.96017469781517,23.856925517933778,22.672537885867442,23.658117294311523,4415700,0.0,0.0
2003-08-06,23.645434910661386,23.683504547367594,23.032091480883096,23.400096893310547,1579210,0.0,0.0
2003-08-07,23.332411681582737,23.349331874318526,22.896727207025766,23.015165328979492,731700,0.0,0.0
2003-08-08,23.010937067358626,23.67080847616653,22.587941912543936,23.2858829498291,2045250,0.0,0.0
2003-08-11,23.019392621965235,23.433929240913002,23.019392621965235,23.24781036376953,947420,0.0,0.0
2003-08-12,23.518526712507015,23.518526712507015,23.010933887746475,23.125141143798828,862500,0.0,0.0
2003-08-13,23.015166379097096,23.264733585742636,19.885001578485063,23.05323600769043,2637630,0.0,0.0
2003-08-14,23.235124717916168,23.332413412968684,22.41874391421626,22.61332130432129,1936730,0.0,0.0
2003-08-15,22.61332130432129,22.61332130432129,22.61332130432129,22.61332130432129,0,0.0,0.0
2003-08-18,22.630241965594422,23.68772990791192,22.524493171362675,23.510072708129883,2530520,0.0,0.0
2003-08-19,23.62427865577261,23.856927280862056,23.518529867495026,23.797706604003906,2267080,0.0,0.0
2003-08-20,23.856925014459716,24.449117204396988,23.772325669154878,24.081111907958984,2779470,0.0,0.0
2003-08-21,24.0261249665963,24.53371948556915,23.77232851390912,24.351831436157227,1779140,0.0,0.0
2003-08-22,24.203786994147176,24.669081090503834,24.119187627464502,24.44912338256836,1525010,0.0,0.0
2003-08-25,24.423738372712837,24.423738372712837,22.334141495640615,23.77232551574707,2619050,0.0,0.0
2003-08-26,23.941528642934678,23.941528642934678,23.539684477560005,23.61582374572754,1164020,0.0,0.0
2003-08-27,23.9415240469304,24.44911853273919,23.6877276108252,23.962675094604492,2359680,0.0,0.0
2003-08-28,24.1953239533065,24.1953239533065,23.51853071576035,23.7596378326416,3796790,0.0,0.0
2003-08-29,23.18013141370787,23.734255581733176,23.01516358105865,23.323949813842773,3715070,0.0,0.0
2003-09-01,23.26473825004372,23.687733490953605,23.26473825004372,23.556604385375977,1314860,0.0,0.0
2003-09-02,23.264730623786555,24.449116587368767,23.264730623786555,23.852693557739258,1198770,0.0,0.0
2003-09-03,23.687725219877464,24.61831474766372,23.687725219877464,23.717334747314453,4867130,0.0,0.0
2003-09-04,23.730024083759382,23.975362012349546,22.84173503345327,23.717334747314453,3673170,0.0,0.0
2003-09-05,23.687726173740575,24.02612193921721,23.539678530594013,23.66234588623047,3419290,0.0,0.0
2003-09-08,23.391628026806686,23.9330628363029,23.34932916347648,23.54813575744629,1283050,0.0,0.0
2003-09-09,23.433933323864185,23.848468401439153,23.264734608544448,23.696189880371094,2046920,0.0,0.0
2003-09-10,23.095532668804463,23.763865726051527,23.095532668804463,23.4423885345459,1886140,0.0,0.0
2003-09-11,23.526990682137534,23.772328652955505,23.395863213374863,23.56083106994629,1791660,0.0,0.0
2003-09-12,23.60313048753307,23.751179767226038,23.378943560704784,23.632740020751953,2394980,0.0,0.0
2003-09-15,23.586203125209483,23.68772264653492,23.180128267103846,23.319717407226562,1509730,0.0,0.0
2003-09-16,23.010937242615412,23.6792687532416,23.010937242615412,23.472002029418945,2816070,0.0,0.0
2003-09-17,23.67927012988506,23.67927012988506,22.934799318443105,23.13360595703125,2295260,0.0,0.0
2003-09-18,23.01093436980371,23.01093436980371,22.26223283991962,22.422969818115234,1904520,0.0,0.0
2003-09-19,22.46527305676549,23.01093719680978,22.334143977139806,22.98978614807129,1692430,0.0,0.0
2003-09-22,23.2647372500249,23.2647372500249,22.33414743730416,22.389137268066406,1996670,0.0,0.0
2003-09-23,22.418740978333705,22.841736091132457,22.342601728942068,22.57524871826172,1917870,0.0,0.0
2003-09-24,22.841742318217122,23.328187475989022,22.50757570074247,23.192829132080078,2573950,0.0,0.0
2003-09-25,23.010933965214328,23.26473037844902,22.516028861728962,22.659847259521484,1979060,0.0,0.0
2003-09-26,22.676770137498092,23.010936691608663,22.439892273774444,22.964406967163086,1480240,0.0,0.0
2003-09-29,23.256273561343285,23.560830591037504,22.672539792295524,22.820589065551758,7300590,0.0,0.0
2003-09-30,22.84173909967596,23.400092593024603,22.84173909967596,23.264734268188477,6394350,0.0,0.0
2003-10-01,23.433931174719998,24.19532209663399,23.30703134306901,23.962675094604492,3936870,0.0,0.0
2003-10-02,23.962675094604492,23.962675094604492,23.962675094604492,23.962675094604492,0,0.0,0.0
2003-10-03,24.576018294607216,24.999013457086505,24.279922971750505,24.910184860229492,6639010,0.0,0.0
2003-10-06,25.16821461465509,27.071693030889506,25.04131637629252,26.547178268432617,5602910,0.0,0.0
2003-10-07,27.07169264079617,27.503146322292068,25.971905772703273,26.17917251586914,13547460,0.0,0.0
2003-10-08,26.479494148467108,26.648692843707764,25.988819868587214,26.24684715270996,5221870,0.0,0.0
2003-10-09,26.597933820467983,26.754441564372986,26.31452624862009,26.589473724365234,2635300,0.0,0.0
2003-10-10,27.494680158753354,27.494680158753354,25.557361920732536,25.83654022216797,7545060,0.0,0.0
2003-10-13,26.090337003380633,26.593700574242877,25.963438800447097,26.111486434936523,5017380,0.0,0.0
2003-10-14,27.90921727339239,27.90921727339239,26.052267485163895,26.204545974731445,5621730,0.0,0.0
2003-10-15,26.394899282344646,26.479497025558477,25.718106041444376,26.30183982849121,2833570,0.0,0.0
2003-10-16,26.35260150750818,26.64869848000576,26.225703266037414,26.542949676513672,2659570,0.0,0.0
2003-10-17,26.521798247415898,27.494686843783924,26.521798247415898,26.77559471130371,7406450,0.0,0.0
2003-10-20,26.81789663333855,27.23666098253119,26.445660401257246,26.64023780822754,4478600,0.0,0.0
2003-10-21,26.39489917768224,26.69099450495359,26.064961848782218,26.31875991821289,2810700,0.0,0.0
2003-10-22,26.141100396824246,26.471037716745062,25.2951100822759,25.455848693847656,1994040,0.0,0.0
2003-10-23,25.62504604152517,25.718103873937224,25.155521183706515,25.358558654785156,2286040,0.0,0.0
2003-10-24,25.464308534391154,26.17494052054893,25.041313381373357,26.04804229736328,1400430,0.0,0.0
2003-10-27,25.925372552799423,26.59793489084967,25.379708434200495,25.46430778503418,2667670,0.0,0.0
2003-10-28,25.641965989130696,26.597935948445617,25.481228991113667,26.386438369750977,4345450,0.0,0.0
2003-10-29,26.51333615892755,26.89403243976667,26.47526653084364,26.792512893676758,3729360,0.0,0.0
2003-10-30,26.437195216830887,27.071687902034828,26.437195216830887,26.868650436401367,3506620,0.0,0.0
2003-10-31,27.15628834295733,27.15628834295733,26.246849704998866,26.737524032592773,3189520,0.0,0.0
2003-11-03,27.113989986285183,27.32548757311611,26.817894655600714,27.02939224243164,3496600,0.0,0.0
2003-11-04,27.240891146086287,27.240891146086287,25.98882414518745,26.2130126953125,3207200,0.0,0.0
2003-11-05,26.445654817679145,26.466804250736875,26.056498472304064,26.174938201904297,1800720,0.0,0.0
2003-11-06,25.971901493545,26.22569792479724,25.641964196599055,26.04380989074707,2621580,0.0,0.0
2003-11-07,26.200319884296412,26.225700175038686,25.591207428868394,25.823854446411133,4526090,0.0,0.0
2003-11-10,26.619083982100136,26.619083982100136,25.72233474745629,26.132638931274414,1425330,0.0,0.0
2003-11-11,26.310301448606037,26.48795865595768,25.764637259856947,25.933835983276367,2135680,0.0,0.0
2003-11-12,26.05650038591337,26.05650038591337,25.16821122346572,25.29088020324707,3548340,0.0,0.0
2003-11-13,25.675806787484746,25.76040614303728,25.210511138745062,25.328950881958008,1315810,0.0,0.0
2003-11-14,22.461040302631858,25.633503713376378,22.461040302631858,25.16398048400879,1369400,0.0,0.0
2003-11-17,25.295107293516025,25.802701749002956,25.17666917888845,25.7265625,1326600,0.0,0.0
2003-11-18,26.039581172028015,26.039581172028015,25.468536769852914,25.62081527709961,2894460,0.0,0.0
2003-11-19,25.299347561859218,25.548914834541755,24.87212143753203,25.35433578491211,5242700,0.0,0.0
2003-11-20,25.295109755625127,25.52775676640192,24.91441508715359,25.24011993408203,1540060,0.0,0.0
2003-11-21,24.91441134270915,25.80270038257151,24.91441134270915,25.6292724609375,2007170,0.0,0.0
2003-11-24,26.141099101126883,26.141099101126883,25.506606396664587,25.62081527709961,4352260,0.0,0.0
2003-11-25,25.48122467311452,25.88306871365985,25.476993818642438,25.59966278076172,3807850,0.0,0.0
2003-11-26,25.59966278076172,25.59966278076172,25.59966278076172,25.59966278076172,0,0.0,0.0
2003-11-27,25.92960469583591,26.183402776737857,25.379711274279572,25.51930046081543,4049520,0.0,0.0
2003-11-28,25.718100888408912,26.052267393382866,25.379705142561072,25.59966278076172,4805640,0.0,0.0
2003-12-01,25.971900494591786,26.597933066053567,25.71810245950298,26.331445693969727,10441790,0.0,0.0
2003-12-02,26.648693821521825,27.06322886511369,26.39489738294669,26.906721115112305,6617120,0.0,0.0
2003-12-03,27.063232087916724,28.00228031334923,27.063232087916724,27.824623107910156,9210140,0.0,0.0
2003-12-04,27.892303359069626,28.416816481609942,27.66388557331889,28.294147491455078,8401230,0.0,0.0
2003-12-05,28.42527252373,28.42527252373,27.494684493297147,27.773862838745117,4116670,0.0,0.0
2003-12-08,27.706184450394634,28.16302002196662,27.11822140496661,27.64273452758789,2160370,0.0,0.0
2003-12-09,28.332220024950942,28.497187895409738,27.964213037744333,28.129180908203125,3595800,0.0,0.0
2003-12-10,28.17147778056544,29.08514890019315,27.59197646093211,28.79751205444336,7244070,0.0,0.0
2003-12-11,28.763677070103352,29.77886631801712,28.59447832425145,29.647735595703125,7095160,0.0,0.0
2003-12-12,29.694258691499883,31.081685515482086,29.275494390235323,30.679838180541992,7975320,0.0,0.0
2003-12-15,30.954786263890956,30.963244747213377,29.7238687862729,29.91844940185547,1457270,0.0,0.0
2003-12-16,30.108807749915925,30.861738921750124,29.994600430663947,30.438743591308594,3785920,0.0,0.0
2003-12-17,30.371057654661037,30.54025315849524,30.049580388420782,30.400667190551758,4227940,0.0,0.0
2003-12-18,30.455652695015925,30.52333347228167,29.740789814332622,30.049577713012695,2544680,0.0,0.0
2003-12-19,29.893068689583874,30.455653055271053,29.893068689583874,30.31183624267578,2794700,0.0,0.0
2003-12-22,30.117256303684492,30.53179301076744,30.117256303684492,30.413354873657227,2001010,0.0,0.0
2003-12-23,30.371056677860448,30.878649627432484,29.694261775501374,29.816930770874023,1749160,0.0,0.0
2003-12-24,30.151098621805502,30.514874767450642,29.787322476160362,30.45988655090332,2101190,0.0,0.0
2003-12-25,30.45988655090332,30.45988655090332,30.45988655090332,30.45988655090332,0,0.0,0.0
2003-12-26,30.455649730375587,30.874414010553153,30.03265459523148,30.33721160888672,1384380,0.0,0.0
2003-12-29,30.62484892886073,32.574856791823386,30.62484892886073,32.13071060180664,3972870,0.0,0.0
2003-12-30,32.23223675120336,32.46488542952527,30.878653242414913,31.136680603027344,10495030,0.0,0.0
2003-12-31,31.301642628987917,31.936135384980915,30.722138083390043,30.88710594177246,2219200,0.0,0.0
2004-01-01,30.709448270495766,31.132443434627106,30.413352946482625,31.01823616027832,1888540,0.0,0.0
2004-01-02,31.623120657355116,31.733097080910326,30.320294724434028,30.696760177612305,4609750,0.0,0.0
2004-01-05,31.132450885604634,31.428549507680508,30.667156739139994,30.89557456970215,2932510,0.0,0.0
2004-01-06,30.476799362604662,31.504677622355874,30.371050583729833,30.582548141479492,4383810,0.0,0.0
2004-01-07,30.709443129633307,31.30163690572138,30.227228981423586,30.53178596496582,3860850,0.0,0.0
2004-01-08,30.582544581599876,30.79404211473073,29.876140368273678,30.595233917236328,6448740,0.0,0.0
2004-01-09,30.925178980023944,32.655227779380695,30.709450526851306,31.170516967773438,9877340,0.0,0.0
2004-01-12,31.00554416388189,31.233958692999554,30.713676492947396,30.87018585205078,5868760,0.0,0.0
2004-01-13,30.878644334641663,31.014002646472772,30.629078758251723,30.87018585205078,6436600,0.0,0.0
2004-01-14,30.971704622199972,31.23819039822235,30.709446473989754,31.11129379272461,6888360,0.0,0.0
2004-01-15,31.386237296856123,34.0934067692699,31.386237296856123,32.57485580444336,15046910,0.0,0.0
2004-01-16,32.7440593983151,33.88191427157078,31.479301449241717,32.28722381591797,8878340,0.0,0.0
2004-01-19,32.56216619848617,32.56216619848617,31.132440608120596,31.288949966430664,6200880,0.0,0.0
2004-01-20,31.386237038117887,32.21953795215296,31.132440608120596,31.288949966430664,7097170,0.0,0.0
2004-01-21,31.301640913973127,31.382011024698485,30.49794948831012,31.229732513427734,6635930,0.0,0.0
2004-01-22,31.936139077121986,31.961517757592684,30.81097024402558,31.030929565429688,5103940,0.0,0.0
2004-01-23,29.778863511231137,31.585051642925244,25.426242401112393,30.8659610748291,2727250,0.0,0.0
2004-01-26,30.8659610748291,30.8659610748291,30.8659610748291,30.8659610748291,0,0.0,0.0
2004-01-27,30.861722539055684,31.46660566957771,30.464106106808654,30.92940330505371,3548580,0.0,0.0
2004-01-28,34.410654158934555,34.410654158934555,30.201853786586234,30.472570419311523,3374600,0.0,0.0
2004-01-29,30.455659392953052,31.707725002955165,29.207824639259787,30.11726188659668,4074860,0.0,0.0
2004-01-30,29.86345066649264,29.86345066649264,28.38296795272831,29.18242835998535,2386790,0.0,0.0
2004-02-02,29.18242835998535,29.18242835998535,29.18242835998535,29.18242835998535,0,0.0,0.0
2004-02-03,28.763667765341836,29.774625830095033,27.917677536949427,28.48448944091797,6278270,0.0,0.0
2004-02-04,28.06995570377478,29.939593311850796,27.536980962585076,29.605426788330078,2923020,0.0,0.0
2004-02-05,29.461619219118028,30.4556573913116,29.1951301515376,30.180709838867188,2960280,0.0,0.0
2004-02-06,30.32875535002808,30.455655204258093,29.20782062218479,30.01150894165039,3799950,0.0,0.0
2004-02-09,30.413350994365036,31.090142568095096,30.299140500149996,30.815195083618164,4139230,0.0,0.0
2004-02-10,31.132447342541745,31.796549704501818,31.0478495899751,31.542753219604492,3405280,0.0,0.0
2004-02-11,31.766936100354606,31.93613481101794,31.428541906224925,31.686569213867188,2749150,0.0,0.0
2004-02-12,31.93613481101794,32.31683110321119,31.390470663407108,31.686569213867188,2470480,0.0,0.0
2004-02-13,31.64003653917038,31.783853332153665,31.157822356396217,31.707714080810547,1801760,0.0,0.0
2004-02-16,32.134944791965545,32.156092614944086,31.64004119894688,31.9953556060791,2377020,0.0,0.0
2004-02-17,31.73732330365254,32.43526589635306,31.606195849294277,32.20684814453125,2967490,0.0,0.0
2004-02-18,31.82192709536715,32.435268782413814,31.72886764443385,32.09264373779297,1444770,0.0,0.0
2004-02-19,32.18569740873324,32.18992826358471,31.56812491548206,31.707714080810547,1669630,0.0,0.0
2004-02-20,31.640036855689594,31.71194525290059,30.151092198350685,30.87018585205078,4829670,0.0,0.0
2004-02-23,30.125710599057214,31.255106706316436,29.948053437123576,31.064760208129883,1362030,0.0,0.0
2004-02-24,30.963237367185815,31.640032050758407,30.667142113519972,31.432762145996094,2490590,0.0,0.0
2004-02-25,31.673884308923327,31.673884308923327,30.50218884382251,30.89557456970215,1626460,0.0,0.0
2004-02-26,30.709442133789757,31.470834567954963,30.709442133789757,31.22126579284668,4045420,0.0,0.0
2004-02-27,31.297411811448377,31.936135423534232,30.815197574487332,31.69502830505371,2953400,0.0,0.0
2004-03-01,31.88537040262612,32.486025914747266,31.513135865601733,32.024959564208984,2236410,0.0,0.0
2004-03-02,32.024959564208984,32.024959564208984,32.024959564208984,32.024959564208984,0,0.0,0.0
2004-03-03,32.18570166409792,33.839614365254334,31.90229566831622,33.16282272338867,5833560,0.0,0.0
2004-03-04,33.13744853087249,33.13744853087249,31.914992435576398,32.418357849121094,2620760,0.0,0.0
2004-03-05,32.56217032154036,32.811735928265534,32.105334753382245,32.35490036010742,2148750,0.0,0.0
2004-03-08,32.61292408352788,33.20088705976543,31.982662239462538,32.1391716003418,2916670,0.0,0.0
2004-03-09,32.7948109460176,32.7948109460176,31.50044691906814,31.728864669799805,1076020,0.0,0.0
2004-03-10,31.724643911186835,32.147639163335995,31.301648659037674,32.003822326660156,2365520,0.0,0.0
2004-03-11,31.936136372490594,32.14763396436139,31.49199013868306,31.809236526489258,2198200,0.0,0.0
2004-03-12,31.648496000011004,31.76693412194003,30.442960505809467,31.035154342651367,3105850,0.0,0.0
2004-03-15,31.597735094332126,31.597735094332126,30.476800575409356,30.59946632385254,2148750,0.0,0.0
2004-03-16,29.922680533347755,30.827890033089705,29.313569619710407,30.400667190551758,3139840,0.0,0.0
2004-03-17,30.286457030744213,30.878650982701256,29.723872615025154,30.39643669128418,2231590,0.0,0.0
2004-03-18,30.371043643089298,30.540239068865798,29.44045266533912,30.062255859375,1508680,0.0,0.0
2004-03-19,29.69426553455089,30.28645953548333,29.63081882822051,29.92691421508789,1873370,0.0,0.0
2004-03-22,30.265304308277987,30.265304308277987,28.353364420843054,28.666379928588867,1968480,0.0,0.0
2004-03-23,28.657922530519787,29.398164071898528,28.42527389806481,29.18666648864746,1833440,0.0,0.0
2004-03-24,29.605432493305294,31.284723916726062,28.94133017299805,30.256845474243164,1613800,0.0,0.0
2004-03-25,30.455658376366493,30.87019514645624,30.244160748752837,30.70099639892578,2351290,0.0,0.0
2004-03-26,30.79404971051224,31.986895962514552,30.62908185215425,31.64849853515625,2113300,0.0,0.0
2004-03-29,31.8938374145397,32.13071368410049,31.305874368881927,31.982666015625,1634710,0.0,0.0
2004-03-30,31.809233800077727,31.89383476589307,30.688299240996994,31.229732513427734,2111730,0.0,0.0
2004-03-31,31.59773537747196,32.30836733524563,30.920943805115318,32.0418815612793,2877900,0.0,0.0
2004-04-01,32.350676194084905,32.65523004492007,31.132447881954423,32.51564407348633,3735800,0.0,0.0
2004-04-02,32.739825290993274,33.16282044145263,32.41411721790932,32.90056228637695,2289410,0.0,0.0
2004-04-05,33.08668100254145,33.83961184984909,32.27453109267232,32.71444320678711,3485000,0.0,0.0
2004-04-06,33.196659022276016,33.260105709636214,32.15608816881486,32.325286865234375,1560700,0.0,0.0
2004-04-07,32.57061613145522,32.71866374115902,32.147621116760995,32.2110710144043,800870,0.0,0.0
2004-04-08,31.978428599544376,33.112055585464994,31.805002288394963,32.18992614746094,2888270,0.0,0.0
2004-04-09,32.18992614746094,32.18992614746094,32.18992614746094,32.18992614746094,0,0.0,0.0
2004-04-12,32.46065236835637,32.46065236835637,31.47507595571896,31.758481979370117,1238060,0.0,0.0
2004-04-13,31.868454557098406,32.486030345199886,31.74155794242319,32.36336135864258,1539480,0.0,0.0
2004-04-14,32.36336135864258,32.36336135864258,32.36336135864258,32.36336135864258,0,0.0,0.0
2004-04-15,32.57062471727685,32.655222451637854,31.97843089515975,32.23222732543945,2232240,0.0,0.0
2004-04-16,32.47756843493424,32.98093371681715,31.89806712103242,32.02073287963867,1685640,0.0,0.0
2004-04-19,32.14340735883666,32.21531900225056,31.66965475581376,32.00804901123047,2619180,0.0,0.0
2004-04-20,31.978430701764584,32.2110793106454,31.618885492109694,31.707714080810547,1858040,0.0,0.0
2004-04-21,31.893834853645448,31.893834853645448,31.398931304252258,31.551206588745117,4414060,0.0,0.0
2004-04-22,31.72463442356837,32.063031814965115,31.322790345081852,31.737323760986328,3392040,0.0,0.0
2004-04-23,32.05457099227414,32.549474528450155,31.597735469405453,32.13494110107422,3049640,0.0,0.0
2004-04-26,32.13494110107422,32.13494110107422,32.13494110107422,32.13494110107422,0,0.0,0.0
2004-04-27,31.73732636121474,32.55793800490642,31.31010034569313,32.21531295776367,3092710,0.0,0.0
2004-04-28,32.31682913922397,32.570625576196534,31.809233038082052,32.13494110107422,1925590,0.0,0.0
2004-04-29,32.14763118395068,32.570626331107924,31.38623862818889,32.282989501953125,2065980,0.0,0.0
2004-04-30,32.31683259715376,32.39297185911218,31.766937568876628,31.982666015625,1177950,0.0,0.0
2004-05-03,31.724647664375322,32.101113225150065,31.559679754696415,31.95729637145996,966450,0.0,0.0
2004-05-04,32.134944413494566,32.570628933526564,31.737327910693892,31.843076705932617,1093670,0.0,0.0
2004-05-05,32.02073342879029,33.416618795955884,31.893836812718824,32.359130859375,3225680,0.0,0.0
2004-05-06,32.786032087611126,33.554452729930425,32.53842846927511,32.687843322753906,2715640,0.35,0.0
2004-05-07,32.7006581815546,32.8714194534923,31.59071479946013,32.0517692565918,1581760,0.0,0.0
2004-05-10,31.43275543980509,33.1275548710287,31.428488769958093,32.59819793701172,1270830,0.0,0.0
2004-05-11,31.940762249205033,32.08164049125946,31.59070323552379,31.75719451904297,2034810,0.0,0.0
2004-05-12,31.676095099570073,32.000541203791684,30.1477899587114,31.372995376586914,2814420,0.0,0.0
2004-05-13,31.1638091939893,32.43597708457733,29.97702355676285,31.49679183959961,2546280,0.0,0.0
2004-05-14,31.121119355067066,31.761471591768036,28.602399905976608,30.10936164855957,3872230,0.0,0.0
2004-05-17,29.883104101634384,29.883104101634384,21.870162992104714,23.8936767578125,2610730,0.0,0.0
2004-05-18,23.906477834994025,30.73690007356375,23.483844742442717,30.062395095825195,5613240,0.0,0.0
2004-05-19,30.31000090196017,31.582168570079908,29.13175206761429,30.15204620361328,2476020,0.0,0.0
2004-05-20,30.310003150569788,30.736904603394713,29.456200244919934,30.258773803710938,2281360,0.0,0.0
2004-05-21,29.481813439121854,31.07842722581077,28.93965002436894,30.933279037475586,1734860,0.0,0.0
2004-05-24,30.82655662146093,31.744395488848276,30.822286694542868,31.49679183959961,1195540,0.0,0.0
2004-05-25,30.997316077980493,31.620591834963605,30.90766715988701,31.530942916870117,1554950,0.0,0.0
2004-05-26,31.970647704858965,32.42743210286044,31.33456548865117,31.52239990234375,1877400,0.0,0.0
2004-05-27,30.920464991666712,32.35912371744977,30.818009579358364,31.932222366333008,3141350,0.0,0.0
2004-05-28,31.680359613077076,32.26948250477224,31.176615717743555,31.49679183959961,2759970,0.0,0.0
2004-05-31,31.01439031124077,31.249184149372958,29.71660954096633,29.989826202392578,3324140,0.0,0.0
2004-06-01,30.395385176662693,30.651528679561483,29.712343435265765,30.006906509399414,2645700,0.0,0.0
2004-06-02,30.224620963546617,30.73690134991211,29.883098534636776,30.467954635620117,1861010,0.0,0.0
2004-06-03,30.736911461836392,30.873519826942317,29.81053588418057,29.95568084716797,1903140,0.0,0.0
2004-06-04,29.88310517311298,30.56614692566985,29.541582668334552,30.3911190032959,1351180,0.0,0.0
2004-06-07,30.736900775288788,31.496784745558003,30.399648278720022,30.67286491394043,5001720,0.0,0.0
2004-06-08,30.90339725622856,31.4199476458184,30.75398239262815,31.11684799194336,1620610,0.0,0.0
2004-06-09,31.07416000903854,31.761471672061777,30.916205284399688,31.616323471069336,1221340,0.0,0.0
2004-06-10,31.590699506746578,33.4690660747637,31.590699506746578,32.35912322998047,6899450,0.0,0.0
2004-06-11,32.40182646882608,32.858610971281855,30.493576126837876,30.736909866333008,2918060,0.0,0.0
2004-06-14,30.90766109206476,31.33456247936676,30.331344870606877,30.800935745239258,4321370,0.0,0.0
2004-06-15,30.993051408249183,31.419952951770526,30.587496244704035,31.180889129638672,2983050,0.0,0.0
2004-06-16,31.48397757374089,31.67608189681491,31.249180505984526,31.475440979003906,2259150,0.0,0.0
2004-06-17,31.42848081558484,32.09444592715093,31.35163843678883,32.021873474121094,2428770,0.0,0.0
2004-06-18,32.18836917291427,32.27374815796995,31.697431866345386,32.009071350097656,1606640,0.0,0.0
2004-06-21,32.01760493170212,32.444506330791484,31.846843720666534,32.24386215209961,1238320,0.0,0.0
2004-06-22,32.03895900077343,32.42316774664815,31.765742300284757,32.08591842651367,2066160,0.0,0.0
2004-06-23,32.32925463303056,32.44024668693383,30.907671741805604,31.159542083740234,2808510,0.0,0.0
2004-06-24,31.530941680071553,33.37515583265496,30.736904714389848,32.55977249145508,3581000,0.0,0.0
2004-06-25,32.02187583298446,32.3420518920535,30.523450964581563,31.368717193603516,5846690,0.0,0.0
2004-06-28,31.334568392221275,31.676087612308322,30.694216190433373,31.458370208740234,2825650,0.0,0.0
2004-06-29,31.50533434840964,31.740128236690342,31.24919082373947,31.55229377746582,2200540,0.0,0.0
2004-06-30,31.590707038688894,31.63339653193586,31.163805592220125,31.565093994140625,1477580,0.0,0.0
2004-07-01,31.590701870423278,31.936490943251734,31.351638141751653,31.727310180664062,1615080,0.0,0.0
2004-07-02,31.586435723669812,31.586435723669812,30.929007134169662,31.12111473083496,2077180,0.0,0.0
2004-07-05,29.883100442127176,30.907664537257144,29.123216409147286,30.86924171447754,5538590,0.0,0.0
2004-07-06,30.736907836848232,31.419949581822646,30.395385335861047,31.326030731201172,2900680,0.0,0.0
2004-07-07,31.078429935920646,31.761471672061777,31.078429935920646,31.616323471069336,2483910,0.0,0.0
2004-07-08,31.26199422573673,31.970648930237214,30.736904015721684,31.099769592285156,3056730,0.0,0.0
2004-07-09,30.651523700633117,31.757196831011402,30.45087950922099,31.483980178833008,2792590,0.0,0.0
2004-07-12,31.59071495688553,31.83831863957905,31.163813403414107,31.44556999206543,1984440,0.0,0.0
2004-07-13,31.590701400984948,31.590701400984948,30.736898660417786,31.18941307067871,1422670,0.0,0.0
2004-07-14,31.505334541362664,31.838317217072962,31.031473577621014,31.159542083740234,2579530,0.0,0.0
2004-07-15,31.419952280282953,31.590713545442146,31.091239531876695,31.159542083740234,1165170,0.0,0.0
2004-07-16,31.249177281713372,31.41140187797013,30.724090449089655,31.25771713256836,1314910,0.0,0.0
2004-07-19,31.496790496898047,31.577902819883757,31.16380786548272,31.274803161621094,1091080,0.0,0.0
2004-07-20,31.2491727258394,31.676074010383648,30.954613054262733,31.5949649810791,1499600,0.0,0.0
2004-07-21,31.718775733941477,32.017605415015254,31.334563817561445,31.60778045654297,3870840,0.0,0.0
2004-07-22,31.983451676198253,32.00906797461322,31.41994196605645,31.54801368713379,2790700,0.0,0.0
2004-07-23,31.462632149681006,31.676082851529586,31.12111298092282,31.556550979614258,1619370,0.0,0.0
2004-07-26,31.505328052916237,32.102987472386545,31.163805592933578,31.979188919067383,2681380,0.0,0.0
2004-07-27,31.761469994196247,32.09872254606859,31.33456852453501,31.910884857177734,5579680,0.0,0.0
2004-07-28,31.932228903575577,31.932228903575577,31.424215149505212,31.770004272460938,2709200,0.0,0.0
2004-07-29,31.676087616852488,32.401822066516054,31.513866231562847,32.08164596557617,3300850,0.0,0.0
2004-07-30,32.10298193886543,32.188364167643726,31.633391080081303,32.0346794128418,2611440,0.0,0.0
2004-08-02,32.017607844183104,32.017607844183104,31.594976332599742,31.752927780151367,1122990,0.0,0.0
2004-08-03,31.75293170730683,31.761471561041194,31.035737072615582,31.163808822631836,3579370,0.0,0.0
2004-08-04,31.163804424860857,31.483980497719017,30.745439589913108,31.176610946655273,1223400,0.0,0.0
2004-08-05,31.24491414775306,32.01333470468792,31.185148213002545,31.75719451904297,1315230,0.0,0.0
2004-08-06,31.4284883471564,31.590709738156722,30.82228576605027,31.38579559326172,1337380,0.0,0.0
2004-08-09,31.419945808701474,31.735851967128486,31.163805592220125,31.565093994140625,898980,0.0,0.0
2004-08-10,31.633395825149506,32.06029726208,31.577899810868356,31.940765380859375,1948970,0.0,0.0
2004-08-11,31.680350307110164,32.145674494493946,31.42848006192917,31.966373443603516,2252070,0.0,0.0
2004-08-12,31.701699422808225,31.923686721557814,31.445559229789694,31.65900993347168,843760,0.0,0.0
2004-08-13,31.67608930869706,31.75293170730683,30.99731750181064,31.163808822631836,732310,0.0,0.0
2004-08-16,31.035740764115545,31.193695506989965,30.788140345366834,30.90340232849121,857150,0.0,0.0
2004-08-17,31.317486823626428,31.573627011073917,30.826549564435883,31.048540115356445,7318960,0.0,0.0
2004-08-18,31.078423772009348,31.16380275071846,30.736901343174374,30.864973068237305,2082250,0.0,0.0
2004-08-19,31.505334873412597,31.505334873412597,30.736910800597553,30.8479061126709,4262170,0.0,0.0
2004-08-20,30.847902491163467,31.035736931466506,30.408194478840606,30.472227096557617,579090,0.0,0.0
2004-08-23,30.822274817822898,31.249176149133454,30.147773189671213,31.095491409301758,873800,0.0,0.0
2004-08-24,31.163801376772398,32.14140594778775,30.920467715480303,31.996257781982422,1284600,0.0,0.0
2004-08-25,32.00906755952337,32.1883653611072,31.680351666287223,31.996257781982422,1212030,0.0,0.0
2004-08-26,32.00907384386604,32.60673329981732,31.770006804485767,32.397552490234375,2649920,0.0,0.0
2004-08-27,32.35058713582085,32.39754654974927,31.50532419910773,31.54801368713379,735030,0.0,0.0
2004-08-30,31.59070810645518,31.919420798266813,31.419946870696027,31.697433471679688,582610,0.0,0.0
2004-08-31,31.419933847658413,31.590695012639912,31.210753130480192,31.390050888061523,1315590,0.0,0.0
2004-09-01,31.41994998265952,31.612057613290588,31.266265180954665,31.466909408569336,1061830,0.0,0.0
2004-09-02,31.355917201525887,31.915160440665503,31.351650531112835,31.667556762695312,705700,0.0,0.0
2004-09-03,31.718775733941477,31.816961233294613,31.424212721883578,31.60778045654297,1086940,0.0,0.0
2004-09-06,31.67608923888503,32.27375197597718,31.526674368861965,32.20117950439453,1438940,0.0,0.0
2004-09-07,32.4274366901353,32.87141462921402,32.06884100299473,32.59819793701172,3505010,0.0,0.0
2004-09-08,32.623802347214315,34.181993019818826,31.76146300143539,33.64409637451172,15073640,0.0,0.0
2004-09-09,34.066736841785406,34.44240894337969,32.316438299972205,32.60673141479492,16423720,0.0,0.0
2004-09-10,32.70065037331043,33.6996014585667,32.63661450449921,33.26416015625,8138220,0.0,0.0
2004-09-13,32.871400554702554,33.72520316651301,32.7860215963209,33.16169357299805,3984790,0.0,0.0
2004-09-14,33.2897736977064,33.72521170691856,32.8714088788953,33.409305572509766,3330710,0.0,0.0
2004-09-15,33.58860319323623,34.211878863300186,33.473341245189864,33.73801803588867,7919560,0.0,0.0
2004-09-16,33.97282161948767,34.10942996706767,33.69533499743457,33.76363754272461,3057140,0.0,0.0
2004-09-17,33.55445666460976,34.732705696063206,33.55445666460976,34.399723052978516,6213920,0.0,0.0
2004-09-20,34.4082551330626,35.00591779560701,33.759366382614054,34.58328628540039,6422750,0.0,0.0
2004-09-21,35.41148165469662,35.41148165469662,34.280195172444344,34.681480407714844,4864740,0.0,0.0
2004-09-22,34.91200337112972,35.334634934754575,34.49364173436973,35.19375991821289,8902480,0.0,0.0
2004-09-23,35.17667790515253,35.57796302799644,34.85223191172605,35.040069580078125,5403210,0.0,0.0
2004-09-24,34.83516032712715,35.21510238606335,34.28445702375898,34.549137115478516,6757340,0.0,0.0
2004-09-27,34.579019089091105,34.664398080338344,33.6996031026455,34.019779205322266,7345740,0.0,0.0
2004-09-28,34.15638303399566,34.91199710342819,34.15638303399566,34.58755111694336,7246110,0.0,0.0
2004-09-29,33.83194298504924,35.00592207916767,33.83194298504924,34.50217819213867,4756170,0.0,0.0
2004-09-30,34.8351602666667,34.86931316689378,34.15211854712418,34.322879791259766,3812440,0.0,0.0
2004-10-01,34.988841602684126,35.364513697054264,34.60462965560131,35.06995391845703,6751800,0.0,0.0
2004-10-04,35.50966839097243,35.7572720530468,35.11691977616488,35.5267448425293,5174650,0.0,0.0
2004-10-05,35.60358283771223,35.748727772474034,35.33036616063144,35.539546966552734,3507710,0.0,0.0
2004-10-06,35.680418348948876,35.693224869310455,35.091292356323606,35.185211181640625,2211150,0.0,0.0
2004-10-07,35.599312596797596,35.599312596797596,34.62170785959298,35.01872634887695,1437410,0.0,0.0
2004-10-08,35.17668481121232,35.17668481121232,34.79247280369786,34.98457717895508,2125530,0.0,0.0
2004-10-11,34.835156360385085,35.16387228846011,34.74977737639128,34.9119987487793,1144770,0.0,0.0
2004-10-12,34.877842997023215,34.91199589062452,34.25030067634514,34.433868408203125,910450,0.0,0.0
2004-10-13,34.433868408203125,34.433868408203125,34.433868408203125,34.433868408203125,0,0.0,0.0
2004-10-14,34.532051852704285,34.55766489288265,33.82339726611112,34.1777229309082,1573840,0.0,0.0
2004-10-15,34.749786217888726,34.82662862583419,34.27165531767246,34.681480407714844,2399120,0.0,0.0
2004-10-18,34.988839854453644,35.07848876146038,34.67293371685859,34.91626739501953,1970570,0.0,0.0
2004-10-19,34.92054385631245,35.59077907822089,34.88639095477572,35.40721130371094,4022360,0.0,0.0
2004-10-20,35.424278454184474,35.552346915824145,34.92053468827058,35.08275604248047,1949310,0.0,0.0
2004-10-21,35.168147279021774,35.168147279021774,34.17346917784168,34.4680290222168,2820280,0.0,0.0
2004-10-22,34.4680290222168,34.4680290222168,34.4680290222168,34.4680290222168,0,0.0,0.0
2004-10-25,34.79247280369786,35.17668481121232,34.5960985014127,34.98457717895508,3238040,0.0,0.0
2004-10-26,34.74978242087849,35.198027037415045,34.463759200278986,34.9205436706543,1458970,0.0,0.0
2004-10-27,35.25352404726559,36.1158635804788,35.005920413877746,35.62919616699219,4148340,0.0,0.0
2004-10-28,36.056102407429954,36.28662962174932,35.3175645931662,35.513938903808594,4380460,0.0,0.0
2004-10-29,35.095567529475424,35.663347235057756,35.095567529475424,35.44135665893555,2521220,0.0,0.0
2004-11-01,36.1158576192527,36.1158576192527,35.535271457415135,35.987789154052734,5515780,0.0,0.0
2004-11-02,35.7743332004044,36.107315720813624,35.475500311499644,35.92374801635742,2755500,0.0,0.0
2004-11-03,35.96644396660074,36.67083194791029,35.96644396660074,36.538490295410156,4186150,0.0,0.0
2004-11-04,37.055047548991546,37.055047548991546,36.22258775861581,36.2908935546875,1834920,0.0,0.0
2004-11-05,36.67083376168375,37.20873047945219,36.44884319250972,36.931243896484375,2471720,0.0,0.0
2004-11-08,37.311190998085635,38.758386793306705,37.05931742453099,38.60470199584961,6675380,0.0,0.0
2004-11-09,38.856572311390735,39.36031620148698,38.250372975325725,39.03587341308594,3828210,0.0,0.0
2004-11-10,39.215170983572435,40.72640264329403,39.215170983572435,40.41903305053711,5799340,0.0,0.0
2004-11-11,40.23973186652471,40.55136810325454,39.72318149930161,39.94089889526367,2549730,0.0,0.0
2004-11-12,40.29949722057706,40.44891207552473,39.800023309609315,39.953704833984375,335930,0.0,0.0
2004-11-15,39.953704833984375,39.953704833984375,39.953704833984375,39.953704833984375,0,0.0,0.0
2004-11-16,40.128735180170665,41.742422095019315,40.000663445944795,41.32832717895508,5482870,0.0,0.0
2004-11-17,41.409436543060835,41.575927831488464,41.08926048731552,41.21306228637695,4454830,0.0,0.0
2004-11-18,41.40944112669,41.49482011487301,40.47025922867832,40.8245849609375,5061750,0.0,0.0
2004-11-19,41.1106062797373,42.00709857175977,40.91422876882834,41.225868225097656,5839780,0.0,0.0
2004-11-22,41.396623156927205,41.49054197215732,40.15860862861871,41.25574493408203,5222000,0.0,0.0
2004-11-23,41.49481679140629,41.66557801109508,41.067915370684005,41.605812072753906,1806510,0.0,0.0
2004-11-24,41.58019864175805,41.58019864175805,41.09353128723578,41.2899055480957,1834910,0.0,0.0
2004-11-25,41.66557863419009,42.86090393288793,41.328326115936065,42.61330032348633,4319670,0.0,0.0
2004-11-26,42.61330032348633,42.61330032348633,42.61330032348633,42.61330032348633,0,0.0,0.0
2004-11-29,41.516165601829094,43.065816677480356,36.64521854215188,42.59622573852539,2695870,0.0,0.0
2004-11-30,42.86090781363065,42.946286803982616,42.26324511016772,42.408390045166016,3079190,0.0,0.0
2004-12-01,42.61330141955657,42.860905035326866,41.12341631259307,41.32832717895508,4679460,0.0,0.0
2004-12-02,42.24616320390459,42.263239651169215,41.40943682993347,41.699729919433594,5642400,0.0,0.0
2004-12-03,41.83635213965198,42.2632536920974,40.7434852076318,41.21734619140625,5830630,0.0,0.0
2004-12-06,41.217339556153625,41.917457728897624,40.55564095358467,40.6922492980957,5796070,0.0,0.0
2004-12-07,40.89715510235723,41.31124672123336,40.89715510235723,41.06791305541992,5271680,0.0,0.0
2004-12-08,42.00283334499742,42.00283334499742,40.05189385156161,40.248268127441406,2017120,0.0,0.0
2004-12-09,40.96545909908923,40.98253554640682,40.55563413446508,40.73493194580078,3331040,0.0,0.0
2004-12-10,40.555641025620076,40.555641025620076,39.6591485596116,39.86405944824219,4702920,0.0,0.0
2004-12-13,40.12873670045015,40.692246489793504,40.04335771239797,40.40622329711914,9780390,0.0,0.0
2004-12-14,40.63674909205964,40.8758128560799,40.47025779111703,40.568443298339844,3387820,0.0,0.0
2004-12-15,40.59832469532605,40.98253662760976,40.29949500188281,40.483062744140625,3448100,0.0,0.0
2004-12-16,40.76909112265004,41.567398058514,40.76909112265004,41.136226654052734,4374890,0.0,0.0
2004-12-17,41.49481977542406,41.631428109599135,40.60259730531177,41.131954193115234,2825060,0.0,0.0
2004-12-20,41.23868108463168,42.26324525742371,41.23868108463168,42.04552459716797,3818170,0.0,0.0
2004-12-21,42.26325194107899,42.43401320638239,41.88330983570406,42.36570739746094,4792920,0.0,0.0
2004-12-22,42.51937924836302,44.39774608007368,41.580197461007316,42.109554290771484,4457640,0.0,0.0
2004-12-23,42.6816124744707,42.69014907120498,41.66558484209608,42.186405181884766,2829850,0.0,0.0
2004-12-24,42.69014172726185,43.11704314453447,42.434001528298154,42.899322509765625,2825330,0.0,0.0
2004-12-27,43.11705329038972,43.28781454888039,42.4553546351134,43.108516693115234,1588660,0.0,0.0
2004-12-28,43.117049284904205,44.39775371910928,43.117049284904205,44.28675842285156,2533890,0.0,0.0
2004-12-29,44.40628682044421,44.739272683008586,43.55675385791347,43.97938537597656,1523230,0.0,0.0
2004-12-30,43.98365579513474,45.24728369407557,43.63359673702951,44.760616302490234,1996390,0.0,0.0
2004-12-31,44.48312739116474,44.8374563572591,44.15014479922043,44.42763137817383,1081150,0.0,0.0
2005-01-03,44.06049277814686,45.06371040934676,44.06049277814686,44.84599304199219,1295580,0.0,0.0
2005-01-04,44.82891887779241,45.33692935115151,43.11704327729827,44.35078811645508,2238060,0.0,0.0
2005-01-05,44.397744030576774,44.397744030576774,41.580195541574604,42.69440841674805,3987870,0.0,0.0
2005-01-06,42.6944166456383,43.52687320385904,40.89716185960809,41.42224884033203,4829510,0.0,0.0
2005-01-07,41.66558509233173,42.15652246099905,41.36675534983854,41.85769271850586,2649000,0.0,0.0
2005-01-10,42.690147962745186,43.37318967874914,41.43078990064413,41.814998626708984,6612870,0.0,0.0
2005-01-11,41.83634072837991,41.985755579581365,40.982537856372154,41.272830963134766,2391110,0.0,0.0
2005-01-12,41.272832839767496,41.5716625557579,40.56417486041937,41.06365203857422,1418790,0.0,0.0
2005-01-13,40.98253879460764,43.37318623955984,40.98253879460764,42.59622573852539,5395920,0.0,0.0
2005-01-14,42.60476972263223,44.56851591222652,42.02845010934923,43.966583251953125,7951920,0.0,0.0
2005-01-17,44.39774957439041,45.166173465977735,43.38599199330035,44.40201950073242,4741790,0.0,0.0
2005-01-18,45.07225026533447,45.07225026533447,42.690139689008014,43.847042083740234,5000060,0.0,0.0
2005-01-19,44.201381375224514,44.82465716979307,43.50553310787056,44.303836822509766,4517460,0.0,0.0
2005-01-20,43.629327233620835,44.48313014040011,42.69014533896349,43.659210205078125,10908070,0.0,0.0
2005-01-24,43.87692135619109,43.87692135619109,41.494810980471705,41.951595306396484,8397760,0.0,0.0
2005-01-25,44.8246505129947,46.054125468831316,42.01563829916716,44.448978424072266,10062480,0.0,0.0
2005-01-27,44.58985171588061,46.78839466547295,44.22698616272444,45.90470886230469,12111540,0.0,0.0
2005-01-28,45.904710697078926,46.85670232839717,45.01675493228873,46.09254837036133,4875880,0.0,0.0
2005-01-31,45.80652727969951,48.66676571637056,45.67845554080395,48.205711364746094,6678540,0.0,0.0
2005-02-01,48.32524527177013,48.56004238389877,46.9805082421235,47.82577133178711,3864030,0.0,0.0
2005-02-02,48.2355914198295,48.2355914198295,47.215297267848726,47.69342803955078,2302470,0.0,0.0
2005-02-03,47.727583640065916,49.093666983771,47.55682240785288,48.96559524536133,4041190,0.0,0.0
2005-02-04,48.666757423929525,49.435181212370146,48.07336476502224,48.423423767089844,1789170,0.0,0.0
2005-02-07,48.261208600005084,49.09366509667058,47.13418907051974,47.96237564086914,1201250,0.0,0.0
2005-02-08,47.64220123646904,49.09366681993666,47.56109217561322,48.70518493652344,1757160,0.0,0.0
2005-02-09,48.837534780810046,50.36584301164469,48.666773520565926,50.212158203125,3017540,0.0,0.0
2005-02-10,50.37437484551135,50.37437484551135,49.10220699684139,49.477882385253906,1707700,0.0,0.0
2005-02-11,49.5162975944037,49.5162975944037,48.49600340345743,49.093666076660156,2430360,0.0,0.0
2005-02-14,48.01787920029502,49.37115609039736,48.01787920029502,48.55150604248047,3129960,0.0,0.0
2005-02-15,49.093662685818146,49.349802883213854,47.821495037053765,48.02640914916992,3171500,0.0,0.0
2005-02-16,48.23985906526479,48.92290066611647,47.55681746441311,47.98371887207031,4369080,0.0,0.0
2005-02-17,47.81296874039151,48.120338346271176,47.39460383083308,47.667823791503906,1507400,0.0,0.0
2005-02-18,47.97945782861333,48.41062924213095,47.812966509363925,48.17156219482422,1616930,0.0,0.0
2005-02-21,48.572842549310586,48.572842549310586,47.322021271233446,47.855648040771484,3108700,0.0,0.0
2005-02-22,47.4714449267434,48.23986892030937,47.4714449267434,47.86419677734375,1732660,0.0,0.0
2005-02-23,47.8129591298362,47.88126492052424,47.30921532300974,47.65073776245117,3099060,0.0,0.0
2005-02-24,48.133139362153464,49.37115424105002,47.73185094962156,49.179046630859375,3356420,0.0,0.0
2005-02-25,49.17478417052594,49.17478417052594,47.992265207398134,48.6795768737793,1620480,0.0,0.0
2005-02-28,49.25161837846088,51.215364274233835,48.77348761184685,50.14384078979492,7445430,0.0,0.0
2005-03-01,50.118225690066964,50.118225690066964,48.93570697213454,49.31138229370117,4230160,0.0,0.0
2005-03-02,49.69132795110679,49.69132795110679,48.666763850228406,49.243080139160156,1960670,0.0,0.0
2005-03-03,49.512022246586746,49.52055884089356,49.0338915404309,49.18757629394531,2311850,0.0,0.0
2005-03-04,49.43518824868313,50.954956338803775,49.277233542743815,50.02431106567383,3281070,0.0,0.0
2005-03-07,50.54513217706874,51.65507529227979,50.28899195925074,51.32636260986328,4052900,0.0,0.0
2005-03-08,51.48430878154806,53.362675614581164,51.48430878154806,52.44056701660156,5478980,0.0,0.0
2005-03-09,52.84612983702647,53.362680190429884,52.103322240735544,53.29010772705078,3192680,0.0,0.0
2005-03-10,52.94858484856788,53.670049321225946,52.274079794662676,52.54302978515625,2286140,0.0,0.0
2005-03-11,52.9357741889467,52.9357741889467,51.75325873087006,52.056358337402344,2609800,0.0,0.0
2005-03-14,52.056360920410015,52.25273518549889,51.31355009424845,51.45869827270508,2439160,0.0,0.0
2005-03-15,51.475775566678415,51.475775566678415,49.69132744667134,50.70735168457031,1237030,0.0,0.0
2005-03-16,50.792742236683864,51.569702841506896,49.862096830291435,50.72870635986328,1844750,0.0,0.0
2005-03-17,50.630501311163265,50.630501311163265,48.752134651034325,48.87166976928711,3770730,0.0,0.0
2005-03-18,48.83753177178648,49.00402309459144,47.99226537700751,48.31671142578125,1568190,0.0,0.0
2005-03-21,48.65823546490136,48.66677206200766,47.47144653312325,47.74466323852539,1503850,0.0,0.0
2005-03-22,46.963428985297476,47.471439491265635,46.57921703250675,47.10857391357422,2122970,0.0,0.0
2005-03-23,46.95916074796049,46.95916074796049,44.65389220529703,45.392433166503906,4119130,0.0,0.0
2005-03-24,51.56969266812282,51.56969266812282,43.373183477050674,44.35078811645508,4205570,0.0,0.0
2005-03-28,45.16617252047666,46.08827791407875,44.94845187958473,45.503421783447266,1043870,0.0,0.0
2005-03-29,45.59307751532942,46.53225943039064,44.828923506320656,45.844947814941406,1633830,0.0,0.0
2005-03-30,45.678459976869306,45.92606362571363,44.91430590978076,45.52904510498047,4288490,0.0,0.0
2005-03-31,46.01143737783572,46.95062251423718,45.69553121941865,46.51945114135742,2229640,0.0,0.0
2005-04-01,46.61763466793921,47.5568197644065,46.19073323963574,47.091495513916016,1679830,0.0,0.0
2005-04-04,47.12992672281732,47.29214812191995,46.126708839182626,47.147003173828125,1266340,0.0,0.0
2005-04-05,47.55681326847857,47.9837146384703,45.853477714171284,46.101078033447266,1920270,0.0,0.0
2005-04-06,45.78517618338343,47.55681768476968,45.78517618338343,47.24517822265625,2126860,0.0,0.0
2005-04-07,47.81296623185055,48.40635903434657,47.68489448378673,48.081912994384766,2544620,0.0,0.0
2005-04-08,48.150220269247,48.239869192836174,45.93460045611481,46.67314147949219,2427150,0.0,0.0
2005-04-11,48.478927893797575,48.478927893797575,46.5365282395175,47.561092376708984,2087170,0.0,0.0
2005-04-12,47.72757586152076,47.80868490942827,46.959152070298074,47.68488311767578,1226360,0.0,0.0
2005-04-13,48.23985956043844,48.96559065810549,47.55681795257546,47.93675994873047,5014430,0.0,0.0
2005-04-15,47.898342585202236,47.95810852913709,45.50769505680884,45.9815559387207,2801830,0.0,0.0
2005-04-18,45.62722334581924,45.62722334581924,44.06476581661911,44.42763137817383,4476620,0.0,0.0
2005-04-19,45.25155353955865,45.678454988045054,44.95699049786317,45.362548828125,2845560,0.0,0.0
2005-04-20,44.58985802569909,46.61764004398889,44.58985802569909,46.169395446777344,3143910,0.0,0.0
2005-04-21,53.981696449251125,53.981696449251125,44.824660055084024,46.5963020324707,1442560,0.0,0.0
2005-04-22,48.06056566828869,48.06056566828869,45.69553126188814,46.122432708740234,1433530,0.0,0.0
2005-04-25,46.532255737869825,46.532255737869825,45.69125940203796,46.10535430908203,1414290,0.0,0.0
2005-04-26,46.18219757501007,46.42126133743883,45.789449034734396,45.99009323120117,1459550,0.0,0.0
2005-04-27,45.34120096236441,46.17366071374655,45.34120096236441,45.88763427734375,1023820,0.0,0.0
2005-04-28,45.849214683154344,46.446877342416954,44.84599696421324,46.09254837036133,2295090,0.0,0.0
2005-04-29,45.79798723819392,46.12670318007297,44.65389121683488,45.6784553527832,2036800,0.0,0.0
2005-05-02,45.67845221454579,46.12670001103968,45.67845221454579,46.084007263183594,1003030,0.0,0.0
2005-05-03,46.019985579440814,46.267585987983885,45.85349424567902,46.130977630615234,2206630,0.0,0.0
2005-05-04,45.6314951085257,46.10535597213258,45.465003805852966,46.03278350830078,747190,0.0,0.0
2005-05-05,46.44687916268867,47.3775244559701,46.44687916268867,46.66459655761719,2677090,0.0,0.0
2005-05-06,46.68167403204261,46.68167403204261,45.8065279926342,46.18647003173828,1448770,0.0,0.0
2005-05-09,38.25036476163601,47.36897891976788,38.25036476163601,46.1266975402832,4351770,0.0,0.0
2005-05-10,46.11389617021796,46.52799112454658,45.67845809621248,46.169395446777344,2217750,0.0,0.0
2005-05-11,45.57172998980941,45.849216584941196,45.08079266873005,45.6784553527832,3011760,0.0,0.0
2005-05-12,45.67844996246557,46.09681476903323,45.0082148923617,45.19605255126953,4252370,0.0,0.0
2005-05-13,44.99540626000686,45.72113730573315,44.99540626000686,45.507686614990234,2676810,0.0,0.0
2005-05-16,46.019982858498025,46.27612310629487,45.635770858302784,46.07120895385742,1187710,0.0,0.0
2005-05-17,47.368982567383874,47.368982567383874,45.67845328523745,45.83213806152344,494240,0.0,0.0
2005-05-18,45.84067418828626,45.849214040770065,45.12347965861949,45.6741828918457,2217250,0.0,0.0
2005-05-19,46.51518583641047,46.53226228680524,46.01998180296147,46.37004089355469,1979140,0.0,0.0
2005-05-20,45.7723704652358,46.44260555984169,45.76383061297368,45.90470886230469,504560,0.0,0.0
2005-05-23,45.9345895008336,47.17260419908732,45.9345895008336,46.95488357543945,1087860,0.0,0.0
2005-05-24,46.96768652748495,47.28786254975748,45.67844584421377,46.66032028198242,711110,0.0,0.0
2005-05-25,46.720090225304965,46.720090225304965,45.86201749995007,46.1266975402832,1429890,0.0,0.0
2005-05-26,46.56149335540868,46.910186908158366,45.66177347245146,46.31611251831055,4656050,0.45,0.0
2005-05-27,46.36346294159424,46.81116995433862,46.15252516590186,46.5485725402832,2030150,0.0,0.0
2005-05-30,46.33763496392552,46.66480610625309,45.889927949255195,46.509830474853516,914290,0.0,0.0
2005-05-31,46.837002157917894,46.837002157917894,45.97602787769408,46.4538688659668,1860770,0.0,0.0
2005-06-01,46.62175421247093,46.70785031867081,45.976023562904054,46.14391326904297,1681810,0.0,0.0
2005-06-02,46.6648134359768,46.76382365337167,46.169752495932286,46.471092224121094,1491210,0.0,0.0
2005-06-03,46.492614807846344,47.09529750852305,46.10517569424299,46.991981506347656,1653760,0.0,0.0
2005-06-06,46.79395186542579,47.956269140397936,46.59162566389678,47.63340377807617,2345180,0.0,0.0
2005-06-07,47.63340385932377,51.6541522684713,47.181391037559784,50.65542221069336,5501720,0.0,0.0
2005-06-08,50.9696785501712,51.21075030002389,50.108704261433026,50.44017791748047,3545220,0.0,0.0
2005-06-09,50.62529843390529,50.668346500750545,49.50603227414387,49.859031677246094,2000680,0.0,0.0
2005-06-10,49.9365176931322,50.71139600556148,49.07554325014716,49.617958068847656,3302450,0.0,0.0
2005-06-13,50.28090409268048,50.36700021520317,48.92056302319753,50.13453674316406,1601210,0.0,0.0
2005-06-14,50.28090058734959,51.21936270859083,50.10870506995228,51.09882354736328,2422830,0.0,0.0
2005-06-15,52.26975931011886,52.26975931011886,49.93651928356354,50.896507263183594,2332550,0.0,0.0
2005-06-16,50.969685879152024,51.57236862480034,50.79749033977297,51.266719818115234,16902140,0.0,0.0
2005-06-17,51.65845967488418,51.74455579393308,50.62528982451521,51.413082122802734,1969830,0.0,0.0
2005-06-20,51.63693975441075,51.65846542874878,51.064394258686605,51.53792953491211,2239620,0.0,0.0
2005-06-21,51.27101423621124,52.08894040355143,50.98258866023867,51.88230514526367,3704950,0.0,0.0
2005-06-22,51.994240167446705,51.994240167446705,50.37130497228869,50.80179214477539,2354190,0.0,0.0
2005-06-23,51.52070284256576,51.52070284256576,49.50602282576056,49.983863830566406,2488640,0.0,0.0
2005-06-24,50.36700270103756,50.569332211743934,49.34244434128231,50.14745330810547,1706020,0.0,0.0
2005-06-27,49.936511706982394,51.951191793431455,49.936511706982394,51.628326416015625,3216400,0.0,0.0
2005-06-28,51.47335006766242,51.47335006766242,50.13022893362568,50.7974853515625,1771690,0.0,0.0
2005-06-29,51.20214772876754,52.51082918813694,50.797488716809006,51.79621887207031,6495530,0.0,0.0
2005-06-30,51.796208359990196,55.35633527444458,51.796208359990196,54.762264251708984,11638930,0.0,0.0
2005-07-01,53.05754495176774,53.81089751700581,52.777727627808,53.212520599365234,2249930,0.0,0.0
2005-07-04,53.634400568479904,54.67187633366513,53.380414687988,54.409278869628906,2238610,0.0,0.0
2005-07-05,52.71314787544308,55.09374446865257,46.31180633967529,54.50828170776367,1476640,0.0,0.0
2005-07-06,54.49968174767122,55.96333896201055,54.00031827710654,55.66630172729492,2335230,0.0,0.0
2005-07-07,55.541456510059625,56.996498677867244,54.58577446720698,55.14971160888672,6522690,0.0,0.0
2005-07-08,55.446746302460554,56.3077206035276,55.296073172288764,56.11830520629883,1537450,0.0,0.0
2005-07-11,56.43686897087394,57.59918298228128,56.393817627642555,57.16438674926758,2226590,0.0,0.0
2005-07-12,57.082594831508594,57.68527417299532,55.804047557550454,56.656410217285156,3300020,0.0,0.0
2005-07-13,56.65211190542644,56.65211190542644,54.84406389402728,55.34773635864258,3490020,0.0,0.0
2005-07-14,55.34774115090472,56.39382186923723,54.155289795804045,55.55006408691406,6839700,0.0,0.0
2005-07-15,55.532835250996,55.532835250996,53.991690662761705,54.293033599853516,2503180,0.0,0.0
2005-07-18,54.49966649978632,54.930153602129586,53.72479168618201,54.04765701293945,5076050,0.0,0.0
2005-07-19,54.6718719272978,55.1023591078277,54.361920631819224,55.080833435058594,2455090,0.0,0.0
2005-07-20,55.36064798220183,58.115763008450855,54.80101339504465,55.2228889465332,2777350,0.0,0.0
2005-07-21,55.524228821506966,55.864317336565136,52.713148356038886,55.2401123046875,804090,0.0,0.0
2005-07-22,54.84406425249382,55.946113603633165,52.79925026443097,55.83418273925781,6066580,0.0,0.0
2005-07-25,55.76530667559016,59.8377183082409,55.76530667559016,58.08563232421875,13101450,0.0,0.0
2005-07-26,58.11576247041887,59.23503163437112,58.02966635827923,58.39557647705078,7742350,0.0,0.0
2005-07-27,58.546259265057316,61.64576579475885,57.457127173344134,60.715911865234375,6774770,0.0,0.0
2005-07-28,60.715911865234375,60.715911865234375,60.715911865234375,60.715911865234375,0,0.0,0.0
2005-07-29,60.26820575117495,62.851128854796734,58.55055952252974,60.22085189819336,21877180,0.0,0.0
2005-08-01,59.398605792343,59.92380055838587,57.68526904357168,58.244903564453125,3061880,0.0,0.0
2005-08-02,58.54626030239088,58.7141500508036,57.29785002636941,57.59918975830078,3313510,0.0,0.0
2005-08-03,57.779988738970815,59.321133602646526,57.68528103565404,58.266441345214844,5647190,0.0,0.0
2005-08-04,63.71209505969654,63.71209505969654,58.28795460956178,58.933685302734375,2040050,0.0,0.0
2005-08-05,59.140330903254885,59.40723085292476,57.779989837667785,58.04258728027344,2274820,0.0,0.0
2005-08-08,65.86453257823884,65.86453257823884,56.06233853764969,56.630584716796875,4116300,0.0,0.0
2005-08-09,55.532835605613364,57.22034424042224,55.532835605613364,56.33354187011719,2212010,0.0,0.0
2005-08-10,58.1157608785457,58.1157608785457,56.41533807769364,56.8458251953125,3210230,0.0,0.0
2005-08-11,57.47003750364218,57.857473331237735,56.39381957286236,56.923316955566406,6549010,0.0,0.0
2005-08-12,56.04941988883376,57.68527220541631,56.04941988883376,56.841514587402344,4642600,0.0,0.0
2005-08-16,57.51309163630061,57.51309163630061,55.360655670401826,55.72226333618164,4272330,0.0,0.0
2005-08-17,55.877230641176624,57.51308304462825,55.877230641176624,56.488521575927734,4856400,0.0,0.0
2005-08-18,57.52169181051486,57.52169181051486,56.49713684368348,57.08259963989258,1528300,0.0,0.0
2005-08-19,56.65211399012381,57.16869727847216,56.40673315114842,56.72529602050781,1638560,0.0,0.0
2005-08-22,57.934973308620016,57.934973308620016,56.22163593972284,56.61768341064453,1169850,0.0,0.0
2005-08-23,55.96332073922551,57.160074303382785,54.23276411225216,55.8427848815918,2595850,0.0,0.0
2005-08-24,55.53284705312897,56.65211636540598,54.18542334188266,56.10109329223633,5964550,0.0,0.0
2005-08-25,55.954723563642716,56.13552739664047,54.96029919779841,55.91598129272461,4961030,0.0,0.0
2005-08-26,56.73820975836545,57.16008534155173,54.27151685355447,54.64604187011719,3652370,0.0,0.0
2005-08-29,55.36064576704035,55.705030205007255,54.09070680372308,54.9990348815918,4512480,0.0,0.0
2005-08-30,54.67186381283749,55.95902265631703,54.67186381283749,55.670597076416016,2545750,0.0,0.0
2005-08-31,55.87723095881029,55.95902456475467,54.41787984639099,55.123878479003906,1528680,0.0,0.0
2005-09-01,55.93319528510802,55.93319528510802,54.17681011380258,54.400665283203125,1430740,0.0,0.0
2005-09-02,54.327479583844934,55.141100073049195,54.327479583844934,54.78379821777344,4167480,0.0,0.0
2005-09-05,54.76657942949311,55.446749960454554,54.76657942949311,55.11957550048828,1004510,0.0,0.0
2005-09-06,55.1884565938487,55.446751536034114,54.719227131968,55.317604064941406,1043400,0.0,0.0
2005-09-08,55.44676158672829,56.56602454542015,55.10237045762525,56.46701431274414,1936610,0.0,0.0
2005-09-09,56.56600389900173,58.54624724202564,56.14412836840886,58.2061653137207,4179730,0.0,0.0
2005-09-12,58.2018627883092,58.54195132359768,56.9104013067548,58.31809616088867,2706250,0.0,0.0
2005-09-13,58.11576000927184,59.40722134281121,57.3451909704933,59.17045211791992,4171800,0.0,0.0
2005-09-14,58.80455384229968,59.57942554330752,58.2190909905896,59.23073196411133,4547620,0.0,0.0
2005-09-15,59.2350268007355,59.665513895017845,59.075742109127034,59.60093688964844,4480850,0.0,0.0
2005-09-16,60.096014548448586,60.096014548448586,59.088669528324985,59.609561920166016,3991430,0.0,0.0
2005-09-19,60.00991049714185,61.54675288868167,60.00991049714185,60.99142074584961,4028320,0.0,0.0
2005-09-20,60.526497805449466,63.71210018733088,60.526497805449466,63.0534553527832,6700420,0.0,0.0
2005-09-21,62.87695506271908,63.32896790541825,61.223885904740385,62.386199951171875,6361490,0.0,0.0
2005-09-22,61.99016163221841,62.02890390674722,58.93369964647764,59.56221389770508,5076680,0.0,0.0
2005-09-23,59.570811295501926,59.570811295501926,56.91039740993544,57.680973052978516,6372410,0.0,0.0
2005-09-26,57.685283984898476,58.55056087993517,57.289236554740285,58.477378845214844,3902840,0.0,0.0
2005-09-27,58.54624565007084,59.923803057506596,58.132975143484174,58.73996353149414,4250620,0.0,0.0
2005-09-28,59.4072257931419,60.60828203307408,58.80454641982691,59.92380905151367,7780110,0.0,0.0
2005-09-29,60.08739626800453,60.87087945331401,58.559165595090626,59.92380905151367,16469590,0.0,0.0
2005-09-30,60.24237374316202,60.24237374316202,54.435099636126274,58.989654541015625,4075590,0.0,0.0
2005-10-03,58.989662337352975,59.82050607509601,58.055505872351986,58.257835388183594,5109750,0.0,0.0
2005-10-04,59.40722649522542,61.55966223780605,59.40722649522542,61.12056350708008,8457230,0.0,0.0
2005-10-05,60.362907002355165,61.51660937895514,60.02281848493227,60.49635696411133,2873780,0.0,0.0
2005-10-06,59.82050678261777,59.82480929006654,57.68528728828025,58.72276306152344,4316510,0.0,0.0
2005-10-07,58.46015568824519,58.83897990966176,57.25479036678097,58.42141342163086,3656610,0.0,0.0
2005-10-10,59.6224703553807,59.6224703553807,58.54625247892979,59.256553649902344,2104830,0.0,0.0
2005-10-11,60.087405642301114,60.087405642301114,57.801519605066055,59.390018463134766,2347010,0.0,0.0
2005-10-13,58.67540693833619,59.22643003132392,58.120074769352456,58.365455627441406,3000710,0.0,0.0
2005-10-14,57.85747464168682,57.85747464168682,56.39382085016027,56.77265167236328,3950090,0.0,0.0
2005-10-17,57.25479378717348,57.25479378717348,55.188454051036665,56.3421630859375,4652410,0.0,0.0
2005-10-18,56.738206502055434,57.66375122779406,56.393815475485546,56.630584716796875,4596650,0.0,0.0
2005-10-19,55.40369266383619,56.824301515465294,54.413574229256184,55.7609977722168,2906310,0.0,0.0
2005-10-20,56.049424188933784,56.221622985776236,55.110965378814115,55.438133239746094,3591160,0.0,0.0
2005-10-21,56.824301515465294,56.824301515465294,55.274545210285844,55.7609977722168,3567600,0.0,0.0
2005-10-24,56.19578979516388,56.19578979516388,54.0907111741088,54.71491622924805,2699890,0.0,0.0
2005-10-25,55.48979219363604,55.48979219363604,53.57412564893027,54.29734420776367,5315760,0.0,0.0
2005-10-26,55.10235454793838,55.10235454793838,53.98308862805464,54.2499885559082,3822810,0.0,0.0
2005-10-27,54.327477961628645,54.49106518346332,53.39762740931327,53.77645492553711,7342250,0.0,0.0
2005-10-28,53.5525991465521,53.5525991465521,51.91674675354287,52.60122299194336,3985800,0.0,0.0
2005-10-31,52.71745206851852,53.896985852047905,52.002845160607215,52.23100280761719,4374050,0.0,0.0
2005-11-02,52.99297058669052,55.94611615435471,52.99297058669052,53.440677642822266,5710750,0.0,0.0
2005-11-04,53.440677642822266,53.440677642822266,53.440677642822266,53.440677642822266,0,0.0,0.0
2005-11-07,53.81089467750755,54.67186899234767,53.04462806279686,53.832420349121094,49846460,0.0,0.0
2005-11-08,54.667570687121625,55.188459824805705,54.095025185461594,54.93016815185547,6597930,0.0,0.0
2005-11-09,55.36065748647954,55.786835617731555,53.7204989932976,54.404972076416016,8313280,0.0,0.0
2005-11-10,54.32748547162814,54.67187655897067,53.729108502747,54.314571380615234,6702940,0.0,0.0
2005-11-11,54.31455434100601,55.10234648921438,54.00460311650725,54.68907928466797,7812620,0.0,0.0
2005-11-14,55.7050348731218,58.71844493884241,55.274547720875994,58.180335998535156,9195790,0.0,0.0
2005-11-16,58.115787046185396,60.268223603451524,57.861801108919614,59.40294647216797,5788800,0.0,0.0
2005-11-17,59.83772010314011,60.2725098053398,59.428758581645475,60.16919708251953,4084810,0.0,0.0
2005-11-18,60.268207564048296,60.87088701220345,59.93242807597424,60.212242126464844,1776360,0.0,0.0
2005-11-21,60.212229723909964,60.212229723909964,58.20185571679583,58.516109466552734,3926300,0.0,0.0
2005-11-22,58.80454740431709,59.57081400695157,58.04258330845243,58.33100891113281,4206910,0.0,0.0
2005-11-23,58.46015859435404,59.83771621505887,58.20186366666,59.36417770385742,2377350,0.0,0.0
2005-11-24,60.61259556618448,60.61259556618448,59.06283910838117,59.50193786621094,3985740,0.0,0.0
2005-11-25,59.66552986988658,60.16489004073202,59.514856719061775,60.065879821777344,2794980,0.0,0.0
2005-11-28,60.18211048767014,60.61259767775546,59.57942448032276,59.897987365722656,2386120,0.0,0.0
2005-11-29,59.992693608421376,59.992693608421376,58.56778209501982,58.96813201904297,2149530,0.0,0.0
2005-11-30,59.06285158878126,60.440409526409205,58.63667339936561,59.140342712402344,3853140,0.0,0.0
2005-12-01,59.15753690758664,60.27680600290115,58.244906351190195,59.988380432128906,2366510,0.0,0.0
2005-12-02,60.268200997139004,61.464954748585185,59.83771384715944,60.15627670288086,3365890,0.0,0.0
2005-12-05,60.26820197229955,60.354298089946006,58.97674050146456,59.183372497558594,1522480,0.0,0.0
2005-12-06,58.71844656911762,59.74300812189689,58.29226848053784,58.628047943115234,1500580,0.0,0.0
2005-12-07,58.63666103878419,60.078789134834444,58.6323519630548,59.75162124633789,1940730,0.0,0.0
2005-12-08,59.75161781429733,59.96686138958752,59.11449867067793,59.256553649902344,3536920,0.0,0.0
2005-12-09,59.40723865388211,59.82050929127368,58.54626418063744,59.23504638671875,1779000,0.0,0.0
2005-12-12,59.66552123048075,60.35429672478562,58.89494555849981,59.196285247802734,3300290,0.0,0.0
2005-12-13,59.75162370748593,60.61259809356293,59.00257362686217,59.82050323486328,5720980,0.0,0.0
2005-12-14,60.009917108864,62.24845595514795,59.949649159538744,61.869625091552734,8296790,0.0,0.0
2005-12-15,62.33454906373788,63.19552348017428,60.345693695044616,60.60398864746094,2995360,0.0,0.0
2005-12-16,60.39735413914419,61.10335286879523,59.24364505290671,60.34138870239258,5086380,0.0,0.0
2005-12-19,60.870875698474265,61.55535520652485,60.00990146472661,61.266929626464844,3162330,0.0,0.0
2005-12-20,61.34441998394139,63.798195469556504,61.21527252286423,63.32035446166992,6459050,0.0,0.0
2005-12-21,64.09094194537465,64.4008932815061,62.0934814284798,62.588539123535156,4262860,0.0,0.0
2005-12-22,62.85109845193651,64.3147515418264,62.420611476238314,63.897178649902344,2900660,0.0,0.0
2005-12-23,63.79819636225252,64.44392710796097,61.559664424205785,62.0159797668457,2344310,0.0,0.0
2005-12-26,61.81796191512118,62.40342474493924,60.26820543362836,60.99142074584961,2397350,0.0,0.0
2005-12-27,60.440397678810626,61.55105539576164,60.2768170165014,60.99142074584961,2355530,0.0,0.0
2005-12-28,61.81795563045768,62.592827223714416,60.298336559154585,60.49635696411133,3255850,0.0,0.0
2005-12-29,61.12916939762177,61.344412951838756,60.61258618124342,60.82352066040039,2372540,0.0,0.0
2005-12-30,61.38746974169978,61.38746974169978,60.54801455073591,61.02155303955078,2127100,0.0,0.0
2006-01-02,61.021557129508395,61.985850767402745,60.87088399059231,61.42621612548828,2685520,0.0,0.0
2006-01-03,58.5462462374454,61.81795086055212,58.5462462374454,61.413291931152344,1282790,0.0,0.0
2006-01-04,61.99014291214102,63.285906729109904,61.47355970161556,63.027618408203125,5369920,0.0,0.0
2006-01-05,63.02331379359327,63.970390743415436,62.44216010388862,63.669044494628906,3853500,0.0,0.0
2006-01-06,63.712102485409694,66.72551273809799,62.851128127498754,66.20462036132812,8616860,0.0,0.0
2006-01-09,65.27907480546565,66.55331973079508,63.71210175478567,65.85162353515625,5517700,0.0,0.0
2006-01-10,65.85591092375367,66.29500957968953,64.16840237724331,64.43099975585938,6799800,0.0,0.0
2006-01-12,64.43101677770323,65.33073342605894,63.712103960449156,64.28465270996094,3949510,0.0,0.0
2006-01-13,64.81415783044596,64.81415783044596,62.50674596033477,62.842525482177734,3382880,0.0,0.0
2006-01-16,63.626028596186465,64.32341596779402,62.59285506444397,63.83266067504883,3428120,0.0,0.0
2006-01-17,63.7981945534889,64.82705858306619,63.7981945534889,64.48697662353516,2610120,0.0,0.0
2006-01-18,64.05649231275784,64.78831918919218,61.99876416234565,64.11676025390625,6244860,0.0,0.0
2006-01-19,64.11676139982326,64.11676139982326,62.015981867310806,62.71767807006836,6433500,0.0,0.0
2006-01-20,62.89416082745023,64.05647455231107,62.17093916547854,62.433536529541016,4852150,0.0,0.0
2006-01-23,62.46367606976783,62.83389521025828,60.354285499545924,61.947086334228516,4177510,0.0,0.0
2006-01-24,62.16234468337425,62.76503066224191,61.43482688422778,61.637149810791016,6345090,0.0,0.0
2006-01-25,61.66728529473193,62.76502885979431,61.4003853591442,61.895442962646484,8777020,0.0,0.0
2006-01-27,64.12537922971238,64.57308304861542,62.941539373821094,63.462425231933594,6651140,0.0,0.0
2006-01-30,63.46241387833238,64.48266630598614,63.204125533574626,64.01774597167969,3311460,0.0,0.0
2006-01-31,63.38493143673627,65.9850709778724,62.85112499668537,65.64498901367188,6150040,0.0,0.0
2006-02-01,65.8645349729992,66.63941316877703,63.281612032881576,63.60877990722656,6372040,0.0,0.0
2006-02-02,63.608776558614075,64.7452623296883,63.37201388987091,63.669044494628906,4776560,0.0,0.0
2006-02-03,63.19551557154217,63.681961589227036,62.37758603705966,63.01040267944336,2769020,0.0,0.0
2006-02-06,63.010414537916944,64.5730853042687,62.506745260789316,64.12538146972656,5746490,0.0,0.0
2006-02-07,63.3677116614452,66.72551298338391,63.298832136067986,66.3595962524414,8743490,0.0,0.0
2006-02-08,66.46721449229724,66.46721449229724,64.57307362673154,65.64498901367188,3352220,0.0,0.0
2006-02-10,66.20032293459269,66.46722290403922,64.76249722303153,65.61055755615234,6061210,0.0,0.0
2006-02-13,64.6591704310958,65.60624087393543,63.974697419875206,64.26742553710938,2909880,0.0,0.0
2006-02-14,64.65917289790448,65.42974862591008,63.643222893881074,64.39227294921875,5989940,0.0,0.0
2006-02-15,64.48698603341184,65.00356937696954,63.45381277758284,64.03497314453125,4060910,0.0,0.0
2006-02-16,64.0349607091201,66.2003104516357,63.39353251946542,65.43404388427734,4744650,0.0,0.0
2006-02-17,66.07977858466434,66.07977858466434,63.4107595256061,63.9144287109375,4791320,0.0,0.0
2006-02-20,63.71209864335803,64.13397421405423,61.99015003137538,62.1795654296875,5092480,0.0,0.0
2006-02-21,62.851123235663124,62.851123235663124,62.205392517488505,62.403419494628906,3755570,0.0,0.0
2006-02-22,62.403439245503726,62.82531494232988,62.123618571169786,62.56271743774414,3194470,0.0,0.0
2006-02-23,62.16234922968756,62.74781208610476,61.301374827233644,62.15804672241211,11054570,0.0,0.0
2006-02-24,62.179564365856436,62.179564365856436,60.78478364927726,61.25401306152344,9637650,0.0,0.0
2006-02-27,61.99875660243742,62.997483300931655,61.65006308768917,62.69184112548828,3147850,0.0,0.0
2006-02-28,63.22563741523501,64.0564809226669,62.313006877633256,63.46670913696289,4927070,0.0,0.0
2006-03-01,63.28161216257409,64.57307363527968,62.42063784743703,64.30186462402344,4843990,0.0,0.0
2006-03-02,64.56445070376157,65.43403644843394,63.28590354502879,65.28336334228516,5042910,0.0,0.0
2006-03-03,65.43404656170098,65.62776446475297,64.3190864237525,65.40821838378906,4909720,0.0,0.0
2006-03-06,65.43404588858354,65.77843691752912,65.08965485963796,65.44265747070312,3168760,0.0,0.0
2006-03-07,64.5085066635884,65.77844253307238,64.5085066635884,65.2403335571289,5512680,0.0,0.0
2006-03-08,65.00355722226789,66.27349295359622,63.71209582050098,65.43834686279297,8101130,0.0,0.0
2006-03-09,64.1641006200491,65.3909848574399,63.62599176977815,64.59027862548828,7265980,0.0,0.0
2006-03-10,64.74526497326802,65.81287783871099,64.15549967756304,64.48697662353516,7928110,0.0,0.0
2006-03-13,64.99925243917069,66.72550342100351,62.93721546142346,66.2304458618164,5494830,0.0,0.0
2006-03-14,66.8115968882836,66.8115968882836,64.60320252268556,65.60623168945312,3665990,0.0,0.0
2006-03-16,65.01216870252172,66.46721074617935,65.01216870252172,66.08838653564453,6059250,0.0,0.0
2006-03-17,66.46720703974883,66.46720703974883,64.8528803800848,65.79995727539062,2403510,0.0,0.0
2006-03-20,65.86452664916456,66.7255008537288,65.3479434401684,65.91188049316406,5279880,0.0,0.0
2006-03-21,66.5533085416298,66.5533085416298,64.65916135316958,64.98633575439453,3325760,0.0,0.0
2006-03-22,64.73667258931269,65.86454704455784,64.57738784542065,65.20590209960938,4305180,0.0,0.0
2006-03-23,64.50418313845758,65.34794071396364,63.56572444761515,63.87997817993164,2842510,0.0,0.0
2006-03-24,64.56446365774923,64.56446365774923,62.855429074224155,63.268699645996094,3383690,0.0,0.0
2006-03-27,66.19171686113125,66.19171686113125,63.2816254305583,63.561439514160156,18297160,0.0,0.0
2006-03-28,62.94585296681623,64.3147994155524,62.07626678937703,63.944580078125,3093480,0.0,0.0
2006-03-29,63.88428170923799,64.57306368267118,63.410749850125434,64.25019836425781,3304330,0.0,0.0
2006-03-30,63.88428459715962,69.91110414665438,63.88428459715962,67.1129379272461,6269780,0.0,0.0
2006-03-31,66.72551252679033,67.58648688197472,65.43405099401375,66.66094207763672,4943400,0.0,0.0
2006-04-03,66.6609427535248,67.23348492506005,65.60624390275969,66.62650299072266,3182870,0.0,0.0
2006-04-04,66.98380101324311,72.23143368525729,66.98380101324311,71.70624542236328,6941520,0.0,0.0
2006-04-05,72.23575147782906,72.83843091369134,71.63306547325358,72.40794372558594,3885820,0.0,0.0
2006-04-07,72.09797564616183,73.52719593104892,68.96403017157684,70.40185546875,3662370,0.0,0.0
2006-04-10,70.51379432187791,72.3132274007275,69.73891616189219,71.05620574951172,2119320,0.0,0.0
2006-04-12,70.9442858929824,71.03038201198163,69.07166410336322,69.65282440185547,2895750,0.0,0.0
2006-04-13,69.65282910559868,70.34160467281923,68.0428046398635,69.21803283691406,3946800,0.0,0.0
2006-04-17,69.32566114760378,70.77640759028249,68.46899575747177,70.13497924804688,3868400,0.0,0.0
2006-04-18,70.94428518335832,72.49403501598148,70.94428518335832,71.84400177001953,3051430,0.0,0.0
2006-04-19,72.33476754585038,73.84577533364828,72.32185345465915,73.05368041992188,4911280,0.0,0.0
2006-04-20,73.13975658433594,73.61329502778895,71.48238516967429,73.18280792236328,3810050,0.0,0.0
2006-04-21,72.10659722612415,74.47427653802673,72.10659722612415,73.06658172607422,14004460,0.0,0.0
2006-04-24,72.53708640521455,72.9847901610428,69.65282374913552,70.80652618408203,5934360,0.0,0.0
2006-04-25,70.86678655697426,71.89134798959223,70.59988664846183,71.00023651123047,8893380,0.0,0.0
2006-04-26,71.03038773966671,73.35501598366137,70.72473893855306,72.06786346435547,9149880,0.0,0.0
2006-04-27,72.06354040898464,73.52720054091677,69.4160472797533,70.96149444580078,9425070,0.0,0.0
2006-04-28,68.79184757399975,70.68598839798612,63.78958244679841,70.37173461914062,9645050,0.0,0.0
2006-05-02,72.23575159297778,74.99086697375891,71.54696946342588,73.29474639892578,8522490,0.0,0.0
2006-05-03,73.44111447562913,75.24915929179394,73.19143112658683,74.31930541992188,4008330,0.0,0.0
2006-05-04,73.18281937185068,77.04859234413588,72.84273739559167,76.08860778808594,4763740,0.0,0.0
2006-05-05,75.76575426810648,76.712824882715,74.13851302579994,75.64952087402344,4676020,0.0,0.0
2006-05-08,76.45453145381268,77.05721092293119,74.47428765177148,75.42996978759766,16088360,0.0,0.0
2006-05-09,75.85613512048606,76.96248355670383,73.0106151140115,73.41096496582031,7347420,0.0,0.0
2006-05-10,73.61329643873138,75.74851541280158,73.4798464844855,74.99516296386719,9300340,0.0,0.0
2006-05-11,75.29410413775351,76.1432169003339,72.34818855129853,75.424072265625,3360360,0.55,0.0
2006-05-12,74.51430539822599,76.15188669732744,73.76049551036427,75.8399658203125,2171460,0.0,0.0
2006-05-15,75.12079774082058,75.8139565592576,72.00593273553739,73.0889892578125,3817160,0.0,0.0
2006-05-16,72.78138755264727,73.64783264255975,71.13514055972331,73.44854736328125,3810100,0.0,0.0
2006-05-17,74.94750230178552,74.94750230178552,71.6550082270062,73.15396118164062,3487610,0.0,0.0
2006-05-18,72.5214560748963,73.12797164335802,69.6621910594117,71.01817321777344,5344990,0.0,0.0
2006-05-19,72.26153984306696,72.34818305157702,66.30039190704943,70.15174102783203,4597090,0.0,0.0
2006-05-22,70.18206249307421,72.261532333478,61.51761033343542,68.18490600585938,3828250,0.0,0.0
2006-05-23,68.8824141583275,69.31563688888302,64.37690040473181,67.68672180175781,5326840,0.0,0.0
2006-05-24,68.53582942526234,69.2289883854727,64.72346836501288,66.5949935913086,12132980,0.0,0.0
2006-05-25,65.07437693951582,68.44917846271755,63.094546262861535,65.6895523071289,8727960,0.0,0.0
2006-05-26,65.84983690868494,68.36252937597524,64.98339168620224,67.05852508544922,3019930,0.0,0.0
2006-05-29,67.58272312984255,68.27588190868842,65.6808762497734,66.22240447998047,2416340,0.0,0.0
2006-05-30,66.56032153307982,66.56032153307982,62.91258795029315,64.99205780029297,2789360,0.0,0.0
2006-05-31,63.44545223888243,67.14950701229641,61.972497955051836,64.56749725341797,6228650,0.0,0.0
2006-06-01,65.84983958801165,66.93289616018289,63.51044003630285,63.999977111816406,5294960,0.0,0.0
2006-06-02,64.11694868485309,67.14950706859614,63.59708285544482,66.28739166259766,4406870,0.0,0.0
2006-06-05,66.10977562584824,67.06286408462054,63.259169942558735,64.0649642944336,3361650,0.0,0.0
2006-06-06,63.683727133329526,63.683727133329526,61.97249905285783,62.609336853027344,1885360,0.0,0.0
2006-06-07,62.531352816586335,63.22451166864433,61.51761344907502,62.449039459228516,2317800,0.0,0.0
2006-06-08,61.60426594541072,62.81729081425957,55.45250499465673,60.014339447021484,7253180,0.0,0.0
2006-06-09,59.52477743131254,62.38404898741648,57.293683879068254,61.75154113769531,3720560,0.0,0.0
2006-06-12,62.20210171749937,63.06421707148734,57.63160196421526,59.97966766357422,3574900,0.0,0.0
2006-06-13,58.138468047995495,58.731987468862954,55.45248941409084,56.46189880371094,3896650,0.0,0.0
2006-06-14,56.145657916269506,58.29443855198957,53.30371509321471,55.36152267456055,9776270,0.0,0.0
2006-06-15,55.79906766436466,62.799945897543516,55.79906766436466,60.451873779296875,7772480,0.0,0.0
2006-06-16,61.51760437417253,66.41302069223576,61.51760437417253,63.6403923034668,12292530,0.0,0.0
2006-06-19,61.041063915268644,64.12561343453024,61.041063915268644,63.79636001586914,1884810,0.0,0.0
2006-06-20,62.38405681921762,62.99056583855678,60.67282880494764,61.426631927490234,2681310,0.0,0.0
2006-06-21,61.950834897123414,62.13278760496555,60.82445343663104,61.435298919677734,2225260,0.0,0.0
2006-06-22,64.53285338269811,65.84984742254956,62.817288659668996,63.33282470703125,1943270,0.0,0.0
2006-06-23,61.067052216435194,65.02670597211949,60.87643324094623,64.931396484375,2757360,0.0,0.0
2006-06-26,62.83894898360521,66.88957694173973,62.83894898360521,65.98847961425781,7670560,0.0,0.0
2006-06-27,64.98338942773212,65.84116831725156,63.33714224013913,64.20792388916016,3761700,0.0,0.0
2006-06-28,67.14952137926096,67.14952137926096,62.561694376051406,62.96025848388672,5275920,0.0,0.0
2006-06-29,64.11694645017045,65.93648009490911,63.35014057750861,64.92707061767578,10770010,0.0,0.0
2006-06-30,65.4252785891288,70.59795746599154,65.4252785891288,68.96470642089844,6019900,0.0,0.0
2006-07-03,69.31563300700562,69.31563300700562,66.80293998841088,67.45277404785156,5020220,0.0,0.0
2006-07-04,67.58272788388939,68.44484326678652,67.58272788388939,68.21089935302734,2086450,0.0,0.0
2006-07-05,67.58275110455664,70.70195367959906,67.41379449121342,69.9568099975586,6410050,0.0,0.0
2006-07-06,69.35894532930833,69.74451320348962,68.1892389463188,69.31562042236328,3852420,0.0,0.0
2006-07-07,69.48891515366971,70.17774423807934,65.07004514447561,67.52208709716797,1895550,0.0,0.0
2006-07-10,66.81159941807638,67.58273522708767,66.1097808214478,67.46143341064453,1397790,0.0,0.0
2006-07-11,67.15383828134901,67.15383828134901,65.4209477410971,65.98413848876953,1136840,0.0,0.0
2006-07-12,58.918280988826425,66.88957518430993,58.918280988826425,65.95381927490234,3083100,0.0,0.0
2006-07-13,65.5032535624444,66.28305553792212,64.34655005317413,64.6671371459961,2092050,0.0,0.0
2006-07-14,64.63681177741145,64.63681177741145,62.002817528091676,63.189849853515625,4724500,0.0,0.0
2006-07-17,63.25048483778546,63.25048483778546,60.846098646861684,61.296653747558594,5391770,0.0,0.0
2006-07-18,61.084383464908385,61.86418542697633,60.737804080605756,61.539268493652344,4076700,0.0,0.0
2006-07-19,61.690885241365486,62.297400745836775,59.966661433692984,60.40855026245117,2602380,0.0,0.0
2006-07-20,61.60426044770424,64.11695317812686,61.60426044770424,62.94291687011719,4458580,0.0,0.0
2006-07-21,61.95083071030914,62.990562287839765,61.08438552554958,61.50461196899414,3037710,0.0,0.0
2006-07-24,61.08439543503866,63.88734659128414,59.98401278048207,63.207183837890625,2832300,0.0,0.0
2006-07-25,64.11694885964951,66.70761832075455,64.11694885964951,66.36970520019531,4828620,0.0,0.0
2006-07-26,65.42527582930951,67.92930181083658,65.07869644350103,67.67803192138672,3544580,0.0,0.0
2006-07-27,68.015947045818,68.88239223111503,66.73794171959528,68.28887939453125,8978120,0.0,0.0
2006-07-28,67.49607680197494,69.42824573581058,67.14949742863999,68.92571258544922,6498510,0.0,0.0
2006-07-31,68.88240051269531,69.74884580216317,68.52715477099608,68.88240051269531,3574760,0.0,0.0
2006-08-01,68.96905262612468,68.96905262612468,67.15818491030117,67.68238067626953,2363540,0.0,0.0
2006-08-02,67.32712836968086,68.18923714522325,66.20074692338773,67.56106567382812,6347890,0.0,0.0
2006-08-03,67.5913994027505,69.74884633921042,67.5913994027505,69.12934112548828,3662370,0.0,0.0
2006-08-04,69.14233574617339,69.56689208096059,68.18924065314705,69.35028076171875,2352430,0.0,0.0
2006-08-07,68.55748701412459,69.74884934770337,68.55748701412459,69.61888122558594,7222550,0.0,0.0
2006-08-08,70.09542037516034,70.69326308829268,69.66219776049365,70.48965454101562,1719270,0.0,0.0
2006-08-09,70.96186167941416,70.96186167941416,69.58421040354015,70.0824203491211,3260920,0.0,0.0
2006-08-10,70.84922832367701,70.84922832367701,69.15099635167195,69.78783416748047,2050980,0.0,0.0
2006-08-11,70.2037218317733,70.70192516467444,69.58854654897848,70.2383804321289,1349700,0.0,0.0
2006-08-14,70.01742741326957,70.52863346698805,69.43258092870754,69.96111297607422,877530,0.0,0.0
2006-08-16,71.74166876910043,75.32875154651019,70.88821967585545,73.31426239013672,6535550,0.0,0.0
2006-08-17,73.63917417803931,74.07673322570275,72.34817270759682,73.53086853027344,4933430,0.0,0.0
2006-08-18,72.95470115734497,73.5352246082142,72.01460867714746,72.87672424316406,2045280,0.0,0.0
2006-08-21,70.97918108855758,72.86803167318614,70.97918108855758,72.56910705566406,1835630,0.0,0.0
2006-08-22,73.03698687024566,75.38072241221421,71.92793821886461,74.40164184570312,4019600,0.0,0.0
2006-08-23,74.51428014811732,75.38072526611869,73.14529527516677,73.90343475341797,1895980,0.0,0.0
2006-08-24,73.2146217501984,74.31500428092183,72.34817652238542,73.93810272216797,2226400,0.0,0.0
2006-08-25,74.12438991404248,74.12438991404248,72.91136530524476,73.64784240722656,2698660,0.0,0.0
2006-08-28,73.63918422725294,73.64785053118347,72.7814052308166,73.25361633300781,1690310,0.0,0.0
2006-08-29,73.46589781136079,74.51862567828907,72.87238489595445,73.25361633300781,2190770,0.0,0.0
2006-08-30,72.7813949584961,74.21103082441412,72.44781171400973,72.7813949584961,1981170,0.0,0.0
2006-08-31,72.9546807142391,74.42764147040717,72.61243778047961,73.8254623413086,5186370,0.0,0.0
2006-09-01,73.86444181042289,76.24716573979137,73.82111691298115,75.92224884033203,3732560,0.0,0.0
2006-09-04,76.03055926591409,76.83635349178287,75.92225362593416,76.27316284179688,1346390,0.0,0.0
2006-09-05,75.38074114765212,76.33382965616401,75.38074114765212,75.78797149658203,1163810,0.0,0.0
2006-09-06,76.2471891995326,76.58510235010336,74.54029083818872,74.86087799072266,2916320,0.0,0.0
2006-09-07,74.21971356974083,74.34101539270867,72.97203012155327,73.53955078125,5766910,0.0,0.0
2006-09-08,73.82114062582465,73.86446553718324,72.91570682832928,73.57853698730469,3547010,0.0,0.0
2006-09-11,73.99441847454217,74.08106166902373,70.70192420062698,71.29110717773438,8062020,0.0,0.0
2006-09-12,72.33084483413441,73.63484241960806,70.62827665803532,72.82904815673828,6531470,0.0,0.0
2006-09-13,73.7344971368816,77.02699207417804,73.4052502873333,75.70999145507812,5208250,0.0,0.0
2006-09-14,75.81396513239005,76.07390137131094,74.60960667226604,74.9908447265625,2076560,0.0,0.0
2006-09-15,75.64068257713589,76.85370079285255,75.22911574274613,76.06523895263672,3226030,0.0,0.0
2006-09-18,75.50204969220059,76.84937251908961,75.48905354036997,76.51145935058594,1544410,0.0,0.0
2006-09-19,76.24717037843199,76.85367931680703,75.83561026950237,76.33815002441406,2828320,0.0,0.0
2006-09-20,75.81395999729918,76.30350368291232,73.91644276887905,75.8746109008789,2446050,0.0,0.0
2006-09-21,76.58941509240228,76.65440244404668,75.64066321873125,76.54609680175781,2283990,0.0,0.0
2006-09-22,76.2558456222492,77.4602039485674,74.77422509009773,75.88760375976562,2500530,0.0,0.0
2006-09-25,74.51431013092885,76.75840071650504,74.18939308093934,76.09990692138672,2688240,0.0,0.0
2006-09-26,76.2472001155935,77.36924539442192,75.48473049420109,76.99667358398438,3549830,0.0,0.0
2006-09-27,77.54685058943805,78.4132958474206,77.29125082484185,77.91509246826172,4402670,0.0,0.0
2006-09-28,78.3223109373843,82.71952429320558,78.07104764660801,80.50142669677734,8695110,0.0,0.0
2006-09-29,81.0126224487474,81.53248822258479,79.27973212898809,80.17650604248047,2645270,0.0,0.0
2006-10-03,80.57940712946711,80.57940712946711,79.40970738032343,79.69129943847656,2224080,0.0,0.0
2006-10-04,79.45303635156864,79.70430629759042,76.79304937807018,77.12663269042969,4290620,0.0,0.0
2006-10-05,78.00606704241898,81.09927640942735,77.8067883310434,80.66605377197266,4282960,0.0,0.0
2006-10-06,81.35921248314102,81.87907832501882,80.67904977059837,80.90432739257812,2197460,0.0,0.0
2006-10-09,80.14617584692311,81.00829114525538,80.14617584692311,80.57073211669922,1535980,0.0,0.0
2006-10-10,80.57941646358216,81.8790844710593,80.57941646358216,81.27257537841797,1448510,0.0,0.0
2006-10-11,81.85308564596359,84.21847752922736,81.62347817844227,83.68561553955078,3427440,0.0,0.0
2006-10-12,83.80691342961791,83.80691342961791,82.13901033052845,83.10509490966797,4756130,0.0,0.0
2006-10-13,84.71235573789698,86.64020185666203,84.65170483012267,85.58313751220703,3450170,0.0,0.0
2006-10-16,86.55790052809691,92.27210924606597,85.95138475557617,90.87279510498047,9855050,0.0,0.0
2006-10-17,90.89010743260123,92.01648228371445,86.26328639144683,87.32035064697266,15300970,0.0,0.0
2006-10-18,89.15721493657112,89.15721493657112,84.5260641532486,84.89863586425781,13805750,0.0,0.0
2006-10-19,85.25821774461794,86.47124247109409,82.74552508487157,83.48200225830078,5740360,0.0,0.0
2006-10-20,84.56504914562169,84.80765274093048,82.59388501805947,83.19173431396484,4977300,0.0,0.0
2006-10-23,83.2004263785342,84.28781304793326,82.76720364978416,84.00188446044922,1743710,0.0,0.0
2006-10-26,83.61197231135773,87.07775354706168,83.61197231135773,86.62720489501953,11057490,0.0,0.0
2006-10-27,87.07773576550663,87.7708945152834,85.9686870542252,86.5838623046875,4530830,0.0,0.0
2006-10-30,85.80407790202301,89.85037590898875,84.85098938410894,89.18754577636719,4944090,0.0,0.0
2006-10-31,89.9283630312294,89.9283630312294,86.7311775970855,87.04309844970703,4337730,0.0,0.0
2006-11-01,87.89220599122551,88.20412680195561,86.14198292985635,86.55354309082031,2047630,0.0,0.0
2006-11-02,86.29794485291059,88.19546204981418,85.4314996101897,87.55862426757812,2820940,0.0,0.0
2006-11-03,87.22937908904697,87.68425756163393,86.29794646940329,86.77882385253906,2160880,0.0,0.0
2006-11-06,87.51097971386065,87.57163062350163,86.23730400094678,86.54922485351562,1111560,0.0,0.0
2006-11-07,87.07776000640506,88.35143576267878,85.95137837706613,86.19831848144531,2767270,0.0,0.0
2006-11-08,86.59687961310368,87.66694014142706,85.35786250717415,86.86981201171875,4721780,0.0,0.0
2006-11-09,87.1643773357539,88.62000539485564,87.0777341462559,88.18678283691406,3349220,0.0,0.0
2006-11-10,89.01858537215614,90.97675353731465,88.3774177219628,90.50020599365234,6307880,0.0,0.0
2006-11-13,90.96376541276729,92.27642958649953,90.58686380163232,91.47930145263672,4029130,0.0,0.0
2006-11-14,91.81721238570333,93.12121022344216,90.13197648863218,92.33274841308594,5677680,0.0,0.0
2006-11-15,92.70964697260555,93.57609227141495,92.36306753099119,93.26850128173828,8366540,0.0,0.0
2006-11-16,94.35590800766333,99.64122377264317,93.56743949870537,99.15167999267578,17899270,0.0,0.0
2006-11-17,99.38126923898551,99.52856995796132,96.87291310572101,97.60939025878906,8677120,0.0,0.0
2006-11-20,96.69530886493082,97.02456235969909,92.53637475864318,94.13929748535156,7373280,0.0,0.0
2006-11-21,94.3299016492646,96.43536398059636,92.70964656780254,94.65048217773438,6230720,0.0,0.0
2006-11-22,95.65555537969637,95.70321013209606,92.28074748350984,93.3594741821289,8773300,0.0,0.0
2006-11-23,95.13569942988288,97.26715413838464,93.57609519905073,96.439697265625,3505690,0.0,0.0
2006-11-24,96.60864420069778,97.6397161510097,95.13568993778297,95.82884216308594,4447520,0.0,0.0
2006-11-27,94.11761537866713,96.92056629415455,91.86485904842591,96.25773620605469,1158430,0.0,0.0
2006-11-28,95.74219976522349,96.08877918601165,93.72771721072449,94.1999282836914,2322840,0.0,0.0
2006-11-29,93.6627189943483,95.71619637087285,93.57607580180736,94.2129135131836,3872890,0.0,0.0
2006-11-30,94.79777972207584,97.59639422928416,94.79777972207584,97.19783020019531,9178020,0.0,0.0
2006-12-01,97.47509278061855,98.32421205299562,96.63463981185988,97.36245727539062,4571850,0.0,0.0
2006-12-04,97.30182329839789,98.25491193819167,95.14436944333232,95.33932495117188,3197990,0.0,0.0
2006-12-05,95.82452229190716,97.04187692241312,93.58042545064066,94.0699691772461,2734650,0.0,0.0
2006-12-06,95.71620342184792,96.00213192770272,93.74936909297661,94.20425415039062,2525560,0.0,0.0
2006-12-07,95.10968776208901,96.59997458047546,94.26924146144302,95.84183502197266,3063180,0.0,0.0
2006-12-08,95.61222970723382,95.8288410145046,93.9226641547027,94.08295440673828,1850500,0.0,0.0
2006-12-11,94.39919971947614,94.39919971947614,85.88637846991737,89.47779083251953,6667670,0.0,0.0
2006-12-12,88.81063240677913,92.44969957829065,86.73116261857874,89.08356475830078,6323580,0.0,0.0
2006-12-13,89.66842892636225,92.70965400686008,87.53697412282345,90.03234100341797,4354300,0.0,0.0
2006-12-14,90.97675476808901,91.6612473353128,89.26552665525602,90.60851287841797,4598790,0.0,0.0
2006-12-15,91.92983689776752,93.13419522968158,90.98107832029547,91.5312728881836,3077800,0.0,0.0
2006-12-18,91.83453064677556,93.2035157349954,89.41714759417046,92.42371368408203,3283110,0.0,0.0
2006-12-19,92.96957647923949,92.96957647923949,89.01425186103315,90.00199890136719,5184970,0.0,0.0
2006-12-20,90.08431960967366,90.80347080085836,87.07775333727149,88.43807220458984,6991320,0.0,0.0
2006-12-21,88.36874721184002,89.13122324540475,86.64452305399227,87.4503173828125,4217680,0.0,0.0
2006-12-22,88.29077166639634,88.29077166639634,86.73116758335611,87.14706420898438,3686410,0.0,0.0
2006-12-26,87.93553120792049,89.65976210585542,86.99110900864368,89.31751251220703,1898780,0.0,0.0
2006-12-27,89.67707898658719,92.12045420760074,89.67707898658719,91.81719970703125,2260470,0.0,0.0
2006-12-28,92.27641613906782,94.26924279376388,91.5919236204627,93.58041381835938,4521150,0.0,0.0
2006-12-29,94.0959545379375,95.19634372728862,92.1031343929931,92.53202056884766,3109890,0.0,0.0
2007-01-02,93.55875204583558,93.55875204583558,92.28074013608645,92.70963287353516,2016770,0.0,0.0
2007-01-03,92.53636551489059,92.7096519397555,91.24102734400648,92.30242156982422,1516050,0.0,0.0
2007-01-04,91.49661507168088,92.27641710167283,89.67708140866796,90.9810791015625,3433420,0.0,0.0
2007-01-05,91.3839812078204,93.04322464815478,89.60343596180986,91.57460021972656,5954670,0.0,0.0
2007-01-08,91.32333507599154,91.32333507599154,88.0784950785021,88.80631256103516,3107030,0.0,0.0
2007-01-09,89.417140625751,89.67274697977828,86.99976437198855,87.848876953125,5231600,0.0,0.0
2007-01-10,88.24311418188907,88.24744402821115,86.21129909037813,86.52754974365234,3567750,0.0,0.0
2007-01-11,87.38099631537442,88.18679060857626,85.00693833956178,86.3109359741211,10057670,0.0,0.0
2007-01-12,88.23011743170257,92.69231159090145,88.03083212455306,91.98182678222656,6832570,0.0,0.0
2007-01-15,93.57174626998811,95.5689026033628,93.14285354136057,94.78910064697266,4852950,0.0,0.0
2007-01-16,95.65555422801904,95.71620512939275,93.59341036040817,94.97106170654297,6423470,0.0,0.0
2007-01-17,95.22231548433615,95.30895867012781,90.89009009023943,91.94281768798828,8693150,0.0,0.0
2007-01-18,92.27643951293538,93.05624173231861,91.08940687840456,91.93419647216797,6596330,0.0,0.0
2007-01-19,91.15003710236651,93.38546742030188,91.15003710236651,92.57100677490234,4500500,0.0,0.0
2007-01-22,92.70963049475502,92.969566682379,90.5911723801107,91.52259826660156,3443020,0.0,0.0
2007-01-23,91.40996010836415,91.40996010836415,89.11387921957082,89.4951171875,5341220,0.0,0.0
2007-01-24,90.11030787448365,92.26342489435922,90.11030787448365,91.70890045166016,3161940,0.0,0.0
2007-01-25,91.93415933952481,93.14284733353342,91.23667077646961,92.37171173095703,5092820,0.0,0.0
2007-01-29,92.70964774444171,100.50765549864708,91.00274943390426,92.0511474609375,5244380,0.0,0.0
2007-01-31,92.36306530687003,94.09595586276048,90.63017475097959,93.45478820800781,8244130,0.0,0.0
2007-02-01,93.58041857215353,96.26206772802682,92.41071878517425,95.6512222290039,4325660,0.0,0.0
2007-02-02,96.13208971294684,97.47508238104429,94.988382344094,95.8375015258789,9046890,0.0,0.0
2007-02-05,94.11762997785411,96.5046846345832,94.03531660857834,95.59925079345703,2184210,0.0,0.0
2007-02-06,96.23607402723992,96.23607402723992,93.67572671702688,94.38188171386719,3177220,0.0,0.0
2007-02-07,94.00930381800673,96.57398080633126,93.43311696909372,95.4779281616211,5445480,0.0,0.0
2007-02-08,96.166756006411,97.04186755583231,94.78911123823387,96.15809631347656,3335640,0.0,0.0
2007-02-09,94.29090877428543,97.04187529398823,94.26925292976982,96.50467681884766,4508550,0.0,0.0
2007-02-12,94.92340330665341,97.04186153740456,94.03963211910816,94.96672821044922,4460890,0.0,0.0
2007-02-13,94.44253378418173,94.44253378418173,91.08938823244824,92.59700775146484,11347880,0.0,0.0
2007-02-14,90.8251239467698,90.8251239467698,87.09941320432617,88.13914489746094,13360400,0.0,0.0
2007-02-15,88.81063008707162,92.26774447075398,88.38607380392341,90.2662582397461,7801500,0.0,0.0
2007-02-19,90.89011462330998,91.124051949137,88.94494251655698,89.52545928955078,5911170,0.0,0.0
2007-02-20,90.04532981584434,90.10164426484175,88.90595213898159,89.38249969482422,2322690,0.0,0.0
2007-02-21,89.24385497692221,89.41714137153146,87.51096458902082,88.03083038330078,11269470,0.0,0.0
2007-02-22,88.20413823489218,88.72400411667604,84.7383568757287,85.54415130615234,10739980,0.0,0.0
2007-02-23,84.86831512448123,86.54055483038499,80.14619084840508,83.02278900146484,5086290,0.0,0.0
2007-02-26,84.71235590131289,85.51815031212784,81.44585995838963,82.46393585205078,3754710,0.0,0.0
2007-02-27,82.74553638577923,84.99829312235889,79.71297746064596,84.55640411376953,6356890,0.0,0.0
2007-02-28,78.49993423196514,82.13900805835831,77.98006843118107,81.01262664794922,9170520,0.0,0.0
2007-03-01,83.17875431123447,85.69144716981037,81.53250681006726,84.93763732910156,6058340,0.0,0.0
2007-03-02,84.91164931866399,84.91164931866399,80.06388624121664,81.23792266845703,6513210,0.0,0.0
2007-03-05,79.85592177392063,81.35920470824105,76.55476771353334,80.41044616699219,4716770,0.0,0.0
2007-03-06,80.49276646565175,81.70579115911998,78.87684789685042,80.40178680419922,6724780,0.0,0.0
2007-03-07,82.83216988167209,83.17008302197253,78.49994335427864,79.32740020751953,4912640,0.0,0.0
2007-03-08,79.6263029928035,85.77806164744953,79.32737838696595,84.40474700927734,5127660,0.0,0.0
2007-03-09,85.17157568018814,85.69144153837836,82.85383185725496,84.6430435180664,4404030,0.0,0.0
2007-03-12,84.64304530789397,85.24522454003457,81.89207877655595,82.31663513183594,4823450,0.0,0.0
2007-03-13,83.17873816496274,84.0451833541811,81.47184008453021,83.19173431396484,3445740,0.0,0.0
2007-03-14,80.25017529417333,81.3592243480365,79.27975406681614,80.83502197265625,5187230,0.0,0.0
2007-03-15,83.61198749556807,84.91165569498105,79.27976016419149,79.57434844970703,5045770,0.0,0.0
2007-03-16,81.01262109605733,81.01262109605733,76.7237202704468,78.28331756591797,4798650,0.0,0.0
2007-03-19,78.84652081773184,80.8393476144491,78.41762802253169,80.11585998535156,2649830,0.0,0.0
2007-03-20,81.01263596235756,83.09210601503275,80.88266784460541,82.7671890258789,9071100,0.0,0.0
2007-03-21,83.00544688417733,84.03651210353352,82.31228812943296,83.6639404296875,3444570,0.0,0.0
2007-03-22,85.69143251296619,89.41714294629807,84.56505109681217,88.88861083984375,4804260,0.0,0.0
2007-03-23,89.24384659118132,89.24384659118132,86.29793188646948,87.610595703125,5775820,0.0,0.0
2007-03-26,88.20413421376452,88.20413421376452,83.80692034851789,84.32245635986328,7532600,0.0,0.0
2007-03-28,84.30511283000531,84.30511283000531,82.48557278943194,83.04443359375,4308160,0.0,0.0
2007-03-29,82.48558737213413,82.74119375169606,80.4061240046229,80.90432739257812,25630150,0.0,0.0
2007-03-30,81.96572756434078,84.03653139109196,81.27257526096008,82.67188262939453,10808880,0.0,0.0
2007-04-02,78.85518550615451,79.88625087754174,77.53818500003828,78.0970458984375,6620780,0.0,0.0
2007-04-03,78.079722490247,80.04222072002757,78.079722490247,79.21043395996094,6507920,0.0,0.0
2007-04-04,80.14617521999304,81.18590674082846,79.71295265123632,80.15050506591797,3751390,0.0,0.0
2007-04-05,80.15051174558408,82.13900852584018,79.53967289667375,81.67112731933594,2886200,0.0,0.0
2007-04-09,82.2863066394606,84.47841206933082,81.6711313037998,84.14482879638672,2135690,0.0,0.0
2007-04-10,84.47842729947274,86.21131811587219,82.6588932643441,85.94705200195312,3734370,0.0,0.0
2007-04-11,85.77809021063003,86.3845993154127,84.47842217713563,84.8553237915039,4426870,0.0,0.0
2007-04-12,84.04519911776542,84.04519911776542,82.48559484047088,83.0357894897461,3566670,0.0,0.0
2007-04-13,83.17873597918012,85.51813528441376,82.48557720183949,85.0156021118164,4200990,0.0,0.0
2007-04-16,85.77806518810551,86.55786710281497,83.7159282229419,84.47406768798828,3116840,0.0,0.0
2007-04-17,84.99828318938437,86.12466473127118,84.18815894368727,84.74268341064453,7400190,0.0,0.0
2007-04-18,85.34485306528666,85.95136206725496,84.40043096072851,84.9462890625,3189070,0.0,0.0
2007-04-19,83.74192787830786,85.9513591186414,83.18740349254519,85.12390899658203,3235180,0.0,0.0
2007-04-20,85.38817407558825,87.42431890127874,84.04518141904131,86.1766357421875,3575020,0.0,0.0
2007-04-23,86.55789604062153,87.36369052013711,85.25822795175469,85.5008316040039,3396480,0.0,0.0
2007-04-24,85.50082934611224,88.77599178589409,84.58672921666381,87.83589935302734,17187570,0.0,0.0
2007-04-25,87.94419427117562,90.11030743056419,87.94419427117562,89.33050537109375,16204190,0.0,0.0
2007-04-26,90.06267065537138,90.54354813716876,87.18174222246127,89.62944793701172,12635100,0.0,0.0
2007-04-27,85.36650864261705,90.11029445658235,85.36650864261705,87.9095230102539,3559370,0.0,0.0
2007-04-30,87.16437663549661,89.24384621900053,84.0668380152799,88.73697662353516,5108850,0.0,0.0
2007-05-03,88.81064774441118,90.11031576018306,86.6445343847914,87.04309844970703,10278840,0.0,0.0
2007-05-04,87.07775861375852,88.37742665276984,86.73117914793147,87.31603240966797,4187070,0.0,0.0
2007-05-07,87.61060418415691,88.36874373101641,86.47123324598417,86.64884948730469,4153940,0.0,0.0
2007-05-08,86.63585231226548,86.63585231226548,85.53546983445325,85.89070892333984,4769960,0.0,0.0
2007-05-09,85.82140494405961,86.47123888373562,84.91163478433212,86.18531036376953,2092860,0.0,0.0
2007-05-10,86.66620302524488,88.81065408221242,86.66620302524488,87.66694641113281,6472580,0.0,0.0
2007-05-11,85.48349869157462,87.51097757322385,82.96646947691062,86.00336456298828,7146150,0.0,0.0
2007-05-14,87.07775984298415,88.37309805324756,85.88639745707268,86.28929138183594,7878060,0.0,0.0
2007-05-15,86.45391518387073,87.91820992748008,86.2156413926838,87.60195922851562,5493450,0.0,0.0
2007-05-16,88.37740823837575,90.52619519041754,87.2813556160203,89.716064453125,23843830,0.0,0.0
2007-05-17,91.07258001148415,92.45960172205967,90.03449005961794,90.90247344970703,11521170,0.7,0.0
2007-05-18,90.72362444930498,95.25980300959206,90.1129873315359,93.3668212890625,20583370,0.0,0.0
2007-05-21,94.21300196890492,97.87683827218395,93.77683066349331,96.5508804321289,11208800,0.0,0.0
2007-05-22,97.929205224345,98.82771724927962,96.50292287360308,97.27494812011719,7553170,0.0,0.0
2007-05-23,93.82480827466962,98.13854215007044,93.82480827466962,97.23566436767578,5411460,0.0,0.0
2007-05-24,96.44618838130842,97.78959668165342,94.21299362512211,95.18565368652344,3505630,0.0,0.0
2007-05-25,92.64278625404931,94.6491770001009,92.56427861059889,93.2708740234375,6699810,0.0,0.0
2007-05-28,95.86172289447339,99.01088005236304,95.86172289447339,98.32608795166016,7182060,0.0,0.0
2007-05-29,98.31300596189071,100.40662948195737,97.79832703504768,99.83088684082031,4365720,0.0,0.0
2007-05-30,99.88322569049113,99.88322569049113,95.60874570539843,96.31098175048828,6553340,0.0,0.0
2007-05-31,96.94343085611273,101.17865711249249,96.94343085611273,100.11003875732422,9195500,0.0,0.0
2007-06-01,100.05768902019767,101.62790829116645,99.53428481502327,100.62035369873047,7433730,0.0,0.0
2007-06-04,101.71513155123681,103.30279459415995,100.14491908491384,101.92449188232422,4869380,0.0,0.0
2007-06-05,101.19173959473547,101.62791088609208,100.33248161832726,101.15684509277344,3117460,0.0,0.0
2007-06-06,101.19173442559838,101.36620027105056,97.52789842753936,98.33045196533203,4538310,0.0,0.0
2007-06-07,97.65002209915033,98.56597773575531,96.04490842978116,96.44182586669922,3122150,0.0,0.0
2007-06-08,95.08533928234249,95.95768184456581,93.87278365328771,95.168212890625,4911540,0.0,0.0
2007-06-11,96.43747039359732,98.40024110726257,95.08533679533866,95.72650909423828,4588960,0.0,0.0
2007-06-12,96.56831099732307,97.17895473369443,93.42787936387545,94.9239501953125,1993420,0.0,0.0
2007-06-13,94.92395405744156,95.08533529494278,93.76373690103127,94.46597290039062,3646960,0.0,0.0
2007-06-14,95.87046483698958,97.70238319072638,95.0853550695462,95.6436538696289,3440160,0.0,0.0
2007-06-15,95.95768738688349,97.52790675175633,95.52151608057949,96.86056518554688,3814070,0.0,0.0
2007-06-18,96.07545706455062,98.13418619620019,94.50087835698488,94.95013427734375,1918890,0.0,0.0
2007-06-19,94.21299754148932,96.80385603875158,94.21299754148932,95.95332336425781,6339220,0.0,0.0
2007-06-20,95.52152074667573,97.3141851693723,94.84109454047493,95.96205139160156,6681110,0.0,0.0
2007-06-21,95.95770124639988,97.17898241153435,95.60876281986903,96.1147232055664,12744070,0.0,0.0
2007-06-22,95.69598757579354,97.50173662400232,95.69598757579354,96.21939849853516,6449610,0.0,0.0
2007-06-25,96.81259692176428,96.81259692176428,95.26418727982409,95.94025421142578,3674930,0.0,0.0
2007-06-26,95.0853435980757,96.83002880171011,95.0853435980757,95.84428405761719,7439420,0.0,0.0
2007-06-27,96.28480336930453,96.28480336930453,94.4746953452646,95.1158676147461,4788870,0.0,0.0
2007-06-28,95.43428567228064,96.17577558150231,93.77683333343762,95.72216033935547,7325090,0.0,0.0
2007-06-29,95.95769174013527,100.40663793517957,95.34705454578565,100.03589630126953,9392050,0.0,0.0
2007-07-02,101.62791500819051,101.62791500819051,98.66194877557473,100.10567474365234,5016240,0.0,0.0
2007-07-03,100.89515138523743,102.32579276039834,99.44705943049506,100.36302185058594,4130750,0.0,0.0
2007-07-04,100.66832670960845,100.74247502410212,98.66193627992091,100.38481140136719,2925510,0.0,0.0
2007-07-05,100.73813625596378,101.1394130926642,97.88557194715806,98.4962158203125,5173740,0.0,0.0
2007-07-06,99.2813135452607,101.71515030501837,98.16471603299472,101.04344940185547,5131820,0.0,0.0
2007-07-09,101.62791774838512,102.8491987777382,101.45345188224017,101.85472869873047,4377570,0.0,0.0
2007-07-10,104.62878533856946,104.62878533856946,99.80909060053693,100.25834655761719,9238120,0.0,0.0
2007-07-11,100.49385870207645,101.54067375122138,99.3598173848096,100.2103500366211,4469980,0.0,0.0
2007-07-12,100.93003922027448,105.11728648950367,100.36302183742654,104.80760192871094,5386060,0.0,0.0
2007-07-13,105.20450556080984,108.1704714311398,104.92535622333438,106.98408508300781,8611970,0.0,0.0
2007-07-16,107.29814601294663,107.29814601294663,104.68111806141134,106.2208023071289,3308820,0.0,0.0
2007-07-17,106.42580520393028,107.0975061280505,103.73898819655672,104.62005615234375,3264100,0.0,0.0
2007-07-18,103.80877623567999,106.39963499315617,102.58749518417096,104.68547821044922,5890600,0.0,0.0
2007-07-19,103.90474810721267,106.3778390672232,102.58750865794391,105.48805236816406,9632820,0.0,0.0
2007-07-20,106.51302341612883,106.94919468863996,104.35397694828784,104.75961303710938,3723220,0.0,0.0
2007-07-23,104.54152781397937,107.72994541920984,103.8567423742624,107.32430267333984,3450280,0.0,0.0
2007-07-24,107.20217615539914,109.47899075859115,105.65376678768455,108.94686126708984,4567250,0.0,0.0
2007-07-25,108.60666857917218,108.60666857917218,105.64070200174399,108.0876235961914,2731370,0.0,0.0
2007-07-26,107.95239285957608,107.95239285957608,103.89599858467258,106.18589782714844,5614590,0.0,0.0
2007-07-27,103.80875165656417,103.80875165656417,100.32810714101566,102.00736236572266,6530330,0.0,0.0
2007-07-30,101.1830024991039,104.50663187713526,100.49385114051883,101.96375274658203,4747810,0.0,0.0
2007-07-31,102.93642069420247,105.54472304996304,100.40662597317112,104.73344421386719,6183720,0.0,0.0
2007-08-01,103.7128185443941,103.80877676964208,97.79397704403274,101.30951690673828,9801780,0.0,0.0
2007-08-02,100.29321801264064,101.35747692457004,99.46448864666435,100.52874755859375,5743380,0.0,0.0
2007-08-03,101.80237790708152,101.976850418891,99.27258971257909,100.75556945800781,2834350,0.0,0.0
2007-08-06,99.00215362131269,99.44705018302463,96.56831712081153,98.79279327392578,6850390,0.0,0.0
2007-08-07,101.01725977250763,101.97683514972059,98.66193113159056,99.56916809082031,3925360,0.0,0.0
2007-08-08,99.8832318837126,104.01813411738243,99.8832318837126,102.21675109863281,4867520,0.0,0.0
2007-08-09,103.62122309724256,104.02685922791969,99.35982746157184,100.8122787475586,4981730,0.0,0.0
2007-08-10,96.06672718554647,99.01088341030216,95.17257470471671,98.61833190917969,5591670,0.0,0.0
2007-08-13,99.44704804613875,100.22779167915766,97.89427941344748,99.06758117675781,3495030,0.0,0.0
2007-08-14,99.01962269727333,100.4938773488142,98.25195685437015,100.11441040039062,1869640,0.0,0.0
2007-08-16,96.0710790769759,97.16150722408541,94.32203472497254,95.43427276611328,6630700,0.0,0.0
2007-08-17,95.05916693652657,95.7657622588905,91.7006495137763,93.1749038696289,8906500,0.0,0.0
2007-08-20,96.05799852937982,99.35981829291836,96.05799852937982,96.90853118896484,8108420,0.0,0.0
2007-08-21,98.40023536925756,98.40023536925756,95.87480013789101,96.30224609375,2236130,0.0,0.0
2007-08-22,96.30661205068212,97.8681059035753,95.78756720521166,97.47554779052734,5452410,0.0,0.0
2007-08-23,97.92045805701932,99.88322893121347,93.77683065594277,95.97077178955078,8749280,0.0,0.0
2007-08-24,95.84428914972024,97.87684246180282,94.21736531897342,95.75704956054688,8395490,0.0,0.0
2007-08-27,96.09290925512495,98.30430119887637,96.09290925512495,97.66748809814453,5504680,0.0,0.0
2007-08-28,98.08618641921,101.05214540101034,97.59331080918,100.37171936035156,5140400,0.0,0.0
2007-08-29,97.78960956026464,102.93643251721461,97.74599642110982,101.41419219970703,6884250,0.0,0.0
2007-08-30,100.45460779552745,104.41940318723975,100.45460779552745,102.98876190185547,9014460,0.0,0.0
2007-08-31,102.32578825151046,104.24493928324972,101.01727436929394,102.2123794555664,6542910,0.0,0.0
2007-09-03,106.2775086491791,106.2775086491791,102.09462716092662,102.62239074707031,3930710,0.0,0.0
2007-09-04,102.93640874022736,104.24492241065398,101.67151485432618,102.62672424316406,2317330,0.0,0.0
2007-09-05,101.67589062750343,103.31589229725628,101.01727436941415,102.2778091430664,2018480,0.0,0.0
2007-09-06,101.19173796977597,103.59940532292646,101.1045050439946,103.33769989013672,1501660,0.0,0.0
2007-09-07,101.3923879235058,105.20452099886177,99.4950400203021,104.38015747070312,2612710,0.0,0.0
2007-09-10,102.15132233472988,105.20452159032652,102.06408940137351,104.34090423583984,2282520,0.0,0.0
2007-09-11,104.3408977538664,105.11728212676536,103.12397611339902,103.61685180664062,1811170,0.0,0.0
2007-09-12,103.98324335083909,104.84686738397598,102.9364348115443,103.12398529052734,1250510,0.0,0.0
2007-09-13,103.11089921148387,106.16409850554325,103.11089921148387,105.85877990722656,5630740,0.0,0.0
2007-09-14,105.72792711792943,109.03410657884874,105.55346124911766,107.53367614746094,4471910,0.0,0.0
2007-09-17,106.26877712103166,108.94686868356818,105.99398706749167,106.96228790283203,2402430,0.0,0.0
2007-09-18,106.42578510446442,107.72121425067158,104.99078461895171,107.39844512939453,2317390,0.0,0.0
2007-09-19,110.87475621972453,116.89392220148747,109.56624216523026,115.52433776855469,9971620,0.0,0.0
2007-09-20,115.7598524771184,116.8066608636754,114.28559145374052,115.6900634765625,5024250,0.0,0.0
2007-09-21,115.29317321370807,116.23530497706642,114.01519428492925,115.01403045654297,3698550,0.0,0.0
2007-09-24,117.06835553737328,118.28964296861174,116.48388768614278,117.46090698242188,4425100,0.0,0.0
2007-09-25,117.46092662833671,122.91306791838004,117.33008056173239,121.80955505371094,4816660,0.0,0.0
2007-09-26,121.25563766583687,121.25563766583687,118.64732815002418,120.00819396972656,7783580,0.0,0.0
2007-09-27,119.68976933841745,127.27478140665168,119.6025297531073,125.00669860839844,10823480,0.0,0.0
2007-09-28,125.48648441983642,125.95754355234948,122.38966562426258,125.2334976196289,5957270,0.0,0.0
2007-10-01,125.6173541075832,126.46352762720717,121.36031729222907,123.14425659179688,7230980,0.0,0.0
2007-10-03,123.31436228976249,125.51266957954925,122.66010527704323,124.2913818359375,4922650,0.0,0.0
2007-10-04,122.82583208889929,123.75923168347607,121.08114701181518,122.97412872314453,4029050,0.0,0.0
2007-10-05,123.00030829680533,123.87265090883942,121.44753951225601,122.40275573730469,2967090,0.0,0.0
2007-10-08,123.4626606258698,125.61734814856739,122.04073777275785,122.76914978027344,6707230,0.0,0.0
2007-10-09,119.17945958760552,124.30883910269756,119.17945958760552,123.97299194335938,4688390,0.0,0.0
2007-10-10,124.7624569475757,126.48969177021543,121.7877651396066,123.60660552978516,4537790,0.0,0.0
2007-10-11,124.30881120594883,128.66180524641464,123.95987951639368,127.42308044433594,4505070,0.0,0.0
2007-10-12,126.05350747118301,127.44926097515149,123.94243994682732,124.98052978515625,4658910,0.0,0.0
2007-10-15,126.48966220081776,133.03223093534282,126.48966220081776,130.78158569335938,11302540,0.0,0.0
2007-10-16,132.58297558604758,132.58297558604758,127.806895067307,131.52743530273438,4700670,0.0,0.0
2007-10-17,122.67751952766262,129.5253995796359,113.84068650001596,127.60188293457031,6257440,0.0,0.0
2007-10-18,126.31519919299662,127.62371296921366,118.64730101026609,121.09859466552734,6201550,0.0,0.0
2007-10-19,117.76623731882177,125.61731980674321,116.73687955963268,119.19251251220703,4979580,0.0,0.0
2007-10-22,120.27858469718142,121.86624107981672,116.10878873208314,119.67666625976562,5649020,0.0,0.0
2007-10-23,121.9535024839781,132.15990860516916,121.10732906698122,129.82203674316406,8882590,0.0,0.0
2007-10-24,132.59606183258862,133.0322330886169,128.1035032198538,132.06829833984375,6143730,0.0,0.0
2007-10-25,130.4239298892658,137.72979874723475,127.82435281670362,135.56202697753906,6432930,0.0,0.0
2007-10-26,134.16629266581123,136.07672506283575,129.64755113934385,134.90777587890625,3471630,0.0,0.0
2007-10-29,138.00459694135907,145.6812144993094,137.39395978228282,143.67047119140625,2928980,0.0,0.0
2007-10-30,144.3727197263841,149.90336935995865,140.6521785691943,141.36749267578125,4034020,0.0,0.0
2007-10-31,138.70244548540467,145.59394531409745,137.83010306096816,144.23309326171875,4207220,0.0,0.0
2007-11-01,150.77571700134288,150.77571700134288,145.35411003038305,147.44337463378906,7164870,0.0,0.0
2007-11-02,143.1121282170772,157.00418381031704,143.1121282170772,154.44822692871094,2918060,0.0,0.0
2007-11-05,152.65994030928383,152.65994030928383,146.1435406494963,149.69833374023438,4593000,0.0,0.0
2007-11-06,150.47914042694595,152.47679968074735,147.42594047625428,149.01361083984375,3683640,0.0,0.0
2007-11-07,152.45931679510767,152.45931679510767,140.44715571297905,141.04470825195312,4536040,0.0,0.0
2007-11-08,137.83016188727677,138.66761682895515,134.77696209863456,135.67984008789062,5213400,0.0,0.0
2007-11-12,129.12849226513023,132.59605900085737,126.92583279358387,128.87551879882812,8365650,0.0,0.0
2007-11-13,124.30883655657729,146.55357572985955,124.30883655657729,137.32418823242188,10322920,0.0,0.0
2007-11-14,143.04672681237744,155.27697302120984,141.3194923002022,152.86058044433594,11911840,0.0,0.0
2007-11-15,152.65995302075032,152.65995302075032,146.13918684593594,148.33749389648438,4768460,0.0,0.0
2007-11-16,143.9365458339329,148.5599648168379,142.36632630811135,147.17294311523438,6584330,0.0,0.0
2007-11-19,147.16419787015232,147.16419787015232,143.52653072875268,144.3334503173828,8875260,0.0,0.0
2007-11-20,142.19183310817502,146.03013493520504,141.16682796806984,142.21800231933594,5645860,0.0,0.0
2007-11-21,140.70885581006,140.70885581006,136.52160891285493,137.90863037109375,5563830,0.0,0.0
2007-11-22,139.4003338173049,139.9237313294759,135.33521458274828,138.8507537841797,4840010,0.0,0.0
2007-11-23,138.28373928785788,140.09821331745394,134.45415617714468,136.3209686279297,4318350,0.0,0.0
2007-11-26,140.4602611218719,146.008361297952,140.4602611218719,143.3564453125,4238570,0.0,0.0
2007-11-27,141.66843823989961,144.41632551970716,139.5748212455729,142.4230194091797,5567700,0.0,0.0
2007-11-28,147.86207587361523,147.86207587361523,138.28375751752466,140.12875366210938,5354070,0.0,0.0
2007-11-29,142.08715321712302,147.7748168356628,142.08715321712302,146.06503295898438,10429030,0.0,0.0
2007-11-30,148.2982540794798,152.51603675082725,147.7748431524892,149.70709228515625,6157540,0.0,0.0
2007-12-03,151.35145072749813,151.35145072749813,146.5535661223037,147.95803833007812,4904520,0.0,0.0
2007-12-04,150.74076941534958,150.74076941534958,147.48257001819704,148.442138671875,2623660,0.0,0.0
2007-12-05,148.73441183468742,151.61314504850486,147.86206924328164,150.37442016601562,8200970,0.0,0.0
2007-12-06,151.7875870318483,155.2769568486724,145.8731062572026,147.4215087890625,5180210,0.0,0.0
2007-12-07,149.17059012511976,151.7876180220517,149.17059012511976,150.02548217773438,5919750,0.0,0.0
2007-12-10,150.04292999488618,150.9152726111355,146.3267552415851,147.2470703125,4095970,0.0,0.0
2007-12-11,147.25144413811498,156.5855079675983,146.9897386771048,155.32496643066406,3630750,0.0,0.0
2007-12-12,155.0152612159603,156.91697480759706,150.1301511511857,155.63026428222656,7496460,0.0,0.0
2007-12-13,154.84079070997873,155.09376417322036,152.1365236887161,153.2138671875,3982280,0.0,0.0
2007-12-14,153.9684645807105,153.9684645807105,148.2982378397778,150.43112182617188,4778240,0.0,0.0
2007-12-17,149.95567282961264,149.95567282961264,145.24502857845147,146.86322021484375,4725560,0.0,0.0
2007-12-18,145.50671607930627,148.7343803214653,141.01851067041613,144.9615020751953,6633860,0.0,0.0
2007-12-19,148.29824594763542,148.29824594763542,142.41429921349263,144.2025909423828,5512930,0.0,0.0
2007-12-20,143.936550116719,144.79580823621515,141.86473613776622,143.29974365234375,5936900,0.0,0.0
2007-12-24,145.34539245177905,148.7344392522021,143.96272333272913,148.1368865966797,3396530,0.0,0.0
2007-12-26,148.13685456502918,149.6067496549283,146.55355068237876,148.88706970214844,2160840,0.0,0.0
2007-12-27,149.17057629966985,153.35782320885633,149.17057629966985,152.26739501953125,4364940,0.0,0.0
2007-12-28,148.21101519348045,151.61315961332733,145.4369718755476,150.9414520263672,3377370,0.0,0.0
2007-12-31,152.65995430570348,152.65995430570348,148.99611806454493,150.83676147460938,1889620,0.0,0.0
2008-01-01,150.9152628565777,151.7003658360994,148.73440645691616,150.87164306640625,1310520,0.0,0.0
2008-01-02,151.264211075928,151.33400008564584,147.45207793247678,149.6329345703125,6239750,0.0,0.0
2008-01-03,149.17060593889641,149.17060593889641,146.22208326962408,147.80975341796875,7018640,0.0,0.0
2008-01-04,148.5599718171896,149.51954084809609,147.77485536183642,147.98422241210938,3729820,0.0,0.0
2008-01-07,144.02375798005767,146.41396800909862,140.64778331522032,144.40757751464844,6322460,0.0,0.0
2008-01-08,147.33864601833278,150.28716798970814,145.68120055789853,149.6721649169922,9167490,0.0,0.0
2008-01-09,149.56317391740865,154.14297372518254,148.3244487095658,152.18893432617188,10049190,0.0,0.0
2008-01-10,156.10568861813272,156.8122839174881,148.74748171770236,150.21737670898438,8611000,0.0,0.0
2008-01-11,150.74080335189583,155.1025163348159,150.22612441452526,153.92921447753906,4151100,0.0,0.0
2008-01-14,154.7535721370477,159.2025247277695,150.2435624859023,155.55177307128906,11675460,0.0,0.0
2008-01-15,158.7924975714804,158.7924975714804,154.10365683000708,156.05770874023438,6228420,0.0,0.0
2008-01-16,147.86209008442634,151.66550485148213,143.96271708635496,146.00836181640625,12281700,0.0,0.0
2008-01-17,144.99207404935666,145.5067530052366,140.63907954393514,143.37823486328125,13356690,0.0,0.0
2008-01-18,137.92608992640245,141.8429130181079,135.70161361958037,137.04502868652344,9967410,0.0,0.0
2008-01-21,138.70247873555056,138.70247873555056,129.10670976642442,131.47076416015625,7434890,0.0,0.0
2008-01-22,130.75543011971604,155.2769808264928,117.85348908648683,124.43094635009766,11645060,0.0,0.0
2008-01-23,132.50883798120844,148.2982446474397,120.38328094909811,133.84352111816406,9332870,0.0,0.0
2008-01-24,133.46841857858675,142.8024817908586,128.67053425059834,131.7586212158203,8141910,0.0,0.0
2008-01-25,134.68968142483533,146.55354516751416,133.0409545741364,140.3119354248047,6072310,0.0,0.0
2008-01-28,135.21307417765232,139.57478624789917,124.74496520905988,138.7198944091797,5958070,0.0,0.0
2008-01-29,139.47013756632447,141.930136748772,130.86883909540097,134.10958862304688,6095210,0.0,0.0
2008-01-30,137.30676333897884,137.30676333897884,131.28760281977287,133.72579956054688,3965110,0.0,0.0
2008-01-31,134.51522522123017,138.69375369712927,132.16426885401063,136.9185333251953,6396850,0.0,0.0
2008-02-01,137.39396040446377,138.0743865720717,129.5603275319447,137.04502868652344,7287230,0.0,0.0
2008-02-04,141.65099448425613,141.65099448425613,133.1194849911877,134.98629760742188,5491300,0.0,0.0
2008-02-05,136.08542822784545,139.34799392727962,130.87317653386526,131.9199981689453,6071410,0.0,0.0
2008-02-06,130.84268541063437,132.13811484312203,126.61181802213446,130.86012268066406,7865940,0.0,0.0
2008-02-07,130.764150358668,131.89819840035221,129.28117060149248,130.1360626220703,16715320,0.0,0.0
2008-02-08,130.06628437049898,131.1130928072836,124.13435214753083,125.78744506835938,3880660,0.0,0.0
2008-02-11,125.78744514423832,128.1471201176562,117.827319074406,123.06572723388672,6926890,0.0,0.0
2008-02-12,124.74501280463515,126.05352692496349,120.92851328701082,122.79532623291016,4630920,0.0,0.0
2008-02-13,125.5998833215484,129.804581026058,124.74499130399725,128.103515625,5844120,0.0,0.0
2008-02-14,130.7641500734628,135.64927394503619,130.7641500734628,134.0310821533203,6332650,0.0,0.0
2008-02-15,132.59608519409647,137.39396985572498,130.17969228291724,136.28173828125,5442320,0.0,0.0
2008-02-18,137.65566305211175,138.70247149556033,134.36692776821772,135.81065368652344,1739240,0.0,0.0
2008-02-19,139.2258685200293,139.3741651479309,135.6623435457293,137.12351989746094,2744710,0.0,0.0
2008-02-20,136.9577946384594,136.9577946384594,131.63649920394576,134.0965118408203,3969550,0.0,0.0
2008-02-21,134.3407620135045,136.9577898449364,130.60277073299522,134.4149169921875,2989200,0.0,0.0
2008-02-22,128.2692230252632,134.31456289138023,127.36635874074356,128.60943603515625,4719170,0.0,0.0
2008-02-25,130.75543443185387,131.7062846905127,121.72233035281104,124.02531433105469,13660880,0.0,0.0
2008-02-26,126.48970726597939,128.18642041819052,126.05353586161394,126.91716003417969,6175120,0.0,0.0
2008-02-27,128.23434224719955,129.6824339324957,125.7307236342389,126.69029235839844,4606010,0.0,0.0
2008-02-28,128.13839255563522,130.06627538652083,126.66413156335042,128.45680236816406,6249960,0.0,0.0
2008-02-29,127.36200749621057,128.60945090643233,123.1485915413236,127.07849884033203,6846950,0.0,0.0
2008-03-03,124.74500719026082,124.74500719026082,118.82180606228557,121.24691772460938,5088000,0.0,0.0
2008-03-04,121.69179391542608,121.69179391542608,112.81570520959566,117.91891479492188,8482070,0.0,0.0
2008-03-05,117.0683866324537,117.91892608171607,115.1710386147175,116.26146697998047,6217520,0.0,0.0
2008-03-07,116.02157091085297,116.02157091085297,109.64910767092249,111.85614013671875,9191920,0.0,0.0
2008-03-10,110.35133485614854,115.89943412127276,106.87068987322246,114.40772247314453,7782270,0.0,0.0
2008-03-11,112.10474853978684,117.85349668778211,110.80495986199792,116.30072784423828,10376620,0.0,0.0
2008-03-12,121.60457426093907,125.59990566097706,117.45222755482641,119.55892944335938,6236940,0.0,0.0
2008-03-13,116.89393229520552,117.33010368436673,112.15275142476622,113.33040618896484,4279850,0.0,0.0
2008-03-14,112.96837259377843,115.66390817379572,111.22368730275483,114.75231170654297,4503400,0.0,0.0
2008-03-17,108.60666354189232,111.22369157904635,104.24495014663559,106.94921112060547,8637180,0.0,0.0
2008-03-18,106.77473413028947,107.99601508489889,101.67589063722104,107.38101196289062,12111460,0.0,0.0
2008-03-19,111.22366544500035,116.45335431761583,108.60663802276505,111.0143051147461,12654460,0.0,0.0
2008-03-24,112.10912929758094,117.85351223044067,112.10912929758094,117.05967712402344,6442120,0.0,0.0
2008-03-25,119.51096307351305,125.18119124853375,119.07479167543454,123.3492660522461,8768630,0.0,0.0
2008-03-26,122.2326566742498,127.06979542005966,121.83138648040895,125.54756164550781,12330840,0.0,0.0
2008-03-27,122.23261770541981,127.99008309948981,120.90666678835615,125.02412414550781,8577870,0.0,0.0
2008-03-28,124.30885966848193,124.41790252784024,119.16204203112771,122.73863983154297,6065070,0.0,0.0
2008-03-31,122.12795490390259,122.12795490390259,112.55835622977553,116.13059997558594,11801070,0.0,0.0
2008-04-01,115.15358750095284,116.89390670320557,110.78750859184409,114.23762512207031,7568270,0.0,0.0
2008-04-02,120.38327020890408,122.21519486252632,114.10240659931333,115.84709167480469,6711830,0.0,0.0
2008-04-03,115.58542210555576,119.38011864620933,113.8494551250294,116.12191772460938,5759050,0.0,0.0
2008-04-04,115.14923823984668,115.15360421290228,112.14837717415621,112.86805725097656,11649660,0.0,0.0
2008-04-07,112.35773195200666,115.3760299586432,111.50283325727477,113.70113372802734,6052000,0.0,0.0
2008-04-08,115.58540569746212,115.58540569746212,112.54092493660372,114.15039825439453,7349230,0.0,0.0
2008-04-09,114.18965481551905,122.04073916432644,113.0599726093034,120.37020874023438,7867660,0.0,0.0
2008-04-10,119.96892386907501,119.96892386907501,115.24519402994048,115.72061920166016,5423630,0.0,0.0
2008-04-11,117.67901196285658,118.20242284964716,113.57900438596968,116.02593231201172,4179520,0.0,0.0
2008-04-15,114.30302748040887,116.34430557096648,111.249828976948,113.69239044189453,8971380,0.0,0.0
2008-04-16,116.10444906567618,116.37050719157025,113.48305507522825,114.12859344482422,5515950,0.0,0.0
2008-04-17,114.97476665840459,123.43648790186633,114.97476665840459,122.23265075683594,18132640,0.0,0.0
2008-04-21,122.5641664083928,128.6225936923291,120.55777525696605,127.42747497558594,8975360,0.0,0.0
2008-04-22,126.48968224589146,132.28640279034784,124.58798168825048,131.57107543945312,6995710,0.0,0.0
2008-04-23,131.61904454201144,131.61904454201144,125.24222280864902,126.08403015136719,5479870,0.0,0.0
2008-04-24,128.22998110234764,128.22998110234764,122.83454488750056,125.84412384033203,12211510,0.0,0.0
2008-04-25,126.89967753357814,131.54926513197267,126.53329524336978,130.8862762451172,5451640,0.0,0.0
2008-04-28,130.88626783660013,135.12585308077854,130.88626783660013,132.8883056640625,11563080,0.0,0.0
2008-04-29,133.2523605073273,136.76131023376732,131.7084274465028,135.77880859375,5915690,0.85,0.0
2008-04-30,135.80513489408213,135.80513489408213,132.02424342021945,133.7041473388672,8090710,0.0,0.0
2008-05-02,135.53317375198918,138.3359535760165,134.39276249314125,135.129638671875,5983880,0.0,0.0
2008-05-05,135.0945589745151,136.74814664705008,133.00672968879596,134.09011840820312,4201550,0.0,0.0
2008-05-06,133.77871710264102,135.97181082563512,133.77871710264102,135.34458923339844,4309980,0.0,0.0
2008-05-07,135.0507039189081,136.14725074089597,132.93218134848337,135.26124572753906,3440580,0.0,0.0
2008-05-08,131.5855857332276,133.63831765812725,127.39239280537498,132.31808471679688,5890680,0.0,0.0
2008-05-09,137.05520142670463,140.35800008067986,126.60292249785257,127.41874694824219,6204230,0.0,0.0
2008-05-12,125.12475836826508,129.55920062102135,125.12475836826508,128.7828369140625,2617630,0.0,0.0
2008-05-13,130.68205361076872,131.14698835146933,128.08104799078552,129.85305786132812,5241620,0.0,0.0
2008-05-14,128.5152291532049,129.36615017134517,127.19937356460554,128.4976806640625,6026880,0.0,0.0
2008-05-15,127.40119835043265,130.42328796238093,127.40119835043265,129.69956970214844,2317940,0.0,0.0
2008-05-16,132.46286619341095,134.01558035966764,130.88383597226706,131.62071228027344,4909260,0.0,0.0
2008-05-20,131.5856317590005,132.0242505315305,127.19944403370049,128.18194580078125,6313120,0.0,0.0
2008-05-21,127.20817331560366,127.20817331560366,122.15090092540177,123.6948471069336,14458840,0.0,0.0
2008-05-22,123.51503697589676,123.51503697589676,118.51478613381524,121.38773345947266,5134010,0.0,0.0
2008-05-23,123.51504853963743,123.76067398044924,120.36576897769963,121.19036102294922,6643420,0.0,0.0
2008-05-26,120.18153906113152,121.19035684500304,117.19893687662096,118.21652221679688,3908590,0.0,0.0
2008-05-27,119.73415256961238,120.18153888094355,115.70762222530331,116.9094467163086,6282550,0.0,0.0
2008-05-28,117.08487681053951,119.35691846325686,115.532162865085,118.54547119140625,4127010,0.0,0.0
2008-05-29,119.74290952858199,120.60259846441427,114.39175583644229,115.75586700439453,6417260,0.0,0.0
2008-05-30,114.12860152106241,121.31316523955917,114.12860152106241,120.06748962402344,6580760,0.0,0.0
2008-06-02,121.05876490788314,121.05876490788314,113.51451768257982,114.96196746826172,4910970,0.0,0.0
2008-06-03,114.91810130491324,114.91810130491324,109.3476450611339,111.09334564208984,5200410,0.0,0.0
2008-06-04,111.4091565795396,111.4091565795396,104.92637233446838,106.5843505859375,4844590,0.0,0.0
2008-06-05,107.0229530374299,113.15484672289116,103.54909405344807,109.49237823486328,10616470,0.0,0.0
2008-06-06,109.65467681657678,111.84338657524017,106.84751976718856,108.11512756347656,9996580,0.0,0.0
2008-06-09,105.26849525470485,105.27287903260248,101.6718230053939,103.82982635498047,5561890,0.0,0.0
2008-06-10,102.63678287835457,104.82110228101507,98.25059557586079,99.333984375,15578710,0.0,0.0
2008-06-11,100.44368708507774,106.12379818211683,98.45236103703985,104.94830322265625,12784470,0.0,0.0
2008-06-12,101.43497203470129,103.05786680103829,98.36025693630889,101.89552307128906,12337690,0.0,0.0
2008-06-13,101.0928382556766,102.94380974453247,97.68038523240172,98.43919372558594,7253270,0.0,0.0
2008-06-16,99.79453821724942,102.81223061605354,99.12783585433615,100.81652069091797,10051630,0.0,0.0
2008-06-17,100.88229786190246,107.46157815724392,100.88229786190246,106.46591186523438,12872220,0.0,0.0
2008-06-18,108.0756445611919,108.0756445611919,101.97007308527945,102.49641418457031,10737990,0.0,0.0
2008-06-19,98.45235301850923,101.32091627470577,97.54879290511155,98.50936889648438,5970000,0.0,0.0
2008-06-20,98.42602906088828,99.82961419035023,95.84256530481716,96.34259033203125,6490850,0.0,0.0
2008-06-23,94.30302777383733,98.2418221296655,94.30302777383733,96.10575103759766,7434230,0.0,0.0
2008-06-24,94.74164038936013,97.2768559717633,91.40813555039615,92.95645904541016,3611410,0.0,0.0
2008-06-25,91.23270111889741,94.89955418158011,89.05276536923893,94.24600982666016,12971760,0.0,0.0
2008-06-26,94.82058715006447,96.390842895831,91.2414636522625,93.0310287475586,13987170,0.0,0.0
2008-06-27,92.02219681923218,92.02219681923218,87.37283631516136,89.61856842041016,10459010,0.0,0.0
2008-06-30,88.60098553542802,89.07469457805928,87.28512931460484,88.3729019165039,6711640,0.0,0.0
2008-07-01,89.039601358708,89.039601358708,83.34194169979789,84.67534637451172,10231680,0.0,0.0
2008-07-02,84.65340498846273,92.10992252630659,84.03934151540331,90.14491271972656,9040170,0.0,0.0
2008-07-03,89.30277667057211,89.47822148656674,82.89894049490742,86.3596420288086,17021890,0.0,0.0
2008-07-04,86.50876924051889,88.3378085202693,86.24121155061061,87.75006103515625,14015130,0.0,0.0
2008-07-07,87.72375490961095,92.1099426550915,87.39917460704051,88.19746398925781,13956330,0.0,0.0
2008-07-08,87.72375431240708,90.32915088633217,84.2148041399108,87.87727355957031,12081920,0.0,0.0
2008-07-09,90.26772578695255,93.5924561883324,87.7500521514365,92.8336410522461,23313860,0.0,0.0
2008-07-10,92.10992494360457,94.43460534026309,90.46948863282357,92.47836303710938,13095150,0.0,0.0
2008-07-11,91.67132431514787,94.30303697491289,90.802861011407,93.67142486572266,10524820,0.0,0.0
2008-07-14,93.67141762971521,93.86441094736942,88.71064072011899,90.50020599365234,9648400,0.0,0.0
2008-07-15,89.46067543004844,89.46067543004844,79.99966660118129,80.5435562133789,18560790,0.0,0.0
2008-07-16,80.53039779295275,82.46031743887409,78.27589789238877,79.26717376708984,10915850,0.0,0.0
2008-07-17,83.2322799013587,85.88154052725646,83.16210599773515,84.09635925292969,23244500,0.0,0.0
2008-07-18,85.41662207128071,91.49587851909712,85.41662207128071,90.7502212524414,28339150,0.0,0.0
2008-07-21,92.10991579787293,95.96098698009418,91.68883895225531,95.06620788574219,12365120,0.0,0.0
2008-07-22,93.86877888917783,103.07977093286844,93.86877888917783,96.61014556884766,22574180,0.0,0.0
2008-07-23,99.61030560892272,106.5843399930825,99.61030560892272,105.67201232910156,23783480,0.0,0.0
2008-07-24,109.12833279581072,109.56695149137846,103.99649539622625,106.48784637451172,13230330,0.0,0.0
2008-07-25,101.16303464720818,104.80357184161903,98.07516139622894,98.81642150878906,20062080,0.0,0.0
2008-07-28,98.81640532686534,101.29460503136312,97.37335272899757,98.8822021484375,14884020,0.0,0.0
2008-07-29,98.22427957421029,98.22427957421029,87.98692001111098,90.29405212402344,24735410,0.0,0.0
2008-07-30,92.10992946131125,96.93473529023709,91.67131074959073,95.97415924072266,18117770,0.0,0.0
2008-07-31,96.49612621435308,99.02256783674227,92.83365692864643,96.3338394165039,18039750,0.0,0.0
2008-08-01,96.03118444134127,98.68921283621687,90.02649304281562,97.22422790527344,30685000,0.0,0.0
2008-08-04,97.39089123879033,99.51819456799855,96.08380941313554,97.2636947631836,10056930,0.0,0.0
2008-08-05,96.5180395094278,104.82986195336466,96.32066244681833,103.90876007080078,20858170,0.0,0.0
2008-08-06,106.32116673520862,113.4531108479853,105.06671702641101,106.7071533203125,33273800,0.0,0.0
2008-08-07,105.2684987770677,110.97054246082554,105.2684987770677,109.88715362548828,18897530,0.0,0.0
2008-08-08,109.65466568612108,113.60223365082143,107.54929476638962,112.55831909179688,21243520,0.0,0.0
2008-08-11,116.65503644263065,117.18138428531539,113.25136411950281,115.04969024658203,26628650,0.0,0.0
2008-08-12,115.09353595139508,115.79532849819702,110.1108276089126,110.97490692138672,13596040,0.0,0.0
2008-08-13,108.88710148344984,109.65468427336339,106.3475019405067,106.7905044555664,12159990,0.0,0.0
2008-08-14,106.79050436833667,106.79050436833667,102.19816565929611,103.057861328125,9742920,0.0,0.0
2008-08-18,102.54903863267023,107.35629514451779,101.79461404187552,105.57989501953125,15046940,0.0,0.0
2008-08-19,104.39125705569657,106.14573196419568,102.3122018797205,105.86940002441406,9180240,0.0,0.0
2008-08-20,106.33872886345172,109.47924066191362,105.39131077462116,108.61954498291016,10909540,0.0,0.0
2008-08-21,108.07565658177367,108.77744925407764,101.80341385401726,102.31659698486328,6941180,0.0,0.0
2008-08-22,101.75953337243452,105.09303800485436,100.9700184128835,104.74214172363281,10062190,0.0,0.0
2008-08-25,106.15450390041099,108.9353449635387,105.64132080398828,105.94396209716797,7531350,0.0,0.0
2008-08-26,105.26848939265372,110.70735866749138,104.89566081560528,109.76871490478516,14303900,0.0,0.0
2008-08-27,110.8652545747529,111.23369935057013,107.54929844192691,108.25109100341797,14241010,0.0,0.0
2008-08-28,107.90020461192537,109.45291192858625,105.09304749425978,106.41767120361328,13568180,0.0,0.0
2008-08-29,108.44409484609113,113.57593253644919,108.44409484609113,111.99690246582031,12444460,0.0,0.0
2008-09-01,109.6108011988492,114.91808969789055,109.6108011988492,113.8917236328125,7211740,0.0,0.0
2008-09-02,114.25138791562554,121.58509209577682,112.73375778693485,117.51908874511719,28561030,0.0,0.0
2008-09-04,114.05842338910124,117.23401885268409,112.9267795192554,114.30842590332031,25190660,0.0,0.0
2008-09-05,111.8477825471594,112.2864013022463,108.77745126155111,109.52310180664062,23965120,0.0,0.0
2008-09-08,113.51453034571577,115.70762415753859,113.24697932575292,114.13737487792969,17108360,0.0,0.0
2008-09-09,111.40915034283323,115.22513840565854,111.08457009384726,113.47943115234375,17933580,0.0,0.0
2008-09-10,113.14608870843358,113.14608870843358,109.65468721545639,111.90918731689453,16696920,0.0,0.0
2008-09-11,110.9749280443731,112.62852261354745,109.47924318643602,109.91786193847656,12170200,0.0,0.0
2008-09-12,110.10645454217263,111.82145530931314,107.2861394415664,109.18974304199219,13034290,0.0,0.0
2008-09-15,105.72903540798359,106.5843405055815,101.39548065643423,105.56674194335938,17413330,0.0,0.0
2008-09-16,100.88230238482831,109.12833539658102,94.36881192330044,107.930908203125,14146790,0.0,0.0
2008-09-17,109.452915191419,109.47923793722379,102.22448037835484,104.1587905883789,16686490,0.0,0.0
2008-09-18,103.41753306695516,108.25111378688723,95.35571793174377,107.35194396972656,27105720,0.0,0.0
2008-09-19,110.55384528114588,114.39175223444823,110.10645233070582,114.00138854980469,18163130,0.0,0.0
2008-09-22,114.5672220935469,115.97518452373558,112.47939257402312,114.10228729248047,11377090,0.0,0.0
2008-09-23,111.85655052821494,113.31715170394256,107.22473780489352,108.22917175292969,11054940,0.0,0.0
2008-09-24,109.54940456393135,113.60224377840319,109.54940456393135,112.33901977539062,13079970,0.0,0.0
2008-09-25,111.85655825518552,115.33918559405484,111.24248797437991,114.097900390625,17412340,0.0,0.0
2008-09-26,114.03646694231534,114.04085741252447,107.91773766200905,109.18096160888672,13086330,0.0,0.0
2008-09-29,111.1459837599963,111.1459837599963,103.9701810530141,105.29920196533203,14260730,0.0,0.0
2008-09-30,100.0050654166132,109.05377150367774,100.0050654166132,107.87388610839844,23163200,0.0,0.0
2008-10-01,108.60198504159511,114.47947252475394,106.26853051169324,113.62416076660156,13669400,0.0,0.0
2008-10-03,112.28639518799439,114.80406242171415,110.82579400995317,111.91356658935547,13953420,0.0,0.0
2008-10-06,109.65467277018222,110.53191015234367,104.59301601993825,105.50972747802734,15018590,0.0,0.0
2008-10-07,107.91336790015315,109.65468483068773,95.89082664904674,99.0269546508789,28642690,0.0,0.0
2008-10-08,95.96978268765693,99.21555872161612,85.5306552242882,97.02685546875,33813150,0.0,0.0
2008-10-10,91.24145821633259,96.32066325196631,85.53941546827679,91.91254425048828,45386960,0.0,0.0
2008-10-13,93.90826775911302,104.39125216961821,92.0309802303095,102.90433502197266,22046420,0.0,0.0
2008-10-14,107.4615843932408,109.47923314467904,98.77693256086162,100.09278869628906,21975310,0.0,0.0
2008-10-15,97.81197655509104,101.2244297308723,96.75929428273547,99.719970703125,16445360,0.0,0.0
2008-10-16,96.40839604502985,98.36463178929128,91.32041621324997,95.90837097167969,27313620,0.0,0.0
2008-10-17,98.95237371388764,100.44367450097843,88.16235185457059,90.0352554321289,17117140,0.0,0.0
2008-10-20,90.79407895164276,97.62337592880593,90.44318262196714,94.77235412597656,12182810,0.0,0.0
2008-10-21,96.49611825543819,98.42603794343074,94.04862499836995,95.57940673828125,15447680,0.0,0.0
2008-10-22,93.86440189948277,96.93473280273689,91.23268969669354,91.97834014892578,12960220,0.0,0.0
2008-10-23,89.91683161214765,98.07514193797562,87.46495473689578,94.23722839355469,17067570,0.0,0.0
2008-10-24,92.10993573946665,92.10993573946665,80.91199980142046,85.346435546875,31967620,0.0,0.0
2008-10-27,83.33755065429236,83.33755065429236,75.61785907446296,81.78484344482422,17108110,0.0,0.0
2008-10-29,86.84650175076129,87.71935536463047,80.73654653204751,83.42089080810547,23982790,0.0,0.0
2008-10-31,84.65341670556843,92.98717275430315,84.65341670556843,89.70630645751953,29372790,0.0,0.0
2008-11-03,92.56170464939369,96.32067015844956,91.23269051055262,93.91265106201172,21550360,0.0,0.0
2008-11-04,94.69340657769946,99.28136188531889,92.12310030177015,97.6058349609375,21047690,0.0,0.0
2008-11-05,100.44805302576933,102.46131768369418,94.74162688964444,96.35135650634766,15012760,0.0,0.0
2008-11-06,92.9959598117231,96.934754760121,90.46951124137577,93.18456268310547,13054380,0.0,0.0
2008-11-07,93.5135118112959,97.81197669989423,90.53090311148539,95.6013412475586,13780370,0.0,0.0
2008-11-10,97.37334134141351,97.78564394766941,92.3292268124664,96.55751037597656,18493570,0.0,0.0
2008-11-11,94.91710669225102,95.44345461230353,89.05277541311054,89.77210998535156,12354100,0.0,0.0
2008-11-12,87.72813368553216,93.07489731323727,87.03950572901005,88.30711364746094,19011220,0.0,0.0
2008-11-14,90.44316765168585,92.89943486005957,87.93426834504932,88.50885772705078,17889030,0.0,0.0
2008-11-17,88.69746784764797,89.02204807235762,79.50401759363132,82.14888763427734,35846110,0.0,0.0
2008-11-18,80.7058377831186,81.648865275751,77.69252956845256,80.27599334716797,25120910,0.0,0.0
2008-11-19,81.1444466754885,85.44291059469383,76.32841598462154,77.59602355957031,24388690,0.0,0.0
2008-11-20,75.41609693457566,75.41609693457566,70.96850378564068,72.03873443603516,32424640,0.0,0.0
2008-11-21,72.81509781988237,76.14421928939434,70.00355665937192,75.1310043334961,31007950,0.0,0.0
2008-11-24,75.00380770356247,75.18364300081748,70.88079405077548,72.73176574707031,18036670,0.0,0.0
2008-11-25,74.12656333406547,77.63551307768986,72.66157842237199,73.28441619873047,24169950,0.0,0.0
2008-11-26,74.56517547185747,81.10059111551018,73.2493194341188,79.48209381103516,24273800,0.0,0.0
2008-11-27,79.48209381103516,79.48209381103516,79.48209381103516,79.48209381103516,0,0.0,0.0
2008-11-28,71.06059986668967,82.10940392089991,69.43771231924323,80.94706726074219,27592520,0.0,0.0
2008-12-01,81.14445286543449,85.09202084267184,78.0741222164721,78.85047912597656,21478500,0.0,0.0
2008-12-02,77.19252677713588,78.4908347067023,74.13535313617766,77.7144775390625,17364840,0.0,0.0
2008-12-03,79.12681643820846,79.12681643820846,75.53891842922164,77.23198699951172,19717260,0.0,0.0
2008-12-04,76.49510578460547,80.59180991374396,76.49510578460547,79.99967193603516,17895490,0.0,0.0
2008-12-05,80.70583700534907,82.10941544079715,75.8810315322032,78.1004409790039,19920390,0.0,0.0
2008-12-08,81.09619905522642,83.68843679107863,77.38109868603571,78.77590942382812,24643320,0.0,0.0
2008-12-10,79.21454781736342,82.45594006674163,79.21454781736342,81.0348129272461,32299370,0.0,0.0
2008-12-11,81.14445897332797,83.24983005822101,79.1399683147989,80.57864379882812,22329190,0.0,0.0
2008-12-12,79.38998939207755,81.58308302169296,76.84599944316557,80.70146179199219,16075520,0.0,0.0
2008-12-15,82.03485588571901,84.10075293172612,81.14446044972097,82.83314514160156,15353390,0.0,0.0
2008-12-16,82.19714483801111,87.63602094113246,81.78484886622928,86.40350341796875,18939250,0.0,0.0
2008-12-17,88.00447046303239,89.47822980996702,86.67107233618263,87.916748046875,25798390,0.0,0.0
2008-12-18,87.5570706902173,93.85563606095586,87.1096843944663,92.86874389648438,19852650,0.0,0.0
2008-12-19,92.19766989407003,95.12325647020063,90.58355593184281,92.2941665649414,20291690,0.0,0.0
2008-12-22,92.28536230121364,93.42577348091336,88.42552349285354,89.34661865234375,11942690,0.0,0.0
2008-12-23,88.77642780510926,89.30277563255656,85.36836510985286,85.95172882080078,13169430,0.0,0.0
2008-12-24,87.23249345920618,87.72374428551207,82.63576443983615,86.33770751953125,13548740,0.0,0.0
2008-12-26,87.28512223344254,89.46944150882076,84.7411324076786,85.33765411376953,8388570,0.0,0.0
2008-12-29,83.89897191107215,88.60096421053977,83.86388161716098,87.92987823486328,13030290,0.0,0.0
2008-12-30,87.6404042210782,90.73266749501524,87.31144018539959,89.39049530029297,18855380,0.0,0.0
2008-12-31,90.53090460527781,90.53090460527781,86.71053915542257,87.5790023803711,10393370,0.0,0.0
2009-01-02,89.47821477956371,90.53089698220721,88.00445568018871,89.09661865234375,10468520,0.0,0.0
2009-01-05,90.35544595968733,92.06605609442958,90.18438494621311,91.59235382080078,10059080,0.0,0.0
2009-01-06,91.59675109188916,97.6365329375037,90.70635559663593,96.53121185302734,18289930,0.0,0.0
2009-01-07,97.81197797140435,98.71114771732294,87.37285073275909,88.53519439697266,37782380,0.0,0.0
2009-01-09,87.72373058872083,92.72398055516211,85.53063732400281,89.25889587402344,21413570,0.0,0.0
2009-01-12,88.77643426879375,89.65367178802211,86.84651440360781,88.04833221435547,18056570,0.0,0.0
2009-01-13,87.72374625368073,88.77642853160863,85.53942684594548,86.7456283569336,12528110,0.0,0.0
2009-01-14,91.64500200310701,91.64500200310701,84.82009537554266,85.75434875488281,28325170,0.0,0.0
2009-01-15,84.21479549750242,84.21479549750242,79.56982478961305,81.12692260742188,29247490,0.0,0.0
2009-01-16,82.28486498303954,82.85945436859382,80.89882838270434,82.2453842163086,7808800,0.0,0.0
2009-01-19,83.24982678910247,83.73230332135053,81.7146614093506,82.55680847167969,10148450,0.0,0.0
2009-01-20,81.14447164699011,81.14447164699011,79.12682264784036,80.04354095458984,8011110,0.0,0.0
2009-01-21,79.54790186040192,79.54790186040192,77.19690494217846,78.02589416503906,19760400,0.0,0.0
2009-01-22,78.95136708070146,80.44266800399858,77.3723370619713,78.99523162841797,16299600,0.0,0.0
2009-01-23,78.30221697891407,79.94264673368878,75.88981398161893,76.53458404541016,15929700,0.0,0.0
2009-01-27,78.6882061105358,79.29788594435612,77.19690494217846,78.02589416503906,12274930,0.0,0.0
2009-01-28,78.77592287787779,80.3374044123471,78.54345549734109,79.98212432861328,13174590,0.0,0.0
2009-01-29,81.1356879985914,82.24539281173345,79.82860610232584,81.00849151611328,23436980,0.0,0.0
2009-01-30,78.28466230076818,82.02169543185869,78.28466230076818,81.19709014892578,7484510,0.0,0.0
2009-02-02,80.70584130705338,80.74970585444505,76.93371778623803,77.96009063720703,13079720,0.0,0.0
2009-02-03,78.54347068700059,79.8110787344796,78.07414536468413,78.7934799194336,11480200,0.0,0.0
2009-02-04,79.82860453261054,80.9295350758261,77.38549512640833,77.71007537841797,37993560,0.0,0.0
2009-02-05,78.50836112889826,78.92504754263659,77.20566309419077,77.56971740722656,10773010,0.0,0.0
2009-02-06,78.33730233331775,79.37244273086495,77.75832243798905,78.81100463867188,11709830,0.0,0.0
2009-02-09,79.65317396032277,80.88130120296718,79.21455517572362,80.65760803222656,10290560,0.0,0.0
2009-02-10,81.16639164107362,84.05250348549757,80.82426959105526,83.07437896728516,8321990,0.0,0.0
2009-02-11,81.31990095656596,82.71909562283545,79.56542622876268,81.97782897949219,9321390,0.0,0.0
2009-02-12,82.03924438194294,82.54804371543176,81.10499103737111,81.92082214355469,7140320,0.0,0.0
2009-02-13,82.46031700754163,83.67967647893207,82.19714310593335,82.82437133789062,7607900,0.0,0.0
2009-02-16,82.46030840635845,82.46030840635845,79.65315164836423,80.17510223388672,13997680,0.0,0.0
2009-02-17,79.56543562783554,80.21459617261692,76.34159195033801,77.22321319580078,17182670,0.0,0.0
2009-02-18,76.75826793416992,77.89867916345067,75.87664680901608,76.8810806274414,7830490,0.0,0.0
2009-02-19,77.54777524248414,78.267109529085,76.70123780502462,77.59602355957031,8960790,0.0,0.0
2009-02-20,76.84599183821882,77.10039147721281,74.88098201452901,76.01261901855469,9997450,0.0,0.0
2009-02-24,74.82835778495368,75.44242132794862,73.24932768469431,74.9599380493164,7685210,0.0,0.0
2009-02-25,75.8722655894802,76.43808749577262,75.45996291488959,75.81963348388672,10926310,0.0,0.0
2009-02-26,75.9950655901447,77.44689895697135,73.77565627153173,76.74072265625,32437620,0.0,0.0
2009-02-27,76.40738539087506,78.76715642237504,73.95112439113737,78.0302734375,13551940,0.0,0.0
2009-03-02,76.59160183093277,76.92934013292314,73.46863856038728,74.18797302246094,18569110,0.0,0.0
2009-03-03,73.4203993960261,73.96867288655524,71.93348195742274,72.94230651855469,16714920,0.0,0.0
2009-03-04,72.89843468105853,74.56518726434923,72.81071226989397,73.60022735595703,17119990,0.0,0.0
2009-03-05,74.53886985934932,74.95994010242424,69.40264146134159,70.30181121826172,24224790,0.0,0.0
2009-03-06,70.17898818319263,72.63086497657335,67.89817240579684,70.3368911743164,23708540,0.0,0.0
2009-03-09,70.09126821062375,71.46853063363984,68.62189291760396,70.0693359375,17589460,0.0,0.0
2009-03-12,71.4948393518764,73.1615915464903,69.40262653489874,70.06055450439453,28705440,0.0,0.0
2009-03-13,71.49484804404919,73.40722584226421,71.25360642067994,73.18353271484375,45726300,0.0,0.0
2009-03-16,73.68793505428849,74.7932559540839,72.5168240324533,74.11339569091797,27255110,0.0,0.0
2009-03-17,74.03883503388413,75.35469108297167,70.97727850032162,72.6484146118164,20923510,0.0,0.0
2009-03-18,73.67917031321124,75.44241943205812,73.00370043289156,73.95111846923828,18910410,0.0,0.0
2009-03-19,74.45114149801813,75.70559126374691,71.84574531590525,73.021240234375,24426110,0.0,0.0
2009-03-20,72.79754445261959,73.83706860533995,71.14395011874906,73.62653350830078,20286070,0.0,0.0
2009-03-23,74.9029058370592,78.9338121454805,73.86337512567387,77.635498046875,20449730,0.0,0.0
2009-03-24,80.37687610639185,85.44292338780842,79.82860273595261,82.60944366455078,37700540,0.0,0.0
2009-03-25,83.15334274411134,85.69733281174254,82.19715039672572,85.2806396484375,17909000,0.0,0.0
2009-03-26,86.6710730011823,88.16237416567415,85.54381953189723,87.144775390625,23156420,0.0,0.0
2009-03-27,86.05698800451559,88.86415171333792,86.04821375649323,87.85093688964844,22880780,0.0,0.0
2009-03-30,85.96926100500788,85.96926100500788,82.52171792352404,82.94279479980469,13254840,0.0,0.0
2009-03-31,83.51299425639088,86.6622798689031,79.33734922852429,85.3902816772461,37202700,0.0,0.0
2009-04-01,86.4078910446167,88.16236598968506,83.47792109889211,87.72374725341797,12946820,0.0,0.0
2009-04-02,88.68868926433615,92.27659328430809,88.68868926433615,90.9300308227539,17795660,0.0,0.0
2009-04-06,92.54855371300901,94.3030286649144,91.25462977453695,93.35122680664062,13472880,0.0,0.0
2009-04-08,93.42578470698388,93.42578470698388,87.04827164411424,91.8248291015625,26514260,0.0,0.0
2009-04-09,93.32052676112131,94.74165398022961,90.5396853755641,91.61869049072266,14886190,0.0,0.0
2009-04-13,91.23267774558354,97.80757361367182,91.23267774558354,96.35135650634766,17111010,0.0,0.0
2009-04-15,92.53539395287123,96.90842322400079,91.452005154941,94.9828872680664,31337760,0.0,0.0
2009-04-16,96.3908332629851,97.17596440380115,92.74591330890625,93.52227020263672,19520750,0.0,0.0
2009-04-17,95.09252320820718,96.3206567480336,92.68450444703008,94.03106689453125,23521060,0.0,0.0
2009-04-20,93.8644002552998,96.49611241199045,91.95640626458304,93.61000061035156,11465890,0.0,0.0
2009-04-21,91.23268432363989,96.49610841923449,90.77652384684922,95.36447143554688,15048050,0.0,0.0
2009-04-22,95.61887407265053,96.70226276843816,93.42578063061725,95.56185150146484,12091220,0.0,0.0
2009-04-23,96.05750517332308,96.49612391840675,93.4696572544458,95.83819580078125,14411550,0.0,0.0
2009-04-24,96.49611685985188,98.50499136852365,94.47846810293882,97.3952865600586,18655130,0.0,0.0
2009-04-27,96.49612227168264,100.0006883944998,95.61888479648553,97.8470687866211,14392790,0.0,0.0
2009-04-28,98.09706858129525,98.86465129849721,93.25033734976638,94.02668762207031,14800880,0.0,0.0
2009-04-29,95.26799220320304,97.3733635647836,94.03985835121512,96.5268325805664,21428150,0.0,0.0
2009-04-30,96.5268325805664,96.5268325805664,96.5268325805664,96.5268325805664,0,0.0,0.0
2009-05-04,100.8866726030125,105.88253872542059,98.27250921444136,105.2158432006836,22633070,0.0,0.0
2009-05-05,105.86501311476196,106.1413450463689,102.19816039676306,104.67635345458984,15231940,0.0,0.0
2009-05-06,104.40002648764046,105.18076725047919,101.84726240100859,102.8078384399414,12143090,0.0,0.0
2009-05-07,103.5140298553927,104.21582256542715,102.34291854109588,103.19384002685547,7728840,0.0,0.0
2009-05-08,101.75953092477292,103.0753869281105,97.77248884092958,100.36033630371094,22569330,0.0,0.0
2009-05-11,104.18948125487545,104.18948125487545,99.82961707406992,100.61912536621094,16918360,0.0,0.0
2009-05-12,100.35596773832897,105.61500207877704,99.93928127933563,104.85619354248047,17304420,0.0,0.0
2009-05-13,104.82986777878597,105.16321557654419,100.61912564277307,102.13674926757812,23759760,0.0,0.0
2009-05-14,101.07968463676357,102.54906005424577,98.36024985882358,102.0797348022461,9601650,0.0,0.0
2009-05-15,103.0754113109224,104.56671245702773,101.51392955510143,103.9482650756836,20759960,0.0,0.0
2009-05-18,110.63281218237395,135.06826717921646,110.63281218237395,120.89210510253906,135750,0.0,0.0
2009-05-19,122.1114244898854,131.49786053896878,105.82112876268884,123.84835052490234,49653480,0.0,0.0
2009-05-20,122.55006563155214,123.7782060582631,118.5147815067097,121.11139678955078,14518990,0.0,0.0
2009-05-21,120.567521752742,123.2518663078607,117.04102332465385,120.2692642211914,19088350,0.0,0.0
2009-05-22,119.2165797190989,122.27814363949764,117.6507208387505,120.16838836669922,9138040,0.0,0.0
2009-05-25,120.6201444157767,121.92284251089032,118.11124487650532,119.6200942993164,8380670,0.0,0.0
2009-05-26,120.04995054937022,122.10707344325361,116.23396228246803,117.19892883300781,12475810,0.0,0.0
2009-05-27,120.1902999817479,124.47999064021359,119.94029747784532,123.61153411865234,26970540,0.0,0.0
2009-05-28,122.9009721963672,127.52400392390254,121.40965782172357,126.31780242919922,35154430,0.0,0.0
2009-05-29,126.72573040433497,128.06790265833587,124.65544944627123,126.71694946289062,15360700,0.0,0.0
2009-06-01,127.55032775491684,130.18204026748526,124.28262608316027,125.7651596069336,11111180,0.0,0.0
2009-06-02,125.83969098942775,127.19941151375964,120.97102118195765,122.62023162841797,9788620,0.0,0.0
2009-06-03,124.56771134411261,125.26950394429413,118.24282377283006,120.247314453125,14329760,0.0,0.0
2009-06-04,119.3920377846523,122.78694287309327,118.6025159459008,121.83075714111328,12131480,0.0,0.0
2009-06-05,122.7167567772271,125.53269512076572,121.51055518093791,124.44491577148438,10107420,0.0,0.0
2009-06-08,124.56770355150879,125.00632222598593,121.49737283016877,122.81761932373047,7854740,0.0,0.0
2009-06-09,121.92723985735246,125.44495726679379,120.90087363143937,124.58964538574219,6446650,0.0,0.0
2009-06-10,126.34412778493987,135.88408576368317,125.88358344364723,131.69528198242188,16238230,0.0,0.0
2009-06-11,133.77872970796648,137.7262987813163,131.69968094605548,136.54202270507812,18136490,0.0,0.0
2009-06-12,137.4192208195313,138.5157674694975,132.98918306213125,134.05502319335938,11743780,0.0,0.0
2009-06-15,133.66467884577978,136.8929199331799,131.76107500222167,134.48489379882812,9209670,0.0,0.0
2009-06-16,132.28741795540626,135.97181278604063,130.40134929508937,135.63845825195312,13729040,0.0,0.0
2009-06-17,135.0945374179374,138.95437598993288,133.34006290601613,135.51123046875,17855710,0.0,0.0
2009-06-18,134.21731013222217,137.26132470737446,132.1777360377209,133.76553344726562,15667760,0.0,0.0
2009-06-19,134.66471476391916,137.6297815982114,133.77870976722087,136.74815368652344,8915220,0.0,0.0
2009-06-22,139.38358894052246,139.38358894052246,134.57178075748547,136.24046325683594,10216530,1.0,0.0
2009-06-23,133.73303164310423,133.73303164310423,128.58129776039087,131.15054321289062,14706500,0.0,0.0
2009-06-24,135.66663806483464,135.66663806483464,128.12665224730074,128.70054626464844,11891810,0.0,0.0
2009-06-25,132.40870429842244,132.40870429842244,128.55043006659326,129.30088806152344,19891170,0.0,0.0
2009-06-26,130.66938431912226,132.5411306483279,129.87477858706427,132.28509521484375,18387660,0.0,0.0
2009-06-29,132.8766595375326,135.33994849429985,131.72888503317262,133.12387084960938,18100240,0.0,0.0
2009-06-30,134.54973594906997,134.64243680552917,130.603166395764,131.8303985595703,10292420,0.0,0.0
2009-07-01,132.25864186024484,134.02444478635755,130.94753264872583,132.65594482421875,5927280,0.0,0.0
2009-07-02,133.22979760350722,133.22979760350722,129.36710450813712,132.47933959960938,6792600,0.0,0.0
2009-07-03,131.54346760503634,134.64244627260217,130.93426356146256,133.8257598876953,9805270,0.0,0.0
2009-07-06,134.64243928337325,136.67311483253965,123.60617376834267,125.7207260131836,15250410,0.0,0.0
2009-07-07,127.13779083559646,127.99420619884665,124.04763619723127,126.0165023803711,10339870,0.0,0.0
2009-07-08,124.90404832597481,124.93053428728595,120.09664426793358,121.4254150390625,10809700,0.0,0.0
2009-07-09,121.48724011897797,124.40080401150054,120.51604317346613,123.59737396240234,5845740,0.0,0.0
2009-07-10,124.04762989392604,124.91286937654094,120.10106009285003,121.73883819580078,10733910,0.0,0.0
2009-07-13,120.95749242280861,122.00814724973942,119.19168961371652,121.29299926757812,7641280,0.0,0.0
2009-07-14,122.82481901729612,126.23722391465317,118.5030133880432,120.29972076416016,25535120,0.0,0.0
2009-07-15,122.72327917471019,122.72327917471019,117.695149867141,121.99488830566406,21291690,0.0,0.0
2009-07-16,123.60617278355235,124.22420095306937,120.25114539931234,122.76300048828125,14423200,0.0,0.0
2009-07-17,122.7232522968905,127.91912039493539,121.31502397155094,126.84197998046875,12488670,0.0,0.0
2009-07-20,128.10900410369948,131.19915913817323,125.39849022118355,130.1175994873047,11256780,0.0,0.0
2009-07-21,129.52161781640348,130.6340820747756,128.16636108970664,128.98304748535156,8386610,0.0,0.0
2009-07-22,129.78648607555644,130.11315523286854,126.51975408642285,127.59247589111328,14934610,0.0,0.0
2009-07-23,128.87270459654113,129.80857796117633,126.66545101126688,128.81973266601562,12939260,0.0,0.0
2009-07-24,128.90353986659358,129.60986332738577,126.16654150802366,128.01622009277344,11055600,0.0,0.0
2009-07-27,128.63873208433353,129.78650660586143,125.81345028119222,126.55508422851562,9851210,0.0,0.0
2009-07-28,127.49094517334527,127.57924069411551,123.3413116652387,125.76488494873047,16498240,0.0,0.0
2009-07-29,126.93473815177315,126.93473815177315,122.28184399788675,125.25721740722656,9952600,0.0,0.0
2009-07-30,125.25719703828854,129.96306235544307,123.51788048397799,129.2876434326172,18620770,0.0,0.0
2009-07-31,130.68262652710243,133.2739395115248,130.1617180286742,132.35572814941406,12897840,0.0,0.0
2009-08-03,132.4351717307244,133.2297773723078,128.9168101295314,131.85687255859375,5464490,0.0,0.0
2009-08-04,132.87666851621688,133.11946102669617,128.5857669209325,129.70263671875,9723610,0.0,0.0
2009-08-05,130.55458345768892,130.55458345768892,126.5903660766485,127.83084106445312,10904220,0.0,0.0
2009-08-06,127.13779724873326,128.46214930340759,123.7827693491572,124.80693817138672,16653100,0.0,0.0
2009-08-07,124.48909246867596,125.90174004151994,121.75209284829286,122.74095153808594,14244010,0.0,0.0
2009-08-10,124.84222164324657,124.93934131206674,120.07456065317179,121.42981719970703,13839860,0.0,0.0
2009-08-11,121.39892173357731,122.53785841706879,120.0745698601201,121.76531982421875,10135360,0.0,0.0
2009-08-12,120.51602180989583,124.66565503129364,119.63312055121528,124.15798950195312,9196410,0.0,0.0
2009-08-13,126.6875029098363,126.6875029098363,124.06969051244286,125.77369689941406,10265640,0.0,0.0
2009-08-14,127.93239663951691,127.93239663951691,124.57738238118162,126.0165023803711,6128200,0.0,0.0
2009-08-17,124.40077571538725,125.43818733666814,123.16471940407602,124.153564453125,13490650,0.0,0.0
2009-08-18,123.69446455478123,128.4533015241426,123.69446455478123,127.21723175048828,12637250,0.0,0.0
2009-08-19,127.22163888911682,128.87707850115257,124.57735432653234,127.99859619140625,11001730,0.0,0.0
2009-08-20,128.8152808646493,131.55227999838345,128.46212577023348,130.67379760742188,7238800,0.0,0.0
2009-08-21,130.5811043564423,131.11085055557,127.61014993395008,129.42892456054688,10416970,0.0,0.0
2009-08-24,132.25860458578552,132.59409788622995,129.52160543287673,131.07992553710938,6370940,0.0,0.0
2009-08-25,129.65403584542233,132.34687350427077,128.94771224965797,131.28298950195312,4774490,0.0,0.0
2009-08-26,132.2586138499695,134.08621248599604,128.02510384784532,128.95655822753906,6553420,0.0,0.0
2009-08-27,128.02067424579218,129.08015299342568,127.49092813597383,128.63870239257812,7419020,0.0,0.0
2009-08-28,128.4621483098882,129.34504967284275,126.69634558397908,128.70494079589844,4587910,0.0,0.0
2009-08-31,126.6963214287122,130.93865520232467,126.6963214287122,129.87477111816406,6597470,0.0,0.0
2009-09-01,130.6738226615479,131.27418913156387,126.0606575762394,127.6763687133789,6157040,0.0,0.0
2009-09-02,126.4358778105115,128.18401855051027,125.84433557707769,127.02742004394531,3171370,0.0,0.0
2009-09-03,127.57921947155093,127.84409251779553,125.81341712592392,126.73162841796875,5029830,0.0,0.0
2009-09-04,126.69634721857753,128.90360065444125,125.81344584423204,128.39593505859375,5333860,0.0,0.0
2009-09-07,128.90801278541963,130.31624148221113,127.86177686661328,129.55694580078125,7618340,0.0,0.0
2009-09-08,130.19703624999494,130.84156389526797,128.0206877908319,128.62547302246094,7411310,0.0,0.0
2009-09-09,129.32733219908738,130.84592296738907,128.51506491148416,130.2676239013672,13553000,0.0,0.0
2009-09-10,131.5522602380928,132.70003433054353,130.66935916266934,131.15936279296875,8887250,0.0,0.0
2009-09-11,131.5522807809553,132.09085105994538,129.3097176268675,131.6626434326172,7215440,0.0,0.0
2009-09-14,131.66264274597722,132.78833639825635,131.02253398087527,131.88778686523438,6227390,0.0,0.0
2009-09-15,131.9937562658779,134.04649927929052,131.7421261393806,133.69334411621094,10878400,0.0,0.0
2009-09-16,135.08387777274785,135.52974717055494,132.93843441585958,133.91844177246094,11578720,0.0,0.0
2009-09-17,134.845496475823,135.878489262968,134.26279192266648,135.51651000976562,12056100,0.0,0.0
2009-09-18,135.6136218192264,135.76371339785416,133.40636894763745,134.5938720703125,4114790,0.0,0.0
2009-09-22,134.20098026881166,136.84968382674873,133.84782518322123,136.5274200439453,6725810,0.0,0.0
2009-09-23,137.29112807806635,141.1670635665992,135.2163049980535,138.58016967773438,13065700,0.0,0.0
2009-09-24,136.49211958079403,144.50444571601275,136.49211958079403,143.36550903320312,22225260,0.0,0.0
2009-09-25,141.51140797381186,143.40523488308057,140.55787302939692,142.01907348632812,5618820,0.0,0.0
2009-09-29,143.38315061580963,144.33668553592895,141.36131277963293,142.2662811279297,3887000,0.0,0.0
2009-09-30,142.67683304362458,146.56159276423708,141.63500266793145,145.72283935546875,11988620,0.0,0.0
2009-10-01,144.79578926816086,147.30322531245085,143.05205410006343,145.17543029785156,8647990,0.0,0.0
2009-10-05,143.11831277022563,145.23727059990233,142.7651441506093,144.27049255371094,5484940,0.0,0.0
2009-10-06,146.47332520043463,146.9942472236531,141.69683924574218,146.5307159423828,5753640,0.0,0.0
2009-10-07,147.79766125436961,150.97611108711024,147.44450614940007,148.1243438720703,10843330,0.0,0.0
2009-10-08,146.56159831191593,149.64292833116588,145.6742783002516,148.97633361816406,8404940,0.0,0.0
2009-10-09,146.56161667671384,149.21032059255805,146.56161667671384,147.943359375,4504800,0.0,0.0
2009-10-12,146.82646512232856,150.97609786636016,145.23724034512426,150.29185485839844,7800690,0.0,0.0
2009-10-13,150.29185485839844,150.29185485839844,150.29185485839844,150.29185485839844,0,0.0,0.0
2009-10-14,150.53465632943923,152.65361384498192,148.87039239824026,150.28744506835938,7821210,0.0,0.0
2009-10-15,151.00701280557314,153.1833610710832,149.5722983286826,152.06207275390625,9386160,0.0,0.0
2009-10-16,152.9184779520082,153.51885774520676,151.183580408902,151.82809448242188,8259850,0.0,0.0
2009-10-20,148.56140445289898,151.85904174121788,148.3274361193291,149.3251190185547,4694190,0.0,0.0
2009-10-21,146.56158700224182,150.2741878558967,145.75373839915736,146.65870666503906,6423760,0.0,0.0
2009-10-22,144.88408620432742,148.06252230720688,144.79579069924634,147.09133911132812,3789870,0.0,0.0
2009-10-23,147.88596172487175,150.0049193697399,146.6675536694703,149.37806701660156,3788490,0.0,0.0
2009-10-26,147.53278172688772,149.82831654302248,147.00303566900945,149.46632385253906,4082410,0.0,0.0
2009-10-27,146.56161317593418,150.09321831270367,146.56161317593418,147.45333862304688,9577570,0.0,0.0
2009-10-28,146.56159861569984,147.42683801608948,141.71888501412624,142.99026489257812,6660450,0.0,0.0
2009-10-29,141.70565620356956,144.74283877865588,138.63756885023565,142.4296417236328,10245440,0.0,0.0
2009-10-30,143.20654959333532,149.03370199261082,141.749768229517,143.09178161621094,7646190,0.0,0.0
2009-11-03,142.74745409058997,144.75164351010804,139.85153934309378,141.30833435058594,4751260,0.0,0.0
2009-11-04,141.70563692417323,145.41381912124638,139.61757081988674,143.3787384033203,6275230,0.0,0.0
2009-11-05,143.01232028884377,144.601545006394,140.11640567997537,143.3257598876953,9871450,0.0,0.0
2009-11-06,144.354341041751,145.9877135921866,143.2065668283641,144.79579162597656,5739060,0.0,0.0
2009-11-09,144.8840778560088,150.97609013950384,144.79578235601537,150.75094604492188,8736220,0.0,0.0
2009-11-10,150.12412989345663,153.792583817743,149.36041539810267,150.3978271484375,9364350,0.0,0.0
2009-11-11,147.9212728200611,153.62482095086114,147.9212728200611,153.2584228515625,7595900,0.0,0.0
2009-11-12,152.62272928092693,153.80139490419444,150.76421245166364,151.55441284179688,7844950,0.0,0.0
2009-11-13,150.58322123079924,153.71311812141357,150.58322123079924,152.05767822265625,8622910,0.0,0.0
2009-11-16,152.11945863247024,154.4900461677061,151.77070889090578,152.17684936523438,6065560,0.0,0.0
2009-11-17,154.05304826675828,155.12136486728232,150.2080165180734,154.47683715820312,7006900,0.0,0.0
2009-11-18,151.13062756952272,154.9491728674391,151.13062756952272,154.472412109375,9465300,0.0,0.0
2009-11-19,154.33114536299004,154.33114536299004,150.4463716748573,151.8192901611328,5941120,0.0,0.0
2009-11-20,150.88781482611955,155.5230462838629,150.88781482611955,154.86087036132812,7653960,0.0,0.0
2009-11-23,153.20984899120657,157.15641855746037,153.20984899120657,155.87179565429688,5873220,0.0,0.0
2009-11-24,154.50769946686552,157.15640288629749,153.63362248853215,156.88270568847656,4401650,0.0,0.0
2009-11-25,154.62692224274429,159.7168479589771,154.62692224274429,159.16062927246094,7874790,0.0,0.0
2009-11-26,154.50772166484725,159.80512926478488,154.50772166484725,155.49656677246094,8028820,0.0,0.0
2009-11-27,153.8013763545377,155.71727021743928,148.53487427193468,154.53860473632812,7487760,0.0,0.0
2009-11-30,155.83206593593803,157.7744459330901,153.8234710414292,155.9424285888672,8755640,0.0,0.0
2009-12-01,157.1299162468397,158.83390897270615,154.50769879524032,158.0128173828125,5487530,0.0,0.0
2009-12-02,157.16527348258964,160.11417439953803,156.82536129325558,159.5491180419922,11851660,0.0,0.0
2009-12-03,157.91132461390526,161.04120843031706,157.91132461390526,159.53587341308594,4876470,0.0,0.0
2009-12-04,157.6994200636901,159.01052902903194,156.72380443035172,157.99960327148438,3389280,0.0,0.0
2009-12-07,158.0393147599484,159.60205365571323,157.5934453430204,158.68824768066406,4551060,0.0,0.0
2009-12-08,157.7744610880625,162.36554519650883,156.48543272235503,161.85787963867188,6830640,0.0,0.0
2009-12-09,159.42102534049076,161.9946758943224,158.17171284888428,159.30624389648438,8034370,0.0,0.0
2009-12-10,158.15851801915818,159.363683132101,156.4810109539379,157.60670471191406,6116960,0.0,0.0
2009-12-11,157.93776835967475,158.83391249367241,155.6643005785479,157.61109924316406,5976600,0.0,0.0
2009-12-14,157.57139127651706,158.922229146502,154.41942726521606,155.15223693847656,8071120,0.0,0.0
2009-12-15,153.320233786742,156.0086667971631,149.21032905531607,150.1638641357422,8543180,0.0,0.0
2009-12-16,148.02722597699014,150.87457440904765,147.88595854450253,149.50608825683594,8580920,0.0,0.0
2009-12-17,148.32740624676498,149.8283356393851,147.17963195640715,147.57693481445312,6597670,0.0,0.0
2009-12-18,145.80232603349208,147.72705795069314,145.4006043091221,146.92361450195312,6281780,0.0,0.0
2009-12-21,146.9235796719921,147.55043192739143,145.41823163489633,145.92147827148438,8594430,0.0,0.0
2009-12-22,146.561618337051,147.19730836181546,144.9812309103758,145.37411499023438,6274310,0.0,0.0
2009-12-23,145.67870128196031,150.09320738141366,145.67870128196031,149.2412109375,10104370,0.0,0.0
2009-12-24,150.3006986281353,152.2121739549736,148.69823066339796,151.03350830078125,3718970,0.0,0.0
2009-12-29,151.6559616135034,151.68244757501205,148.92338098448872,149.82394409179688,5202290,0.0,0.0
2009-12-30,150.07112371739677,150.07112371739677,147.8859380499475,149.43101501464844,4265510,0.0,0.0
2009-12-31,150.09319670924694,151.32925294040444,149.19705257365715,150.29185485839844,5758220,0.0,0.0
2010-01-04,150.09322111529335,152.6094952110281,149.4354639573296,150.5964813232422,3050490,0.0,0.0
2010-01-05,150.97615420958275,152.30050643949136,150.53470346627986,150.72894287109375,8386600,0.0,0.0
2010-01-06,151.32925692757823,151.85900302460476,149.0425461036861,150.83042907714844,6639840,0.0,0.0
2010-01-07,156.1322565160679,156.1322565160679,150.234482530664,151.22332763671875,6123980,0.0,0.0
2010-01-08,151.1527051589395,152.159212137307,150.18152177813167,151.4219970703125,7085900,0.0,0.0
2010-01-11,154.3885116874554,154.3885116874554,150.31391810305246,150.81275939941406,13766610,0.0,0.0
2010-01-12,150.79951544289693,151.13500871076707,148.2037839695746,149.66940307617188,4907050,0.0,0.0
2010-01-13,148.76443865506596,149.63409690676616,147.05160811084394,149.14849853515625,10346750,0.0,0.0
2010-01-14,150.97611507508142,151.31162186406735,147.44451004408538,148.6629180908203,10172640,0.0,0.0
2010-01-15,149.9519110555813,150.0048829630459,147.5327708013578,149.57667541503906,11581730,0.0,0.0
2010-01-18,149.21032012925986,156.9798542860128,148.51283402793536,155.97775268554688,23501460,0.0,0.0
2010-01-19,155.83209705866082,157.9334067011454,154.7637804372615,157.0858154296875,16664220,0.0,0.0
2010-01-20,157.59786383036183,158.03931442932642,153.88968149345982,155.04627990722656,13652110,0.0,0.0
2010-01-21,155.47007156968945,155.47007156968945,150.54348117798756,151.1217803955078,12523470,0.0,0.0
2010-01-22,149.740063507035,150.093218632663,146.03186732791855,148.07138061523438,9473700,0.0,0.0
2010-01-25,146.56160744211132,148.14199475130536,144.02768516665344,146.27024841308594,6028790,0.0,0.0
2010-01-27,146.6587053837271,146.6587053837271,140.10758069882758,141.0169677734375,12107790,0.0,0.0
2010-01-28,142.14712116230555,142.94172700981423,139.21588213512874,140.6682586669922,17432230,0.0,0.0
2010-01-29,139.49837823031348,144.5309119657408,137.07040012820357,144.00558471679688,16435170,0.0,0.0
2010-02-01,143.7363196888042,143.7363196888042,139.9398417912344,141.24212646484375,7517330,0.0,0.0
2010-02-02,141.88223397288098,142.5797335331783,138.79207947172674,139.4189453125,10334700,0.0,0.0
2010-02-03,141.26420165241572,144.1248065857986,139.32182157409582,143.27279663085938,7727670,0.0,0.0
2010-02-04,142.853450444505,143.46265457127183,139.9840208697965,142.7430877685547,8605240,0.0,0.0
2010-02-05,141.08764942331217,141.08764942331217,138.1740720467744,138.9113006591797,9346940,0.0,0.0
2010-02-08,139.93984183195803,140.2797539480009,136.76139208609015,138.3859405517578,7590600,0.0,0.0
2010-02-09,138.33297699891517,139.3129980359233,136.9821390116885,138.7611846923828,11973750,0.0,0.0
2010-02-10,139.05696961044342,142.80488171842578,138.08577268785373,140.6947479248047,13866680,0.0,0.0
2010-02-11,141.61734860927348,144.17777019992195,140.38129230482477,141.08761596679688,7269690,0.0,0.0
2010-02-15,140.999323906836,143.0035134735168,139.71911981619107,142.48260498046875,4802490,0.0,0.0
2010-02-16,141.70567900709204,143.2684183047527,140.38132686683886,141.82928466796875,7174850,0.0,0.0
2010-02-17,142.8533870135307,146.64544525876127,142.57968985422423,146.20399475097656,12398340,0.0,0.0
2010-02-18,146.99424417878336,149.21032162038327,145.74493127888167,148.65850830078125,10004420,0.0,0.0
2010-02-19,147.44452332521075,150.09322733704087,146.21729100527634,149.55465698242188,7345990,0.0,0.0
2010-02-22,150.1815237902754,151.83254499017286,149.21032692445021,149.7930450439453,6640170,0.0,0.0
2010-02-23,148.77328988433695,150.87458584585926,148.534902757944,150.1815185546875,6472890,0.0,0.0
2010-02-24,149.2103106161778,150.97611310867694,148.98958530461542,150.13735961914062,5605690,0.0,0.0
2010-02-25,150.18150491981734,150.44636451175765,148.50398449617464,149.30300903320312,5836970,0.0,0.0
2010-02-26,149.2102931132182,153.16128111552,148.32739197053644,150.51698303222656,9351030,0.0,0.0
2010-03-02,152.21216474082073,155.0374594187413,150.62295332449472,154.0618438720703,7714650,0.0,0.0
2010-03-03,153.84994355071476,157.24469953580356,153.84994355071476,156.86062622070312,11147960,0.0,0.0
2010-03-04,156.7149607489798,157.77443947936104,154.78140499323246,157.25794982910156,13514420,0.0,0.0
2010-03-05,157.6464158677391,158.48076396072332,156.36180648876837,157.5095672607422,10449650,0.0,0.0
2010-03-08,159.80510826496655,159.80510826496655,156.529539068429,157.5272216796875,7372960,0.0,0.0
2010-03-09,156.71498848345558,160.24659385773066,156.71498848345558,159.9110870361328,12397690,0.0,0.0
2010-03-10,159.98169335258547,160.6791928388339,152.73308210802332,160.19801330566406,14960560,0.0,0.0
2010-03-11,160.33485788314258,162.01236471757525,159.19590782936234,161.3016357421875,7745230,0.0,0.0
2010-03-12,161.3060763478628,161.60625957804268,157.71708015125375,159.03260803222656,7472440,0.0,0.0
2010-03-15,157.15644048756735,160.68804589178237,157.15644048756735,160.03028869628906,7512960,0.0,0.0
2010-03-16,159.36364873940812,159.7962751288429,155.74374883630512,159.32833862304688,10436250,0.0,0.0
2010-03-17,159.32833833714704,161.11178885822528,158.75444453929376,159.60203552246094,4794840,0.0,0.0
2010-03-18,160.01706902800612,160.01706902800612,158.08351263197508,159.00172424316406,3501970,0.0,0.0
2010-03-19,160.22890475635225,161.11180594947828,158.71473244342184,160.67477416992188,6339840,0.0,0.0
2010-03-22,159.09879260800886,163.77817163483328,158.74563751889133,162.19778442382812,15305610,0.0,0.0
2010-03-23,162.012366868276,166.86832336841505,162.012366868276,166.3385772705078,10154380,0.0,0.0
2010-03-25,165.9854339824785,170.39994020541675,165.12019453494366,170.06002807617188,23296400,0.0,0.0
2010-03-26,170.48823083026005,173.54306150461986,168.90783010344092,172.29376220703125,11552860,0.0,0.0
2010-03-29,143.81137159950993,175.69735649959716,143.81137159950993,173.49452209472656,13226710,0.0,0.0
2010-03-30,173.49010657346258,173.9227330631858,167.87485373021994,168.3560333251953,9369980,0.0,0.0
2010-03-31,167.75125941234842,171.53890034192366,167.50846692568544,170.708984375,6826080,0.0,0.0
2010-04-01,172.16576052895772,172.16576052895772,170.05562687468813,171.21664428710938,7409220,0.0,0.0
2010-04-05,172.94269712504058,173.01333084003264,169.90551474039933,172.03330993652344,7123840,0.0,0.0
2010-04-06,172.1657270013159,172.1657270013159,169.99378420992582,170.6559600830078,4421440,0.0,0.0
2010-04-07,171.28286480867132,171.9847697772002,170.04680828648318,170.55447387695312,5378050,0.0,0.0
2010-04-08,170.39111184508334,170.39111184508334,167.20383789176444,167.99844360351562,6238830,0.0,0.0
2010-04-09,166.91246886730036,172.78375625845052,166.91246886730036,172.10833740234375,6207650,0.0,0.0
2010-04-12,171.1680604314501,173.74613045584783,171.1680604314501,172.53656005859375,4570640,0.0,0.0
2010-04-13,172.1657500734325,173.30468680008246,170.48824302562133,172.3158416748047,6341300,0.0,0.0
2010-04-15,172.6072116168422,174.3641901297693,171.6536765549525,172.7882080078125,9547360,0.0,0.0
2010-04-16,171.7242863675957,174.3200180959735,170.04677944740772,173.4238739013672,5232560,0.0,0.0
2010-04-19,172.16574211392566,172.94269951758358,170.04678452286348,170.76193237304688,6120830,0.0,0.0
2010-04-20,170.31166695107936,172.77938810758462,170.31166695107936,171.68458557128906,5439320,0.0,0.0
2010-04-21,172.0774344333196,173.04863111921838,170.84137817126918,171.37112426757812,3944500,0.0,0.0
2010-04-22,171.1768861943692,173.93153358270922,168.4619542707423,170.76632690429688,6895110,0.0,0.0
2010-04-23,170.8414087338629,172.78820779886613,170.28077123470982,172.32467651367188,5317060,0.0,0.0
2010-04-26,172.84557602696526,176.3065472010427,172.84557602696526,175.6620330810547,7898280,0.0,0.0
2010-04-27,175.60903858569426,176.22708018673615,173.73729240288935,174.7747039794922,4484470,0.0,0.0
2010-04-28,172.8720747265213,175.41041592719722,172.8720747265213,173.76821899414062,5711770,0.0,0.0
2010-04-29,174.0992996556918,176.1387993878196,171.85231759091874,175.32211303710938,9396450,0.0,0.0
2010-04-30,176.4080787073747,177.46315217317513,175.07932148017508,176.61997985839844,7109610,0.0,0.0
2010-05-03,175.2558930276597,175.2558930276597,173.23405515164686,173.91387939453125,5007070,0.0,0.0
2010-05-04,175.23822624924318,175.23822624924318,170.59417079126132,171.01795959472656,4588960,0.0,0.0
2010-05-05,170.57653645591762,170.72662806730781,165.99427633875,169.19479370117188,8014270,0.0,0.0
2010-05-06,168.1926964054866,169.16389321710227,165.72057008937773,167.35394287109375,5261230,0.0,0.0
2010-05-07,165.19082090280548,165.54397599612926,162.10066668421106,163.16455078125,9785810,0.0,0.0
2010-05-10,164.5065667342341,171.10625872697506,161.5709228790563,170.770751953125,6426540,0.0,0.0
2010-05-11,171.1062682900571,172.60719775000413,168.9210822647784,172.01565551757812,6964650,0.0,0.0
2010-05-12,172.0774268094915,174.90272123529513,172.0774268094915,174.36415100097656,6870820,0.0,0.0
2010-05-13,174.92043314147173,176.1388414686884,172.18344669558866,173.5210418701172,6372190,0.0,0.0
2010-05-14,173.4017820413969,174.19640116679383,171.48148280036003,172.3202362060547,4700150,0.0,0.0
2010-05-17,171.4594488910106,171.88323779012072,169.03147004518215,170.29843139648438,6603600,0.0,0.0
2010-05-18,169.34044324182705,169.95847135234416,166.88597912291442,167.38040161132812,6121560,0.0,0.0
2010-05-19,165.89714805955552,166.69176730882282,162.59510583599265,164.97451782226562,9090080,0.0,0.0
2010-05-20,165.45567399353678,165.667575124417,162.12714627997738,163.42059326171875,3389000,0.0,0.0
2010-05-21,160.68802766272157,163.3367314154038,159.01934483741192,161.26632690429688,5498620,0.0,0.0
2010-05-24,162.0300288537611,164.88179590229322,159.89781495279135,161.08973693847656,4810910,0.0,0.0
2010-05-25,159.96404018883007,160.68802567215653,157.59787133230736,159.25331115722656,5534350,0.0,0.0
2010-05-26,160.05235076859697,163.6236850037796,160.0082030080424,161.37228393554688,7001390,0.0,0.0
2010-05-27,160.2465579628817,168.36924580985044,159.89340289336224,167.45103454589844,11309860,0.0,0.0
2010-05-28,167.45108641267018,168.98732626012168,166.44898467971072,167.46873474121094,5879250,0.0,0.0
2010-05-31,167.39810117726492,167.62765067810773,164.6611016062674,166.73150634765625,4384110,0.0,0.0
2010-06-01,166.84186229474736,166.86834825639275,162.2772641204591,163.78701782226562,5682730,0.0,0.0
2010-06-02,163.1601164216044,164.4623873846573,161.39431432498964,163.60597229003906,9451670,0.0,0.0
2010-06-03,164.58161663805026,168.6341299303201,164.58161663805026,168.2456512451172,6796890,0.0,0.0
2010-06-04,168.28098167614093,168.6164749862654,165.994257226588,166.4886932373047,5094350,0.0,0.0
2010-06-07,164.83765504541535,167.29653817588624,159.6594480132714,165.6896514892578,9619130,0.0,0.0
2010-06-08,165.98543849377808,167.4863679559699,163.6016077630023,164.45802307128906,5671140,0.0,0.0
2010-06-09,164.21963522009924,167.3627615666407,163.47358257373148,166.0648956298828,5792340,0.0,0.0
2010-06-10,167.13114892286177,170.77873899061586,165.54061438992383,170.26336669921875,8510470,1.2,0.0
2010-06-11,170.70325793034428,173.2712258115703,170.70325793034428,172.9424591064453,10815380,0.0,0.0
2010-06-14,172.94240793417035,175.49259985665716,172.94240793417035,175.32821655273438,7488980,0.0,0.0
2010-06-15,175.49264603905874,175.93693121890445,173.5377939594391,174.50633239746094,4560780,0.0,0.0
2010-06-16,175.49264141107489,176.8254969154628,174.87507851929163,175.5859375,9084290,0.0,0.0
2010-06-17,176.20348307781123,177.62518734102218,174.875061335852,177.3675079345703,7988600,0.0,0.0
2010-06-18,177.00321852695168,177.53191899234014,175.79032862512597,176.9765625,4901400,0.0,0.0
2010-06-21,177.856196580541,178.6025922193571,176.834332818313,177.61183166503906,7101650,0.0,0.0
2010-06-22,177.26976621927363,177.71405134764277,176.15460620834523,176.5633544921875,4262440,0.0,0.0
2010-06-23,176.35455658231825,178.0428348060434,175.53707349599293,177.60299682617188,4244040,0.0,0.0
2010-06-24,177.45190013412,178.33602307821363,175.93688642951204,177.856201171875,8826550,0.0,0.0
2010-06-25,175.95020011075627,177.00315346382547,172.3825918576911,173.06234741210938,7235160,0.0,0.0
2010-06-28,173.45777329373973,174.515160312057,170.89423990577404,173.3333740234375,5329080,0.0,0.0
2010-06-29,172.3915187495486,173.16458412911172,168.4818148591289,169.21932983398438,7951160,0.0,0.0
2010-06-30,168.38406882183222,172.28489182634073,166.96235094399725,170.51663208007812,8767560,0.0,0.0
2010-07-01,169.89462032126195,171.46739337898416,168.38405368591262,169.4858856201172,5783630,0.0,0.0
2010-07-02,169.48588467704872,170.90315522945798,168.82389065885891,169.97015380859375,4112500,0.0,0.0
2010-07-05,168.917202266318,171.40518800636355,168.65062849174012,170.17897033691406,2580270,0.0,0.0
2010-07-06,170.16122367878228,175.02615181571713,169.7169384994643,174.5152130126953,6248030,0.0,0.0
2010-07-07,174.94615358500602,174.95948159678107,171.5873590326307,172.14271545410156,3966720,0.0,0.0
2010-07-08,174.1597786585567,175.0350209456861,172.5825718007403,172.88912963867188,3362920,0.0,0.0
2010-07-09,173.7154869456684,178.77590111695133,173.28008263440987,177.95840454101562,15701180,0.0,0.0
2010-07-12,178.51375371608677,182.69004464231193,178.33604238185512,182.1080322265625,14869280,0.0,0.0
2010-07-13,182.33459527290648,184.82259444833502,181.0372904238683,184.16061401367188,6257310,0.0,0.0
2010-07-14,184.82259696202146,187.56827555707955,184.22280938037161,185.3824005126953,10558030,0.0,0.0
2010-07-15,185.71117654913593,185.71117654913593,182.60118076960492,183.2764892578125,3238730,0.0,0.0
2010-07-16,183.40087736295268,183.5786022434642,180.48636829482666,181.17501831054688,4713880,0.0,0.0
2010-07-19,181.44603129970963,183.40088301908156,179.6688909078251,181.96585083007812,8765580,0.0,0.0
2010-07-20,181.96585957482526,185.59566140692417,180.91290601139264,181.6593017578125,6684590,0.0,0.0
2010-07-21,182.16578603092708,183.46755177993634,179.9354795360121,180.65077209472656,4642350,0.0,0.0
2010-07-22,180.37977268725422,183.3120574180095,179.9354875328521,182.80113220214844,5574970,0.0,0.0
2010-07-23,183.84518381784133,183.84518381784133,180.01544811562303,181.14393615722656,6921810,0.0,0.0
2010-07-26,181.71261373631586,183.02769389264694,180.74850906199674,182.3257293701172,3036490,0.0,0.0
2010-07-27,182.4412613818446,184.64491194006493,181.71262722425575,183.6497039794922,6645910,0.0,0.0
2010-07-28,184.11173682755106,185.71116584799069,183.04100814384708,185.3646240234375,6571060,0.0,0.0
2010-07-29,185.79113151435158,187.93258885415398,185.11137588424057,186.65304565429688,11265740,0.0,0.0
2010-07-30,186.39536698411013,189.88744121840176,184.82259399841536,188.989990234375,11699660,0.0,0.0
2010-08-02,189.26544422551225,190.58941864599183,188.49682615545964,189.82968139648438,8263340,0.0,0.0
2010-08-03,190.15403436798871,190.50945704620867,187.64382611198167,188.59458923339844,8110480,0.0,0.0
2010-08-04,187.93261590038293,189.1766088801034,185.81781427635156,187.9148406982422,7367350,0.0,0.0
2010-08-05,183.48975875673977,189.03444206221872,183.48975875673977,186.62196350097656,7355280,0.0,0.0
2010-08-06,185.99998319871548,187.4883412258353,184.95147670847444,185.77340698242188,5460440,0.0,0.0
2010-08-09,185.71117933511402,186.9462914208877,184.05399096381274,185.0003204345703,2618220,0.0,0.0
2010-08-10,185.30687850975235,186.79523636892336,183.91183028762157,186.16879272460938,7347270,0.0,0.0
2010-08-11,186.68861195308335,187.759327155669,184.6404505092719,185.666748046875,7335080,0.0,0.0
2010-08-12,184.54715732507475,185.07141051834358,181.9791898458443,184.2139434814453,4969430,0.0,0.0
2010-08-13,183.18321152205897,186.72416475648944,182.88998169217996,185.49349975585938,5249930,0.0,0.0
2010-08-16,184.6804575848314,188.99002918928008,183.96959859584402,185.1780548095703,3593340,0.0,0.0
2010-08-17,187.3106218521604,189.7986214025396,184.92036557706956,188.47019958496094,10065910,0.0,0.0
2010-08-18,189.2654726392264,195.39660224498175,189.2654726392264,194.77017211914062,19422170,0.0,0.0
2010-08-19,194.15261064084586,198.99531606641045,194.15261064084586,198.1645050048828,10381960,0.0,0.0
2010-08-20,196.51176136935777,199.0219697265116,195.94752411635892,198.26669311523438,4199070,0.0,0.0
2010-08-23,196.62727630439193,197.97345972694436,193.97489349458982,195.183349609375,4097430,0.0,0.0
2010-08-24,195.18333013768967,197.26258111704433,191.94004082656318,196.25405883789062,5340140,0.0,0.0
2010-08-25,195.57429759588166,196.818290396203,193.57944836734242,194.7967987060547,5295610,0.0,0.0
2010-08-26,193.58390011529585,196.71610457895284,192.50872423087526,193.5616912841797,10194050,0.0,0.0
2010-08-27,193.70830649798387,194.59242952148915,188.87892955809454,190.0784912109375,5775240,0.0,0.0
2010-08-30,191.93119006888108,193.50396333943866,188.07479811505732,189.41653442382812,3438230,0.0,0.0
2010-08-31,188.82118197291618,190.15403737507793,187.69269393603744,189.6431121826172,4695080,0.0,0.0
2010-09-01,189.75864724431426,191.48692319843525,188.37692676597806,190.9759979248047,4808100,0.0,0.0
2010-09-02,191.9133889612095,195.03671268751884,191.9133889612095,194.3702850341797,5795330,0.0,0.0
2010-09-03,194.95230960807802,195.48545718744626,192.6642439004262,194.9478759765625,4059080,0.0,0.0
2010-09-06,195.30774840084922,197.2359442631162,194.16593234785157,195.86753845214844,4773220,0.0,0.0
2010-09-07,196.9071575773468,196.9071575773468,193.93488923655204,195.4054718017578,4203920,0.0,0.0
2010-09-08,194.41918633290817,195.47658717004458,192.93527554380736,193.67279052734375,4984800,0.0,0.0
2010-09-09,195.04114982419952,199.92828569678767,193.98374916604246,199.47067260742188,13014790,0.0,0.0
2010-09-13,199.9371963670236,203.92688185607633,199.75060419861182,202.8117218017578,7297790,0.0,0.0
2010-09-14,203.1271631722322,208.81400730960198,203.1271631722322,207.41006469726562,16348730,0.0,0.0
2010-09-15,207.8365667232839,211.83513266881656,207.57444013831963,211.07540893554688,12751580,0.0,0.0
2010-09-16,211.0976584146708,214.5897332804683,209.28941455099866,212.83924865722656,12767390,0.0,0.0
2010-09-17,212.83922427211436,215.56714136277694,212.10170936055255,213.31016540527344,10751570,0.0,0.0
2010-09-20,213.54121913708613,219.4724149909241,212.92810346608553,217.362060546875,7547730,0.0,0.0
2010-09-21,218.152827478775,221.66269001317195,218.152827478775,219.54344177246094,16355390,0.0,0.0
2010-09-22,219.47686076653582,221.2540013395442,217.726376217442,220.5120391845703,12524510,0.0,0.0
2010-09-23,219.61457702807758,220.52980329245395,217.97961103720195,218.9303741455078,6190170,0.0,0.0
2010-09-24,213.98106482839285,222.32029244138178,213.98106482839285,221.7205047607422,13955310,0.0,0.0
2010-09-27,222.14258064734136,223.10223822275873,216.25135506985157,216.67343139648438,8338720,0.0,0.0
2010-09-28,216.6334263353386,218.7393334567809,215.15839648894595,217.73524475097656,9432110,0.0,0.0
2010-09-29,219.8322643555573,219.8322643555573,215.58489983981968,217.0643768310547,7797860,0.0,0.0
2010-09-30,215.92256588185361,222.05369504522002,215.629336078944,221.19622802734375,18479890,0.0,0.0
2010-10-01,221.4317142506479,222.49799589029016,218.79710658657808,222.20921325683594,8865130,0.0,0.0
2010-10-04,222.20920842265085,224.15073230078983,220.649776812521,221.6094207763672,6990230,0.0,0.0
2010-10-05,220.48980782576976,223.0044631067025,216.58453801916085,217.50421142578125,8598330,0.0,0.0
2010-10-06,218.14399700581788,220.3654226372417,217.6997118795331,218.29949951171875,4109940,0.0,0.0
2010-10-07,218.32168947991588,219.47683342014392,215.61599492165573,216.2379913330078,4506420,0.0,0.0
2010-10-08,216.38019053264915,217.5220065930121,212.3682962730118,213.76779174804688,7453430,0.0,0.0
2010-10-11,216.88223461674548,216.88223461674548,210.29347842672357,212.23501586914062,9910020,0.0,0.0
2010-10-12,213.08360033651846,213.25687805802403,207.88547206895842,211.5063934326172,7809900,0.0,0.0
2010-10-13,211.9240030736967,217.699709656418,210.32457392370347,216.92221069335938,10286700,0.0,0.0
2010-10-14,217.25543201189308,218.2328647367806,214.14988324271505,215.4205322265625,3853630,0.0,0.0
2010-10-15,215.42497769391164,217.0554965410407,211.4752763491407,212.0350799560547,5863270,0.0,0.0
2010-10-18,225.6879387578826,225.6879387578826,209.08056037623876,213.11911010742188,8275100,0.0,0.0
2010-10-19,215.30056799256855,215.30056799256855,209.5737263906551,210.48895263671875,8324520,0.0,0.0
2010-10-20,210.5022825489698,210.7688563302856,206.86803355393138,207.53001403808594,4930230,0.0,0.0
2010-10-21,207.04131693106518,211.01766069334886,205.85062248302535,210.15574645996094,7297530,0.0,0.0
2010-10-22,211.47967832754776,211.47967832754776,206.0149777773591,206.73915100097656,6475190,0.0,0.0
2010-10-25,207.57003254587212,210.36902363546488,204.28231150919856,204.78880310058594,8629790,0.0,0.0
2010-10-26,205.08201931974017,206.6814485041211,203.57145258502172,204.4955596923828,5069720,0.0,0.0
2010-10-27,204.90428340777686,204.90428340777686,199.0752517949665,200.31036376953125,8220330,0.0,0.0
2010-10-28,200.50587073853453,205.77954654168838,199.12859770299494,201.41221618652344,21069230,0.0,0.0
2010-10-29,202.59400960529337,204.19343870861522,198.77315495805385,202.5851287841797,8132430,0.0,0.0
2010-11-01,204.1934446150565,210.235724980991,203.04274777704308,208.742919921875,10134800,0.0,0.0
2010-11-02,210.14687552383413,212.10172746816843,208.19202357949982,208.84512329101562,5561020,0.0,0.0
2010-11-03,209.7914403160292,210.75997862925996,208.90730370226734,209.9025115966797,3540760,0.0,0.0
2010-11-04,212.36825215142733,213.70110729045302,210.37341663207337,212.2971649169922,4858160,0.0,0.0
2010-11-08,212.67037207337057,213.25683161435106,206.63253965530976,207.51666259765625,4255460,0.0,0.0
2010-11-09,207.92542463456203,213.8610670006628,207.0679576545334,213.12356567382812,6858050,0.0,0.0
2010-11-10,213.25685798432667,215.0162232663157,211.777394497803,212.8881072998047,4467170,0.0,0.0
2010-11-11,211.9328856592862,214.0921184193779,207.59222486473897,209.10723876953125,3364370,0.0,0.0
2010-11-12,208.3697209313945,211.39085431893778,204.81543997734087,205.69512939453125,6201550,0.0,0.0
2010-11-15,205.70400114940566,212.54598897269562,205.6151387060686,211.99952697753906,11407980,0.0,0.0
2010-11-16,213.23020543193698,213.23020543193698,206.59258453447154,210.82217407226562,9149670,0.0,0.0
2010-11-18,214.94515512134055,214.94515512134055,206.03724308107635,207.95655822753906,8315990,0.0,0.0
2010-11-19,208.3697047395179,210.0579826380993,203.66028012965302,204.69102478027344,5876340,0.0,0.0
2010-11-22,206.23717706114937,212.45272212184992,204.90432157878564,211.47085571289062,5510950,0.0,0.0
2010-11-23,210.14686211787728,211.47971748014712,205.03313603924678,210.75108337402344,5708120,0.0,0.0
2010-11-24,209.16941355763655,210.93767308513952,203.4781226772636,205.3841094970703,4128750,0.0,0.0
2010-11-25,206.59257396379743,209.58705123478754,203.6825119474945,206.41929626464844,11343870,0.0,0.0
2010-11-26,206.68143343998457,207.92542629355245,202.2385824508061,204.18453979492188,7569690,0.0,0.0
2010-11-29,204.37114550220969,205.96168019059328,203.03829020545612,204.18453979492188,5909430,0.0,0.0
2010-11-30,204.1045973519804,207.39675197523954,200.6836097959867,203.0738525390625,8626780,0.0,0.0
2010-12-01,203.35372854316824,211.0354216890304,202.59400482146918,210.32901000976562,8040720,0.0,0.0
2010-12-02,211.30201955133072,213.2568714950002,209.08947462850767,212.5238037109375,7369280,0.0,0.0
2010-12-03,212.81257157583133,213.25685669394372,210.76885732081323,212.87033081054688,3961790,0.0,0.0
2010-12-06,215.03402289039275,215.47830806165388,211.05766518420256,211.76852416992188,4681560,0.0,0.0
2010-12-07,211.47967336399256,212.3682434201438,206.90354299821496,208.9605712890625,8597350,0.0,0.0
2010-12-08,207.9254401944389,207.9254401944389,201.27893846665648,202.63400268554688,11744220,0.0,0.0
2010-12-09,201.985328519109,202.9849699512339,197.20036951989493,198.328857421875,18283920,0.0,0.0
2010-12-10,195.485465134043,198.35110976225155,192.8464102700529,197.47142028808594,20621230,0.0,0.0
2010-12-13,199.3063182081299,199.48402955393766,193.83272198280878,198.9508819580078,7911680,0.0,0.0
2010-12-14,199.6617152101586,202.22968246841555,196.55171960389913,198.88421630859375,5922080,0.0,0.0
2010-12-15,198.1511547868006,198.1511547868006,191.04259318009923,192.1888427734375,11210210,0.0,0.0
2010-12-16,192.19773949800793,197.22705015015603,191.04259551112332,195.55653381347656,9759180,0.0,0.0
2010-12-20,195.46767834404332,195.46767834404332,191.17144881002713,193.04188537597656,5161220,0.0,0.0
2010-12-21,193.08628806462806,197.1781496343318,192.98854480996016,196.73831176757812,6175580,0.0,0.0
2010-12-22,198.4177335530551,199.03972999759645,192.8241856250094,193.6016845703125,7503240,0.0,0.0
2010-12-23,193.70831939860471,195.84088262913178,193.17073818014177,194.68130493164062,3263270,0.0,0.0
2010-12-24,194.50802364093195,197.6846731533604,193.26403070576853,197.12042236328125,3516710,0.0,0.0
2010-12-27,197.17373044824214,198.15116313373915,195.22777301558037,196.70278930664062,3770630,0.0,0.0
2010-12-28,197.60913280796873,201.58992363998493,196.83163385710978,200.4747772216797,4675030,0.0,0.0
2010-12-29,200.46147169091216,207.64110801936144,200.24376274047327,206.84140014648438,8071040,0.0,0.0
2010-12-30,207.5877976815532,208.22756940853583,203.30932934179728,204.85989379882812,7252350,0.0,0.0
2010-12-31,204.8154368015845,210.14685814999882,203.6647399875724,208.4896697998047,8248910,0.0,0.0
2011-01-03,210.59117826893143,213.22578616918227,208.84957437320017,212.41275024414062,5398390,0.0,0.0
2011-01-04,212.05725967106085,212.19055332790734,207.3034175306329,208.41856384277344,8284130,0.0,0.0
2011-01-05,208.78735361016138,208.78735361016138,204.14901580086496,205.09979248046875,7825920,0.0,0.0
2011-01-06,205.7928701505874,208.16090384157178,205.17086014441742,206.83692932128906,5435090,0.0,0.0
2011-01-07,206.69924239100385,206.69924239100385,200.90577313723347,201.6566162109375,7948010,0.0,0.0
2011-01-10,200.46590446896474,201.70546386930124,189.9763382855191,191.2425537109375,20070860,0.0,0.0
2011-01-11,192.8197449125168,197.14707770616332,188.82117877377797,190.74049377441406,12157590,0.0,0.0
2011-01-12,192.7308911371875,196.72945745587197,187.186221186056,195.95640563964844,9905330,0.0,0.0
2011-01-13,196.28514834467506,197.03155760416462,188.94556350131717,190.42059326171875,9486010,0.0,0.0
2011-01-14,191.0425991616544,196.19630919957692,180.37975641774813,182.11691284179688,12791410,0.0,0.0
2011-01-17,183.04545807356035,185.97774239517761,182.2057527408201,183.76519775390625,12280820,0.0,0.0
2011-01-18,185.4268572567931,188.02149465403346,181.85924778372237,187.4305877685547,8420160,0.0,0.0
2011-01-19,187.63493982179241,187.84820157302275,183.3120540268745,184.41831970214844,8992050,0.0,0.0
2011-01-20,183.86739907292448,189.65643362684312,181.79258160299705,188.15919494628906,9638540,0.0,0.0
2011-01-21,186.95515241032885,188.7944991119272,184.47604768046187,186.0799102783203,8297610,0.0,0.0
2011-01-24,186.15549047603997,191.3980501782151,184.20063839515302,190.91822814941406,12774160,0.0,0.0
2011-01-25,191.14921823974797,193.25069165650197,183.9429133318844,185.20468139648438,14110540,0.0,0.0
2011-01-27,186.5997451933214,186.5997451933214,181.3571863470065,182.2368621826172,18945580,0.0,0.0
2011-01-28,182.6012012196929,185.6534381072157,181.45050427941692,182.53456115722656,17798420,0.0,0.0
2011-01-31,181.50825744571293,183.35203809095273,177.37639745047582,181.9169921875,11118030,0.0,0.0
2011-02-01,184.5471667488919,184.5471667488919,179.05579527504167,181.23280334472656,8551230,0.0,0.0
2011-02-02,182.2901868332551,183.3564820120514,178.26496456466893,179.48231506347656,9762170,0.0,0.0
2011-02-03,179.4911716768683,184.08952495009297,178.60260152005213,183.12986755371094,5796030,0.0,0.0
2011-02-04,182.24576674303842,185.26690022010771,178.15833810135058,179.291259765625,9253200,0.0,0.0
2011-02-07,181.71264388117564,183.04549945976618,179.5089931209549,181.16616821289062,8559460,0.0,0.0
2011-02-08,183.0365797570435,183.04101338824486,176.39006492150676,177.96728515625,7195990,0.0,0.0
2011-02-09,177.53633745587334,180.824044646842,176.0613075968503,179.695556640625,7357580,0.0,0.0
2011-02-10,179.135779794527,182.06805096867737,177.71406187611532,179.12245178222656,11535590,0.0,0.0
2011-02-11,177.26976103281694,183.04546753263304,177.26976103281694,182.98326110839844,10103420,0.0,0.0
2011-02-14,182.1702226724858,187.5060911694644,182.1702226724858,187.08401489257812,5922360,0.0,0.0
2011-02-15,187.48829921710896,189.0877281780553,184.40495975193872,187.2217254638672,7599730,0.0,0.0
2011-02-16,187.84374164890383,188.55460054630908,185.2713405890113,186.1421356201172,4550790,0.0,0.0
2011-02-17,186.59975796499583,194.9523131362169,186.15547282698395,194.20591735839844,11804920,0.0,0.0
2011-02-18,194.06375046850854,199.31520425973517,192.39768113564529,193.36178588867188,19767870,0.0,0.0
2011-02-21,192.3754690274024,196.19632401077965,189.48761556625203,195.6365203857422,5600510,0.0,0.0
2011-02-22,194.59689033094614,194.7479456507576,188.85672038557814,190.0163116455078,5796430,0.0,0.0
2011-02-23,188.83894408681599,191.30916817627167,186.61751857050652,187.85263061523438,6114220,0.0,0.0
2011-02-24,185.4446357926155,188.24807425983286,181.7792829711957,182.9655303955078,10027770,0.0,0.0
2011-02-25,185.4446194532826,185.4446194532826,179.31348978833654,181.45938110351562,6309960,0.0,0.0
2011-02-28,183.40090127838968,188.46131555617586,180.82405287700936,182.35684204101562,10981360,0.0,0.0
2011-03-01,184.36053613221122,191.0425876453027,182.9565936285414,190.06515502929688,10250580,0.0,0.0
2011-03-03,189.70088117101338,197.46697703604946,189.2699240264874,194.87680053710938,12668820,0.0,0.0
2011-03-04,196.37400326039037,198.40882293929226,196.06299828431375,197.10707092285156,9854940,0.0,0.0
2011-03-07,195.84087143368117,195.84087143368117,191.1225657259499,193.09963989257812,6427840,0.0,0.0
2011-03-08,191.75346125308954,197.1293139378,191.6201675814651,196.06301879882812,8985570,0.0,0.0
2011-03-09,196.3740451109035,198.9242376476033,195.041189601101,196.02305603027344,9041990,0.0,0.0
2011-03-10,194.77458743807466,196.81830163401153,193.91712043894748,196.23184204101562,7470310,0.0,0.0
2011-03-11,193.89045856053818,196.99600701383622,193.26401495401146,194.2725372314453,6553950,0.0,0.0
2011-03-14,192.99746590366252,197.17374359017577,192.99746590366252,196.79611206054688,6541440,0.0,0.0
2011-03-15,192.8197535125633,196.1696673123662,189.26547234182482,194.1215057373047,13801000,0.0,0.0
2011-03-16,195.13005378197306,195.929761671515,193.58393649588342,194.0415496826172,5805340,0.0,0.0
2011-03-17,192.8375385075926,198.41775914434967,192.4776686054607,193.84161376953125,16760620,0.0,0.0
2011-03-18,193.7082940853572,195.1477733999306,190.34061915851436,190.98037719726562,4822120,0.0,0.0
2011-03-21,192.8374988223753,193.59277531897516,190.72714470438277,191.43800354003906,6159350,0.0,0.0
2011-03-22,191.85119633090838,193.08630837426057,190.3361825034521,191.1847686767578,4715270,0.0,0.0
2011-03-23,191.042598969027,193.87714016495164,190.6027610450062,192.3043670654297,4657350,0.0,0.0
2011-03-24,193.61948687949499,195.38774687612835,192.68649879597572,194.84571838378906,4413810,0.0,0.0
2011-03-25,196.1074226303445,202.14970215367154,195.48542625849555,201.2655792236328,8901480,0.0,0.0
2011-03-28,201.26113874977653,205.43741573840214,201.26113874977653,204.0823516845703,10930310,0.0,0.0
2011-03-29,205.25973826359396,206.48596961012458,203.00720931042588,204.8287811279297,10818300,0.0,0.0
2011-03-30,205.70399502673595,210.0579834505522,204.9042872945264,208.05870056152344,11097420,0.0,0.0
2011-03-31,208.81403271274573,212.89256737424225,204.82434695134162,208.44528198242188,18931910,0.0,0.0
2011-04-01,209.0805871506198,210.14686876244895,206.4148763417938,207.37008666992188,4369290,0.0,0.0
2011-04-04,207.92541841070002,213.7011244776639,207.92541841070002,213.3279266357422,6322270,0.0,0.0
2011-04-05,213.25685648751238,214.14097953297832,210.42676245723692,212.87921142578125,8412660,0.0,0.0
2011-04-06,212.45712969382564,212.812552332775,208.90284907031375,211.1198272705078,6469860,0.0,0.0
2011-04-07,211.03544869813484,211.30202250292862,207.8899157653878,209.23609924316406,6558160,0.0,0.0
2011-04-08,209.16944365869267,211.92401701818073,208.37861663228583,209.02728271484375,7720170,0.0,0.0
2011-04-11,206.6103620371747,207.70774685797434,203.35819160972315,204.02017211914062,11208180,0.0,0.0
2011-04-13,202.5451623432825,211.80406318748402,202.14974205403863,210.49786376953125,9033890,0.0,0.0
2011-04-15,211.03545875032253,212.546025638097,208.28088523375737,209.97805786132812,8590930,0.0,0.0
2011-04-18,211.37306255445537,213.24349884359688,204.75765156337306,205.4196319580078,10353270,0.0,0.0
2011-04-19,207.92543024910142,209.59594659153393,206.54371007326375,208.59185791015625,7462430,0.0,0.0
2011-04-20,209.7514516755218,212.27943521569938,208.63630518998153,210.76443481445312,6548070,0.0,0.0
2011-04-21,211.65742742885197,214.7585424324604,211.65742742885197,214.20318603515625,16205350,0.0,0.0
2011-04-25,215.30057542362638,216.9044382252629,212.01286819296638,212.4571533203125,6322870,0.0,0.0
2011-04-26,212.0617357439006,213.06582448318534,207.96987346542278,209.6892547607422,6321850,0.0,0.0
2011-04-27,211.12428857802954,211.39084879581432,206.70809352332174,209.102783203125,7147650,0.0,0.0
2011-04-28,209.98248572426635,210.50229173994754,207.03687310705178,207.7255096435547,13384820,0.0,0.0
2011-04-29,206.59256898178663,207.89876824454544,202.68286557284517,203.97572326660156,9312940,0.0,0.0
2011-05-02,204.90431578896536,205.76623006122003,200.99459834940131,203.4959259033203,7078370,0.0,0.0
2011-05-03,203.35372861811433,203.98461942366475,197.45807024265926,198.6531982421875,10740280,0.0,0.0
2011-05-04,199.39516016966004,203.0516316568517,196.17854017929605,200.9457244873047,13210610,0.0,0.0
2011-05-05,200.44811259873367,202.13194334936358,196.37401230530003,197.3025665283203,9349490,0.0,0.0
2011-05-06,197.70689001144981,206.1483077872196,197.70689001144981,204.12681579589844,10775730,0.0,0.0
2011-05-09,204.54886353382915,205.70400754057457,199.78612657499875,202.4918212890625,3898590,0.0,0.0
2011-05-10,202.41631431921516,202.41631431921516,197.7157699029056,199.60842895507812,6523220,0.0,0.0
2011-05-11,200.8168906811215,201.60771771712723,197.35147188480582,200.91018676757812,4910850,0.0,0.0
2011-05-12,199.92830542098406,201.25227996905627,198.59545005151085,199.05751037597656,4739430,0.0,0.0
2011-05-13,198.32888116891516,203.48259143665396,197.78241913136557,200.0216064453125,5823070,0.0,0.0
2011-05-16,199.4839873630498,201.35887081557274,198.71093571510795,200.19927978515625,6270620,0.0,0.0
2011-05-17,200.10601206062523,202.0564302135803,199.1285929477288,200.14599609375,6111940,0.0,0.0
2011-05-18,200.64807092557825,202.38967479781863,199.30633456235,201.47000122070312,6935480,0.0,0.0
2011-05-19,201.74989150869843,202.94945329156806,200.6125225970779,202.04312133789062,7511270,0.0,0.0
2011-05-20,201.7054624842154,206.14831408078402,200.40814385227424,205.7662353515625,11913870,0.0,0.0
2011-05-23,203.92686372898203,204.2645247483879,199.5684279221999,201.2344970703125,10046400,0.0,0.0
2011-05-24,200.28372774527975,203.70472861100433,199.76836893480473,200.3992462158203,4502440,0.0,0.0
2011-05-25,199.92832649713435,201.4388933634112,199.51514454308204,200.35040283203125,4157440,0.0,0.0
2011-05-26,200.37259571466726,202.3274475953042,199.03974031080028,201.19007873535156,9949950,0.0,0.0
2011-05-27,201.25227079909536,205.43742887578327,201.0434562583855,204.6954803466797,5831020,0.0,0.0
2011-05-30,204.72659242001376,206.82361887776403,204.1356991341688,205.04647827148438,3924750,0.0,0.0
2011-05-31,206.58371437783433,214.02992428826153,205.7040248978566,213.21688842773438,17696730,0.0,0.0
2011-06-01,212.36830492177694,213.87887174299195,211.01324061712236,213.09693908691406,6571670,0.0,0.0
2011-06-02,210.7124946725997,211.75484467157327,209.81329048744473,211.18222045898438,6722760,1.65,0.0
2011-06-03,211.15088350238167,212.12614533601703,210.1264319384098,210.8645782470703,5988530,0.0,0.0
2011-06-06,209.84012944037755,213.8395565483514,209.84012944037755,213.05667114257812,5842800,0.0,0.0
2011-06-07,211.6116656211162,213.90217591192814,211.49536051142974,212.63165283203125,4063470,0.0,0.0
2011-06-08,210.81539254114702,212.22906164025665,210.0996224702795,210.7303924560547,5139390,0.0,0.0
2011-06-09,210.6856358250094,212.46166769618432,209.50011280949428,211.4058837890625,3229940,0.0,0.0
2011-06-10,211.87115286129279,212.4527193918086,208.48908914143354,211.37457275390625,4371910,0.0,0.0
2011-06-13,210.5424645015919,212.9448017826917,209.73720285801073,212.28269958496094,3917780,0.0,0.0
2011-06-14,212.76584831525642,214.5553003386775,211.64744080061823,213.16847229003906,6216600,0.0,0.0
2011-06-15,212.94478669398606,214.3584554036081,211.7816401706327,212.3005828857422,7038940,0.0,0.0
2011-06-16,211.51325509082267,212.22903873688307,209.191439653738,209.63433837890625,4212650,0.0,0.0
2011-06-17,210.30542026326776,211.7011911116412,208.7978086270126,210.1980438232422,7106740,0.0,0.0
2011-06-20,209.5582703320943,211.28509880516225,203.27730293693614,205.69752502441406,7812850,0.0,0.0
2011-06-21,205.96593724716735,209.72378398629846,205.96593724716735,208.07301330566406,5078860,0.0,0.0
2011-06-22,208.69040403555596,210.06381200206224,206.89648732358395,207.81805419921875,3091580,0.0,0.0
2011-06-23,207.4869903762115,209.31671738167643,206.68174229577448,208.8067169189453,4133790,0.0,0.0
2011-06-24,210.17118683683677,213.83509185606272,209.5046201615054,213.2266845703125,8287730,0.0,0.0
2011-06-27,213.21325597825754,217.58398854602913,212.2872110855941,216.1792755126953,10256190,0.0,0.0
2011-06-28,217.36479074840588,217.41847213738296,215.1413955386812,216.796630859375,6096810,0.0,0.0
2011-06-29,217.86579701807796,223.59203837811248,217.86579701807796,222.70626831054688,10252440,0.0,0.0
2011-06-30,223.5920443551471,225.91385965011446,221.54760561603362,225.07281494140625,13420600,0.0,0.0
2011-07-01,227.26041361643396,227.94040049033063,221.7131149121893,223.79335021972656,6652420,0.0,0.0
2011-07-04,226.81308326964958,227.43938885588295,224.79100704768535,226.56256103515625,7161680,0.0,0.0
2011-07-05,225.64988861785815,228.33406654825083,224.97884413525998,227.36329650878906,5318640,0.0,0.0
2011-07-06,226.81306760351583,229.04988286587792,225.02361539362616,227.73463439941406,5892870,0.0,0.0
2011-07-07,227.80623437429585,230.38751450161737,226.73703003068255,229.56883239746094,7389020,0.0,0.0
2011-07-08,229.58674534248362,231.1346041728772,228.486222301293,228.97384643554688,7544680,0.0,0.0
2011-07-11,228.96040641481025,229.41672546912122,225.0325593324017,225.8601837158203,3972500,0.0,0.0
2011-07-12,224.57627702170103,224.57627702170103,220.1205443520807,221.86973571777344,7360900,0.0,0.0
2011-07-13,222.78681503043703,226.2717772649411,221.71761071035374,225.44415283203125,3720910,0.0,0.0
2011-07-14,225.96307669406892,229.63144547053676,223.14468131992908,226.3433380126953,4677172,0.0,5.0
2011-07-15,226.56703238785764,228.35648466884794,225.02362433452853,227.68544006347656,2745076,0.0,0.0
2011-07-18,229.02752260278268,232.13670131140975,227.26043306580408,230.41433715820312,3104948,0.0,0.0
2011-07-19,231.51039264357016,232.18143725992832,227.41702321427283,228.53543090820312,8526332,0.0,0.0
2011-07-20,231.01829629508887,231.01829629508887,224.57625727597954,225.068359375,3704322,0.0,0.0
2011-07-21,225.82887706928207,225.87361610771936,221.2210428114346,222.0262908935547,6440512,0.0,0.0
2011-07-22,223.68153167761804,226.83543581329755,223.16706688524695,224.37493896484375,6317060,0.0,0.0
2011-07-25,224.37494163615224,226.58939428709985,222.40654686444182,226.00782775878906,6685214,0.0,0.0
2011-07-26,226.07490098531537,228.24461432535216,221.55653183081762,222.8538818359375,5290764,0.0,0.0
2011-07-27,223.39074548994031,225.44861828489852,220.1026242868746,224.59861755371094,5531356,0.0,0.0
2011-07-28,223.4578813729792,223.4578813729792,216.79217352797673,218.0000457763672,10708978,0.0,0.0
2011-07-29,219.1631649152117,219.1631649152117,215.2263753664252,217.77633666992188,5995334,0.0,0.0
2011-08-01,220.75129007434924,221.86969763648003,216.7473855409466,218.3131561279297,4404708,0.0,0.0
2011-08-02,218.2684401379967,218.2684401379967,214.73427459904164,216.00926208496094,3964988,0.0,0.0
2011-08-03,214.15271179190555,218.93948855498846,212.94482601529748,215.6513671875,4165134,0.0,0.0
2011-08-04,216.5684580696511,218.7157952767779,212.49745153088773,213.14613342285156,3659212,0.0,0.0
2011-08-05,208.02383935463882,212.8553553238358,204.48967363157456,211.62510681152344,6312188,0.0,0.0
2011-08-08,207.12909496725453,214.73426692069583,204.91464237866003,206.72647094726562,8616746,0.0,0.0
2011-08-09,201.3133695571183,211.84876376963285,201.24626783108658,207.77777099609375,8981848,0.0,0.0
2011-08-10,221.35520480666807,221.35520480666807,211.78163942937914,214.6894989013672,6534452,0.0,0.0
2011-08-11,214.15267977868595,216.8368578566184,212.4974311696533,214.71188354492188,4204608,0.0,0.0
2011-08-12,217.01583933922012,217.41846339279323,207.62121437780314,209.38829040527344,5706776,0.0,0.0
2011-08-16,214.018494458178,214.018494458178,203.39362132224406,204.19888305664062,6111296,0.0,0.0
2011-08-17,204.01991475758985,211.35667974506828,203.9528130301608,209.14222717285156,6268402,0.0,0.0
2011-08-18,209.50009581329957,212.43033177189005,205.13830638894729,206.86065673828125,11444226,0.0,0.0
2011-08-19,203.55019024069253,207.35277621222195,201.3133749633223,206.16726684570312,8960518,0.0,0.0
2011-08-22,205.8093827967927,207.55410975875023,201.62654885359768,202.67784118652344,5954498,0.0,0.0
2011-08-23,204.62387428539807,206.9054287709819,199.21077817517235,205.5186004638672,8072546,0.0,0.0
2011-08-24,204.89228472793312,206.8606794926485,202.43178785892957,203.99755859375,6371228,0.0,0.0
2011-08-25,205.51856257118087,205.51856257118087,197.15288253638795,198.47259521484375,11600420,0.0,0.0
2011-08-26,198.6292036841623,201.55942634060006,195.1174008434931,196.37002563476562,4261912,0.0,0.0
2011-08-29,198.85288879674297,204.86992767575225,198.24894590905498,204.19888305664062,5800198,0.0,0.0
2011-08-30,206.65935019760232,212.49743208117397,205.25014577869436,211.1329803466797,7794648,0.0,0.0
2011-09-02,216.5237162510626,216.5237162510626,209.3659074493746,211.51324462890625,7595474,0.0,0.0
2011-09-05,210.17113297026464,212.05006304045804,206.97249023505705,210.37245178222656,5900358,0.0,0.0
2011-09-06,209.63432800992527,213.12375433977343,205.78700304853058,211.51324462890625,8930396,0.0,0.0
2011-09-07,212.94478469226794,219.1855039063032,211.5355939946444,218.35787963867188,7373286,0.0,0.0
2011-09-08,219.07372028421517,219.07372028421517,214.35403128534912,216.38954162597656,4082024,0.0,0.0
2011-09-09,216.47898297161612,217.28424467467957,210.57379874467014,211.71456909179688,5165708,0.0,0.0
2011-09-12,208.9185427429122,210.79747299943344,206.90540903339806,209.9698486328125,3492760,0.0,0.0
2011-09-13,210.70799732134364,212.8553345082297,207.57645595987992,209.23170471191406,3587976,0.0,0.0
2011-09-14,209.09748202585797,216.12108721014155,206.25672399326797,214.24215698242188,3874504,0.0,0.0
2011-09-15,217.3737180105912,218.3355459028518,210.97643142259034,216.81451416015625,4368380,0.0,0.0
2011-09-16,217.5303120947525,219.20792375615162,213.07904369219804,216.38954162597656,5473504,0.0,0.0
2011-09-19,215.58426542178972,217.8658198592219,213.43692809975812,216.8592529296875,4194610,0.0,0.0
2011-09-20,216.97105556658693,220.66180032622475,216.0763295642505,219.8118133544922,5917634,0.0,0.0
2011-09-21,220.43813823858093,222.6302144068639,218.4921062816343,221.2210235595703,6445698,0.0,0.0
2011-09-22,218.26841668636922,218.7605187432728,208.24748767892328,211.28955078125,5095544,0.0,0.0
2011-09-23,209.61195687649513,210.2606387762478,202.43178520479177,204.17649841308594,16455612,0.0,0.0
2011-09-26,203.99754774549956,204.73569403645976,196.5936948398338,201.3581085205078,13892534,0.0,0.0
2011-09-27,204.89223862857497,206.63695146719607,203.14752578995387,204.6461944580078,8011418,0.0,0.0
2011-09-28,206.86065219539648,208.18037853014093,202.09623889006903,204.8922576904297,7611876,0.0,0.0
2011-09-29,204.69095677718678,212.4079693410777,202.49888057648192,210.529052734375,16266492,0.0,0.0
2011-09-30,208.40408726838908,212.40797852227223,207.75540536096153,209.20933532714844,9514400,0.0,0.0
2011-10-03,205.85411934424474,207.97909398263434,201.6489091061297,204.01992797851562,9068118,0.0,0.0
2011-10-04,202.43176816021966,203.9975387426744,197.0634118775177,200.82125854492188,7481596,0.0,0.0
2011-10-05,200.84363443325063,204.10937903686607,195.29632203172454,196.25816345214844,8267496,0.0,0.0
2011-10-07,202.52127078079928,205.7870157877604,199.61341077510266,201.31338500976562,9443502,0.0,0.0
2011-10-10,202.20808423844653,204.89226234780642,201.3357208919302,203.4159698486328,12062992,0.0,0.0
2011-10-11,206.10016157422928,207.9790781834524,203.61728846757606,204.66859436035156,4993758,0.0,0.0
2011-10-12,206.65937695106967,210.21590518854157,202.8567908320832,208.98565673828125,8967780,0.0,0.0
2011-10-13,212.49745416673395,213.0342953013932,209.18697024283435,210.55142211914062,5866702,0.0,0.0
2011-10-14,209.813264424611,213.12374816905358,208.18039206949095,212.00534057617188,3335020,0.0,0.0
2011-10-17,213.21322449309275,214.9579375932269,211.31193160074892,213.8618927001953,3543632,0.0,0.0
2011-10-18,212.00533857973198,215.36056132678124,211.15535154763342,213.90663146972656,4054510,0.0,0.0
2011-10-19,216.05402394686567,221.26580155670425,214.4211376393187,220.03555297851562,8689042,0.0,0.0
2011-10-20,218.3131692688012,220.28156396614727,215.00268541611413,219.00657653808594,5676852,0.0,0.0
2011-10-21,219.23026610599177,220.0131514753259,216.210565395703,217.86581420898438,4580732,0.0,0.0
2011-10-24,220.4381602966408,222.33945340929574,216.05400752137635,216.68031311035156,4871546,0.0,0.0
2011-10-25,218.2460808712028,219.54343107011584,200.66470367096676,209.3659210205078,41315010,0.0,0.0
2011-10-28,217.41842284218464,221.22100842687306,214.62240402991375,215.9197540283203,9019224,0.0,0.0
2011-10-31,216.0763445172991,219.99077104840958,213.4592680488694,219.2078857421875,6425708,0.0,0.0
2011-11-01,217.01582361476196,220.54998906606338,214.7342692732463,215.76319885253906,6649758,0.0,0.0
2011-11-02,214.15268392642346,218.31315456682506,213.6158428394651,216.12107849121094,5055910,0.0,0.0
2011-11-03,215.18164355507204,216.90399416016882,211.2001148351643,215.56190490722656,5252818,0.0,0.0
2011-11-04,217.73157298910832,218.268400386375,214.86843892727936,216.07632446289062,3401610,0.0,0.0
2011-11-08,216.0763400446587,218.02237192461644,214.06320644175815,216.6355438232422,4196404,0.0,0.0
2011-11-09,216.97109216417297,217.28425177878705,212.63166485991448,213.5040283203125,4302494,0.0,0.0
2011-11-11,212.7882456193404,214.0184940855698,206.95016290420855,207.5988311767578,4605018,0.0,0.0
2011-11-14,210.21590302949508,214.6671710193311,209.7909163061416,210.88694763183594,6114282,0.0,0.0
2011-11-15,210.57378940091579,213.75005607823053,210.21589077573393,211.26719665527344,5822146,0.0,0.0
2011-11-16,210.26064612598458,211.1553722797122,205.9212188194307,208.3369903564453,3558800,0.0,0.0
2011-11-17,207.19620530186384,210.2606450938252,204.26598262376535,205.49623107910156,5388684,0.0,0.0
2011-11-18,203.6396595089586,206.50278020972593,201.35810529419032,205.02647399902344,5860372,0.0,0.0
2011-11-21,203.99757204574706,203.99757204574706,196.83976250028223,198.9199981689453,5097018,0.0,0.0
2011-11-22,199.97127670760648,201.0896842954566,196.83973546162605,198.65155029296875,7609152,0.0,0.0
2011-11-23,197.62264376869524,197.62264376869524,185.2977961774292,190.6214141845703,12782818,0.0,0.0
2011-11-24,191.82927236448313,194.60292876416557,184.00041890845347,192.20953369140625,14442594,0.0,0.0
2011-11-25,191.35953175205674,194.5581746136846,187.4674680181592,192.7687225341797,9453234,0.0,0.0
2011-11-28,195.050287720844,199.05419243663877,194.2003006653919,197.22000122070312,5445858,0.0,0.0
2011-11-29,198.62920288116223,199.32261017799314,193.35032412142164,194.69241333007812,7415512,0.0,0.0
2011-11-30,192.00822217233141,201.15678814617064,192.00822217233141,197.95814514160156,14107274,0.0,0.0
2011-12-01,205.31730000297884,208.91856749344294,201.06735055718076,202.87916564941406,6964892,0.0,0.0
2011-12-02,203.61728444444157,209.32116319096545,202.72255836655546,208.47117614746094,5618514,0.0,0.0
2011-12-05,207.44226074528152,209.11987225556004,204.89228578868318,206.83831787109375,4376614,0.0,0.0
2011-12-07,210.26062213914042,210.66324613189838,206.72645696558678,208.96327209472656,5586472,0.0,0.0
2011-12-08,208.91852670884987,209.2316862783813,201.80545754496717,202.990966796875,6278500,0.0,0.0
2011-12-09,199.97129449548856,201.8502248711863,197.06343450841769,198.51736450195312,6803456,0.0,0.0
2011-12-12,200.46335672296044,201.73834396333038,190.71083543835977,193.28317260742188,6035578,0.0,0.0
2011-12-13,191.47138931763627,199.25550381641725,190.57666319932957,196.12396240234375,7462940,0.0,0.0
2011-12-14,196.39238455927904,198.5173591074717,192.4779577599768,194.31214904785156,12153362,0.0,0.0
2011-12-15,191.9187714904485,195.05031321639987,191.02404528303381,192.97007751464844,13480070,0.0,0.0
2011-12-16,194.2003048383534,197.06342565886885,183.41885248612084,185.7898712158203,14712410,0.0,0.0
2011-12-19,184.33593546661544,184.76093581627157,179.05705704712517,181.62939453125,16170762,0.0,0.0
2011-12-20,181.62940786321994,188.60827454116122,180.7346817161105,185.29779052734375,9991784,0.0,0.0
2011-12-21,190.57668857970515,196.5713516402222,186.90830554512962,194.8042755126953,7493440,0.0,0.0
2011-12-22,193.03715745078546,198.98708059721613,191.82927174620207,198.11473083496094,6788034,0.0,0.0
2011-12-23,198.7186733405795,199.74760290014297,195.05029084985966,195.7436981201172,3427650,0.0,0.0
2011-12-26,196.3923681777533,199.25548881022195,195.52000481712827,198.49497985839844,2282380,0.0,0.0
2011-12-27,196.97395807270632,198.45026442374458,194.91609883282382,196.70555114746094,3147118,0.0,0.0
2011-12-28,197.95812971511515,198.1818112176181,193.7305438568351,196.750244140625,3834170,0.0,0.0
2011-12-29,194.89368975824624,197.73444756116177,190.57663950464914,192.18714904785156,5465314,0.0,0.0
2011-12-30,194.06608950663835,194.15556757940092,188.8319499085177,190.95692443847656,3838208,0.0,0.0
2012-01-02,191.87401324832607,192.2766372708835,187.6688032247896,190.95692443847656,3514998,0.0,0.0
2012-01-03,192.99243913931042,197.24238860097728,192.3661335280788,196.45950317382812,3439238,0.0,0.0
2012-01-04,197.68970406118535,199.05416938257312,192.74634844488406,198.31600952148438,4871478,0.0,0.0
2012-01-05,198.6291749976939,199.83706057689733,196.97392641173892,198.47259521484375,3380606,0.0,0.0
2012-01-06,197.28712743206523,204.5120387787382,196.37003853649696,202.78968811035156,3977222,0.0,0.0
2012-01-09,202.1633545458956,204.48964780912112,199.52391534690588,203.86334228515625,4231968,0.0,0.0
2012-01-10,205.7870049689812,206.81593453285132,203.99755275185962,205.65280151367188,4491386,0.0,0.0
2012-01-11,206.01069106335933,207.5764617880537,203.5501942102682,206.97251892089844,3859556,0.0,0.0
2012-01-12,206.54750890527853,209.85799247647614,206.32382739840793,208.76194763183594,3987722,0.0,0.0
2012-01-13,210.26063805002556,211.62508992107746,206.2567332049066,210.08169555664062,3690842,0.0,0.0
2012-01-16,208.82906286022853,209.2988022465004,205.00411430632252,206.01068115234375,3191710,0.0,0.0
2012-01-17,207.5317118974468,209.81326613602306,207.12908789121252,209.5448455810547,3661008,0.0,0.0
2012-01-18,211.55799143437926,217.15002976607906,210.08169877578544,215.58425903320312,10068622,0.0,0.0
2012-01-19,217.41845167546398,219.31974471995107,214.86847671952987,217.77633666992188,8421088,0.0,0.0
2012-01-20,219.20791998826454,220.7513281511981,214.93560782497883,219.45396423339844,7195130,0.0,0.0
2012-01-23,217.4184535633434,218.2013389414007,215.13689915966032,216.5237274169922,3766864,0.0,0.0
2012-01-24,217.082917675959,220.5947203111476,214.98030590261544,218.67105102539062,7531976,0.0,0.0
2012-01-25,219.31972597182795,220.549974307213,217.30659233210693,219.29736328125,7409550,0.0,0.0
2012-01-27,225.4262334047193,225.47097243926203,214.5776796712826,216.61318969726562,7438818,0.0,0.0
2012-01-30,216.05399196584082,216.07635465752213,211.60272412631048,214.30926513671875,4987508,0.0,0.0
2012-01-31,216.30004425389856,221.44471955673174,214.66717177957378,220.14736938476562,5326924,0.0,0.0
2012-02-01,221.22101537505256,223.54730856090112,215.33819433975222,222.40652465820312,6010298,0.0,0.0
2012-02-02,223.23416752746996,223.68153058864726,219.78946649542993,222.7420654296875,11420854,0.0,0.0
2012-02-03,222.56314245153357,227.26045500578704,221.5565754756221,226.47756958007812,7457502,0.0,0.0
2012-02-06,228.15513490548446,230.83931296319605,223.6815048092985,227.12620544433594,8719312,0.0,0.0
2012-02-07,229.94460702909782,230.5709262192199,227.26042873692938,227.8419952392578,6037854,0.0,0.0
2012-02-08,228.46831306939174,231.64457977426784,224.91177139246463,227.4617462158203,6930574,0.0,0.0
2012-02-09,226.23149035449558,235.2905917369235,226.20911401147225,233.76954650878906,8680512,0.0,0.0
2012-02-10,233.8814100710864,235.15641121733665,229.94462047337336,231.51039123535156,5757586,0.0,0.0
2012-02-13,232.02485183676208,234.86559622149184,230.7946034756019,233.5011444091797,7307162,0.0,0.0
2012-02-14,233.7472055263036,234.32877205993947,230.41434517313533,231.68934631347656,6557414,0.0,0.0
2012-02-15,232.85248713830472,239.29452652287102,231.39855710333933,238.46688842773438,9689792,0.0,0.0
2012-02-16,237.54977863524954,240.61420459399966,234.08271501110042,235.5142822265625,4062132,0.0,0.0
2012-02-17,237.66164554389627,238.44453096451144,232.67353608488315,236.3419189453125,7109824,0.0,0.0
2012-02-21,235.3129899632986,238.66821320422017,232.85249291995612,238.01953125,7415568,0.0,0.0
2012-02-22,237.10241674865748,241.0839588197825,235.60376145153523,237.7510986328125,6961554,0.0,0.0
2012-02-23,235.84985678545536,239.76428432545762,235.84985678545536,238.5116729736328,8547874,0.0,0.0
2012-02-24,235.84980044381868,239.51818283737927,230.54853203026755,234.7090301513672,8190084,0.0,0.0
2012-02-27,235.71562519773806,237.75112181487026,229.11701955991708,230.660400390625,7660646,0.0,0.0
2012-02-28,232.29324638517704,238.62344399244154,229.58670559553929,237.32608032226562,7400574,0.0,0.0
2012-02-29,238.8471576935077,241.53133615507232,229.6538246187487,231.33143615722656,9994318,0.0,0.0
2012-03-01,231.28671511045226,233.65773400167322,226.05256155123283,229.9446258544922,6099246,0.0,0.0
2012-03-02,229.94462072900978,234.86561455784073,227.14860150808312,232.06959533691406,4058348,0.0,0.0
2012-03-05,232.6287845349735,233.0537848907717,226.16438304220964,228.5801544189453,5025686,0.0,0.0
2012-03-06,228.0656729630192,233.07614448587836,225.13545050387387,226.99200439453125,5798594,0.0,0.0
2012-03-07,226.7459517093483,231.73404670227887,222.58546738983418,230.68275451660156,3788818,0.0,0.0
2012-03-09,233.52352262436236,235.76033797517042,232.4722303314325,234.06036376953125,4657522,0.0,0.0
2012-03-12,238.89188168342002,239.11556322057677,231.28670942009018,232.15907287597656,5608692,0.0,0.0
2012-03-13,233.97087928331416,235.98401304387804,232.7853562579213,234.59719848632812,5539714,0.0,0.0
2012-03-14,236.2523969738419,237.10239762311866,233.27744931111624,236.29714965820312,5860562,0.0,0.0
2012-03-15,236.2076963804407,237.10242250309386,227.7301609073269,228.51304626464844,7469598,0.0,0.0
2012-03-16,228.15515668944883,234.8208770911489,225.91834142778757,227.19332885742188,6405304,0.0,0.0
2012-03-19,228.17752663539883,228.17752663539883,221.4894569818641,223.1670684814453,7649884,0.0,0.0
2012-03-20,221.89206498879562,228.5354087779192,220.5499758860408,226.09727478027344,3162136,0.0,0.0
2012-03-21,225.02360133445228,231.66693132665176,225.02360133445228,230.68275451660156,6010786,0.0,0.0
2012-03-22,229.8999047413557,233.70249103725945,223.72628585771963,225.5828399658203,5640032,0.0,0.0
2012-03-23,227.93145508367203,232.06956295319895,224.10650678416465,229.92222595214844,4023582,0.0,0.0
2012-03-26,229.72093495148172,231.0630241527562,226.20913214432605,228.893310546875,4916458,0.0,0.0
2012-03-27,230.39196679786158,233.43403002470336,229.04987767088375,232.1143035888672,5928676,0.0,0.0
2012-03-28,231.9577097373925,231.9577097373925,228.1774870203318,229.6985321044922,4349746,0.0,0.0
2012-03-29,227.26044021531135,229.98934402823028,225.9183510014414,228.1999053955078,8112558,0.0,0.0
2012-03-30,229.04990195159877,234.35114364317656,228.04333499966305,232.5616912841797,5592488,0.0,0.0
2012-04-02,231.73406114213088,237.08005507926097,230.88406042062527,236.3642578125,2765466,0.0,0.0
2012-04-03,238.44449027069473,239.9655354645391,236.20767516496588,237.19187927246094,6460406,0.0,0.0
2012-04-04,234.9774849034919,236.6550966472103,234.59723716353383,235.55905151367188,2087538,0.0,0.0
2012-04-09,234.30639295299258,235.44716324768407,232.62878154760122,233.4116668701172,2518370,0.0,0.0
2012-04-10,234.14985305154897,235.31298616768973,230.77223986626768,234.7985076904297,2917036,0.0,0.0
2012-04-11,233.45639582156278,237.52741594381038,231.33142134224556,235.5142822265625,3731624,0.0,0.0
2012-04-12,234.8656006841829,239.1155496489443,234.5524410889626,237.2813720703125,6051644,0.0,0.0
2012-04-13,239.96554627529824,240.56947545910407,234.37350825904758,236.81161499023438,4916714,0.0,0.0
2012-04-16,236.61035287551803,237.54980445706997,234.46298816646816,236.9906005859375,8698042,0.0,0.0
2012-04-17,237.99711865717822,239.74184529860588,233.12085098078765,237.2142333984375,7832904,0.0,0.0
2012-04-18,238.44451582146064,241.53133192008613,238.44451582146064,240.52476501464844,6000142,0.0,0.0
2012-04-19,241.57600587382836,248.55485734379135,240.32339500804898,247.8614501953125,8183338,0.0,0.0
2012-04-20,247.05622643899997,249.62856378988135,244.46152639821568,246.541748046875,7862550,0.0,0.0
2012-04-23,246.9220955886467,248.73391088139311,243.05239342726307,243.969482421875,4218824,0.0,0.0
2012-04-24,244.30491819796745,244.48387431612122,241.30760800541697,242.40362548828125,4380390,0.0,0.0
2012-04-25,243.36548718591152,245.82598383944557,240.68130901841985,244.55101013183594,5389194,0.0,0.0
2012-04-26,243.8128928891163,246.02734572587363,241.12871425180495,241.7997589111328,4669476,0.0,0.0
2012-04-27,242.47079335661425,244.26024570610954,238.98136673607357,242.09054565429688,2274510,0.0,0.0
2012-04-30,243.27602451994397,245.6023178733439,241.73261651495633,242.6944580078125,3019510,0.0,0.0
2012-05-02,241.8891834615252,246.49701697485406,241.8891834615252,246.0049285888672,4489174,0.0,0.0
2012-05-03,244.03650222995068,249.62853940295597,244.01413954223247,247.8614501953125,6857274,0.0,0.0
2012-05-04,246.58650525657765,247.70491282096265,239.18265264132341,240.45762634277344,6175944,0.0,0.0
2012-05-07,237.952442626793,239.13793845296243,231.01831461132946,238.1090087890625,8356344,0.0,0.0
2012-05-08,238.39979740252332,239.96556819006696,229.60910191622094,230.54855346679688,5641540,0.0,0.0
2012-05-09,229.8104087340973,233.7919235739308,226.09728715511915,229.34068298339844,7511996,0.0,0.0
2012-05-10,228.6248939415881,233.9261627614966,228.15516817396966,231.51039123535156,6042190,0.0,0.0
2012-05-11,229.6090696953239,232.6287700761197,227.34989190844365,228.40118408203125,4025042,0.0,0.0
2012-05-14,228.49067504451585,228.96040078040215,221.01970673822856,223.9275665283203,5517424,0.0,0.0
2012-05-15,221.892087130222,225.6723106078309,221.892087130222,223.27891540527344,4009732,0.0,0.0
2012-05-16,220.99735380804762,223.09996567164973,217.41844929293754,221.53419494628906,8480436,0.0,0.0
2012-05-17,222.33941120322513,226.58935970710974,221.44468520240733,222.69729614257812,5809260,0.0,0.0
2012-05-18,219.1184137985532,225.42623545831646,218.76052882382427,223.9275665283203,4807208,0.0,0.0
2012-05-21,223.79336731329124,227.19332924733888,220.97498553973583,222.54075622558594,4271170,0.0,0.0
2012-05-22,225.38150250222617,225.91834363123562,217.84344591885636,218.87237548828125,5548406,0.0,0.0
2012-05-23,219.20790287492866,220.5052530390071,215.71847641258842,217.95529174804688,6347944,0.0,0.0
2012-05-24,220.54997966309134,224.88940663062172,216.97107532778762,223.5473175048828,5769622,0.0,0.0
2012-05-25,223.59204048629104,225.09070939109472,221.71312392189353,223.6815185546875,5597286,0.0,0.0
2012-05-28,224.21837679706604,228.4235869368085,223.68153565052978,227.59596252441406,6103426,0.0,0.0
2012-05-29,228.22226053724015,229.0275222303821,224.62099339348066,225.89598083496094,5286512,0.0,0.0
2012-05-30,223.70389998140672,226.09729516088282,222.13812922038616,223.97232055664062,5083640,0.0,0.0
2012-05-31,221.89209124502432,227.6630723392561,221.60130796884,226.4552001953125,9519560,0.0,0.0
2012-06-01,225.47098113703743,226.8801720386565,219.20789832767528,219.3868408203125,5854374,0.0,0.0
2012-06-04,218.3131943995918,223.01050698400925,216.99346778394676,221.7355194091797,5680484,0.0,0.0
2012-06-05,223.68152500506295,225.8736012196252,222.988117738522,224.35256958007812,5355356,0.0,0.0
2012-06-06,225.85125339055708,233.97089055207758,225.24731050281272,232.58407592773438,12545846,0.0,0.0
2012-06-07,234.50770122488703,241.3523499897575,233.97086013835622,240.59182739257812,9900246,0.0,0.0
2012-06-08,241.97866087483888,242.80627151401612,237.5273935040269,241.1733856201172,9661372,0.0,0.0
2012-06-11,242.0681198244866,245.5575732333854,240.86026151126828,242.44839477539062,6535942,0.0,0.0
2012-06-12,241.03924185646483,246.42996195260724,240.65899412915863,245.87075805664062,5626920,0.0,0.0
2012-06-13,246.49700967166407,247.12332878515542,241.48653867834406,242.35890197753906,4032366,0.0,0.0
2012-06-14,241.57605352454027,244.8865511059004,238.2879459401838,239.07083129882812,4321276,0.0,0.0
2012-06-15,239.33921290674823,245.91545468497338,239.3168502169836,244.95361328125,4966112,0.0,0.0
2012-06-18,246.94438264928968,246.94438264928968,236.90107756788686,239.3168487548828,5618732,0.0,0.0
2012-06-19,239.2497550802897,241.12868536226915,235.4471691330183,239.9879150390625,5930368,0.0,0.0
2012-06-20,240.233949536655,241.79972015747117,236.45372643399566,238.98133850097656,4767236,0.0,0.0
2012-06-21,238.4444779656238,243.6786305038921,237.68395540794884,242.87338256835938,5326328,0.0,0.0
2012-06-22,239.3839410162974,243.85757121510596,239.3839410162974,243.5220489501953,3084408,0.0,0.0
2012-06-25,243.9918105753895,245.37862506401186,239.33922408249106,240.09974670410156,3187424,0.0,0.0
2012-06-26,240.68135712669246,245.15498830005106,239.92083436624594,243.11949157714844,2926564,0.0,0.0
2012-06-27,244.26019070317838,248.1522541478843,244.26019070317838,245.60227966308594,5968644,0.0,0.0
2012-06-28,246.59423830364588,249.18688194407193,244.94846220199042,247.31565856933594,6071220,2.15,0.0
2012-06-29,248.93895006795802,254.71042417952688,248.91641083729667,254.10169982910156,6329586,0.0,0.0
2012-07-02,254.30457791842846,259.26441897712124,252.5009993516311,258.7909851074219,4100762,0.0,0.0
2012-07-03,259.67024130950597,261.5188983760631,257.77647826545626,259.6476745605469,4233400,0.0,0.0
2012-07-04,260.03090798384335,261.90210396559286,259.55747418221614,260.6170654296875,6405142,0.0,0.0
2012-07-05,260.5720289009493,263.7733699035747,259.4673315058151,263.3675537109375,4190764,0.0,0.0
2012-07-06,262.4657161614296,265.57689967856567,260.8425067301362,262.1951904296875,7870760,0.0,0.0
2012-07-09,261.49635828547866,262.3079631529885,256.6041348111092,260.68475341796875,3830580,0.0,0.0
2012-07-10,261.5188789563979,267.0648772646644,260.39164240917205,265.41912841796875,6771508,0.0,0.0
2012-07-11,264.63009243967485,267.7412491458162,263.81846001853427,264.6751708984375,6149722,0.0,0.0
2012-07-12,263.27741717805645,266.43367996824173,259.5349692819233,261.5639953613281,3791874,0.0,0.0
2012-07-13,263.7733947743175,266.65913181078895,262.62361881400227,264.6977233886719,4754286,0.0,0.0
2012-07-16,265.12598937916044,267.2451992201184,261.9922668237414,262.7137145996094,6425080,0.0,0.0
2012-07-17,264.6751689624746,265.46423462803557,260.887642759611,262.98431396484375,4269678,0.0,0.0
2012-07-18,263.63811866305707,265.4416973403888,261.56398667186954,264.6751708984375,3558998,0.0,0.0
2012-07-19,265.3965559974321,266.3885296418706,264.0213329432987,265.7572937011719,2400224,0.0,0.0
2012-07-20,265.576929181406,265.576929181406,261.9697722485516,262.6911926269531,2084472,0.0,0.0
2012-07-23,260.3466186464925,261.5189338937064,257.48342070281245,258.3626708984375,3047264,0.0,0.0
2012-07-24,258.15977849386815,260.3691737332692,257.1001868605329,258.83612060546875,2652794,0.0,0.0
2012-07-25,259.01640314932774,261.8795727922989,258.67823220627974,259.7378234863281,4407852,0.0,0.0
2012-07-26,260.6171160898837,260.95528708827027,253.85369612215317,255.11619567871094,8852708,0.0,0.0
2012-07-27,257.9117855070418,265.44173300058173,254.59772025039442,263.5930480957031,6715436,0.0,0.0
2012-07-30,264.72025762134894,266.88457411805484,263.3224951109515,264.78790283203125,4233142,0.0,0.0
2012-07-31,266.02787980015154,266.02787980015154,261.4512874699942,265.01336669921875,4195704,0.0,0.0
2012-08-01,264.0214125543693,265.2839123368746,260.4367938258535,264.44976806640625,3935494,0.0,0.0
2012-08-02,264.4497581121747,265.6671793825061,260.3015211082899,262.64617919921875,3442730,0.0,0.0
2012-08-03,261.96980046526596,265.5769577866465,261.4061821338002,265.21624755859375,4975750,0.0,0.0
2012-08-06,267.4481948601956,271.4386018358236,267.3805496489093,270.6495361328125,6164588,0.0,0.0
2012-08-07,271.43858953759127,271.5738524336078,269.1841162025615,270.5818786621094,5614382,0.0,0.0
2012-08-08,270.53680565506136,271.43859500724494,268.1470693758604,270.04083251953125,4026558,0.0,0.0
2012-08-09,270.98767693532363,273.69304475830523,269.8604403424146,272.6334533691406,4936560,0.0,0.0
2012-08-10,270.53679107641017,273.6479751819591,270.3789889564525,271.5062255859375,7563710,0.0,0.0
2012-08-13,270.53679486912836,274.82029412122284,270.53679486912836,273.8959655761719,4210852,0.0,0.0
2012-08-14,273.71557776727497,274.5948277938524,272.00218368906644,274.2115783691406,5612784,0.0,0.0
2012-08-16,274.14394410296427,274.2115893078702,269.56735244899636,270.559326171875,4071648,0.0,0.0
2012-08-17,269.90552383766465,271.5513003022117,266.83944575178697,268.327392578125,3843078,0.0,0.0
2012-08-21,268.28231071478064,269.86044195427934,265.2162326678395,268.91357421875,4170420,0.0,0.0
2012-08-22,268.0117406374682,270.7396472536017,266.6364901968902,269.13897705078125,4790430,0.0,0.0
2012-08-23,270.2662517154218,272.58834254324466,268.39502799631606,269.4997253417969,4712524,0.0,0.0
2012-08-24,267.6059697460915,270.7171537807956,267.4932460857098,268.86846923828125,3354188,0.0,0.0
2012-08-27,268.2822892780014,270.04078924110183,266.95214469262254,267.98919677734375,2023362,0.0,0.0
2012-08-28,267.3354391759965,268.0793988089214,264.44970251379726,265.7347412109375,4447982,0.0,0.0
2012-08-29,265.6896551759898,268.6430094366955,264.3369713142538,265.3740234375,3364814,0.0,0.0
2012-08-30,264.2242426837195,271.4385564771316,264.2242426837195,268.6881103515625,11358202,0.0,0.0
2012-08-31,266.1856512143316,270.5367956864592,265.6896780970768,268.44012451171875,6253370,0.0,0.0
2012-09-03,269.4320534320278,269.5447770781395,265.1260156546463,266.230712890625,3718908,0.0,0.0
2012-09-04,266.2758451197847,267.08745003162176,264.7653589649889,266.07293701171875,2886294,0.0,0.0
2012-09-05,265.126043942428,268.7332010028692,264.8329514230974,266.9747009277344,6079236,0.0,0.0
2012-09-06,266.07291760513914,267.60597039823585,264.26933903463714,265.1936950683594,2548726,0.0,0.0
2012-09-07,267.9441241724227,268.28229513267394,264.0889807296428,266.20819091796875,5602574,0.0,0.0
2012-09-10,266.70418884007086,269.1841094463606,265.7347543221691,266.54638671875,3017446,0.0,0.0
2012-09-11,265.46421411078535,269.18409481807026,263.029372094211,268.01177978515625,3155772,0.0,0.0
2012-09-12,268.3950470104131,270.5367966505634,267.7863502261198,270.17608642578125,3195508,0.0,0.0
2012-09-13,270.9876913116477,271.21313864218985,267.62852058248467,270.17608642578125,1699880,0.0,0.0
2012-09-14,273.5126923726243,277.18749489506035,270.9651540314322,276.28570556640625,12885610,0.0,0.0
2012-09-17,279.103752443087,279.5321078095638,273.0166754511941,274.2791748046875,10543424,0.0,0.0
2012-09-18,274.27920988594764,275.947525593786,272.272723190862,272.9941711425781,5019588,0.0,0.0
2012-09-20,271.4385243552288,275.04568082506574,270.9876297964992,273.6479187011719,5245664,0.0,0.0
2012-09-21,274.4596077792427,283.61276463130235,272.8363703565363,281.8768310546875,11801424,0.0,0.0
2012-09-24,282.0346158726009,287.17482611490044,280.8171947604324,286.318115234375,8787440,0.0,0.0
2012-09-25,285.41627426815796,288.0765633461246,282.3276573478323,287.1747741699219,5843072,0.0,0.0
2012-09-26,286.25048216701947,287.0395478723933,281.42593101336166,284.4018249511719,5365254,0.0,0.0
2012-09-27,285.41635130706476,287.21993014628794,281.89937807466544,284.42437744140625,7930872,0.0,0.0
2012-09-28,284.92034973265953,286.0024804160656,282.30513866013547,283.6803894042969,5503844,0.0,0.0
2012-10-01,283.61279642253714,284.96548066620585,279.55474369153103,280.83978271484375,4027392,0.0,0.0
2012-10-03,281.35829759360195,282.6207972710259,278.6303901162113,279.3067321777344,5516114,0.0,0.0
2012-10-04,280.2310483564159,285.8221534910867,280.2085091261204,284.6498107910156,6326032,0.0,0.0
2012-10-05,287.6707863434236,287.96387887373044,227.72433719614386,280.6368408203125,7473512,0.0,0.0
2012-10-08,281.3131992773851,281.3131992773851,277.99910689755603,279.8703308105469,4645336,0.0,0.0
2012-10-09,281.78662863640466,284.2890885429672,280.456483859993,282.1473388671875,2155384,0.0,0.0
2012-10-10,281.35830920126074,281.35830920126074,277.841335840331,278.6304016113281,2147508,0.0,0.0
2012-10-11,280.0732278946066,283.07166085879766,278.8558068136183,281.74151611328125,4906466,0.0,0.0
2012-10-12,284.0636439558323,286.3181173205611,282.2600652640492,284.5821838378906,7753204,0.0,0.0
2012-10-15,285.14580978956616,286.2730465020163,280.72701986041943,285.93487548828125,3786034,0.0,0.0
2012-10-16,286.4308467543221,286.5435704248275,283.20693876969557,284.2440185546875,3636918,0.0,0.0
2012-10-17,284.96547067815004,285.1909180441929,282.4855496516788,283.20697021484375,3216886,0.0,0.0
2012-10-18,284.0636394624033,287.6257183304992,281.5611795712245,286.85919189453125,2809230,0.0,0.0
2012-10-19,284.9654299205698,286.3181139233573,282.7109565825906,283.3872985839844,4527700,0.0,0.0
2012-10-22,281.89930322727247,288.57253765649455,281.89930322727247,288.12164306640625,4120702,0.0,0.0
2012-10-23,288.1442265482959,288.3471346490849,285.19087203369224,285.91229248046875,4166480,0.0,0.0
2012-10-25,285.25853306433424,289.0234926705139,283.61275645827345,287.3777160644531,8505670,0.0,0.0
2012-10-29,287.6031488118111,289.69981999582683,286.5660965945105,288.8431091308594,2756164,0.0,0.0
2012-10-30,287.24240626777754,290.73683950101184,284.33413052442046,285.7093811035156,4417452,0.0,0.0
2012-10-31,285.91232199566946,286.72395448261165,284.0862039409072,285.9574279785156,3746484,0.0,0.0
2012-11-01,285.3035354610776,286.6336799293816,282.9363389993302,283.43231201171875,3529230,0.0,0.0
2012-11-02,287.6707463613004,287.6707463613004,283.1618004935684,284.1988525390625,2716386,0.0,0.0
2012-11-05,284.9654312253937,286.76900990403544,284.40181288831815,286.318115234375,2011064,0.0,0.0
2012-11-06,285.84469071660914,289.1136771789339,285.84469071660914,288.36968994140625,3639042,0.0,0.0
2012-11-07,288.4598603963218,290.82705737495513,287.1748216160913,288.5951232910156,4100330,0.0,0.0
2012-11-08,286.99440659118557,289.0234322465828,286.5435120010973,288.12164306640625,1933900,0.0,0.0
2012-11-09,287.7835068796413,289.9252564412211,286.3180992848762,288.27947998046875,2210388,0.0,0.0
2012-11-12,287.3325996010271,294.79490013601173,287.3325996010271,293.66766357421875,4828728,0.0,0.0
2012-11-15,291.72879593810444,291.9091647799287,288.12163926499034,291.390625,4721170,0.0,0.0
2012-11-16,289.9252376118352,292.4502364491189,288.6401989665151,289.5870666503906,6051412,0.0,0.0
2012-11-19,288.45988697336594,292.13468982027587,288.32462406620976,291.61614990234375,2893974,0.0,0.0
2012-11-20,292.6757549394277,295.7418610852489,292.292505431415,294.8175048828125,4676694,0.0,0.0
2012-11-21,295.4035850041205,300.07033273953493,292.9462041229809,299.25872802734375,6464892,0.0,0.0
2012-11-22,300.65649048489075,302.6178983551994,299.39399120677757,301.69354248046875,4220482,0.0,0.0
2012-11-23,301.8739706725049,303.2717330908989,297.16211603693705,301.9866943359375,2624856,0.0,0.0
2012-11-26,303.4520935823182,303.76772533530004,297.6355417016194,298.4471740722656,2740768,0.0,0.0
2012-11-27,299.7999453763207,308.32184006808865,299.7999453763207,306.8338928222656,8251336,0.0,0.0
2012-11-29,305.4811393860396,317.31712449140275,304.5342715857812,315.5586242675781,12599726,0.0,0.0
2012-11-30,316.07714290445836,318.10616878615605,310.9369329959877,317.40728759765625,7819646,0.0,0.0
2012-12-03,315.6262347302161,316.1447745525852,308.41192079352544,309.7420654296875,5818170,0.0,0.0
2012-12-04,308.45701955742254,311.11730900491006,307.0817963767758,308.93048095703125,4339744,0.0,0.0
2012-12-05,310.6664021457304,313.3717699438064,309.76461287970506,312.28961181640625,4609930,0.0,0.0
2012-12-06,313.7324670439317,314.94988800630847,306.9690478311978,313.259033203125,5452276,0.0,0.0
2012-12-07,313.48451020408163,314.72447051053433,310.21552394161546,312.51507568359375,3968316,0.0,0.0
2012-12-10,311.1173172327347,314.0481325399996,310.95951510897555,312.4700012207031,4162052,0.0,0.0
2012-12-11,313.4844660176805,315.175320742695,309.4489539032283,311.5005187988281,6750276,0.0,0.0
2012-12-12,311.6809258884427,313.8226754695929,310.44096560461884,312.8532409667969,3868252,0.0,0.0
2012-12-13,312.8532282205007,313.82266268379993,310.6664002717502,311.5907287597656,3141616,0.0,0.0
2012-12-14,311.1397767920432,313.10118458461955,309.0205669161142,310.5536193847656,4186946,0.0,0.0
2012-12-17,310.1704221117501,310.1704221117501,303.72260698771925,305.03021240234375,6115106,0.0,0.0
2012-12-18,305.68404641827175,307.6003487619332,301.98670462759253,304.7822570800781,6687536,0.0,0.0
2012-12-19,304.1509467485918,310.779102868812,304.12840752268943,310.2154846191406,8244506,0.0,0.0
2012-12-20,309.3137029190237,309.7645975296928,306.7210589076762,308.1413879394531,5130374,0.0,0.0
2012-12-21,307.0593137571797,307.5102084910376,303.92558985278174,304.8048400878906,5543122,0.0,0.0
2012-12-24,306.6083229170635,306.675968114111,302.91098175427334,304.8498229980469,2741126,0.0,0.0
2012-12-26,305.75164810199783,308.79518695908916,303.4971748745227,306.7436218261719,2861608,0.0,0.0
2012-12-27,308.4119118444464,308.4119118444464,305.12038671042507,306.6534118652344,4929084,0.0,0.0
2012-12-28,307.1043622711761,307.9610731901251,303.9706661928312,305.5487976074219,3512132,0.0,0.0
2012-12-31,305.2556913531367,306.6083753620871,303.9030073441863,305.97711181640625,2553644,0.0,0.0
2013-01-01,307.5552623713698,308.9079464648145,306.45059237806595,308.6374206542969,2014606,0.0,0.0
2013-01-02,311.0722276815173,311.1173061380049,307.983582840211,309.92242431640625,4854798,0.0,0.0
2013-01-03,311.11729575707625,311.11729575707625,306.7887183025388,308.11883544921875,4571366,0.0,0.0
2013-01-04,308.8628429437391,308.8628429437391,303.3619225726267,306.3152770996094,5442254,0.0,0.0
2013-01-07,308.2766783692636,308.2766783692636,300.29583754308743,301.2878112792969,5502284,0.0,0.0
2013-01-08,301.19761476157447,303.63245678727793,300.16056261004314,302.2121276855469,4942598,0.0,0.0
2013-01-09,303.0011630969101,303.2491496161938,300.3183347945719,300.9721374511719,6435982,0.0,0.0
2013-01-10,301.87399904554667,305.7066039624805,300.52131495721716,304.7146301269531,4565184,0.0,0.0
2013-01-11,305.21059880236066,305.21059880236066,300.61146788019204,301.7837829589844,5141714,0.0,0.0
2013-01-14,301.2652706250831,302.32486204166753,300.7918092274695,301.7837829589844,5694874,0.0,0.0
2013-01-15,302.4600917229211,304.5567626179499,299.84490855092236,301.3328552246094,4131688,0.0,0.0
2013-01-16,300.09289970882605,301.738676029935,296.50828208477657,297.8158874511719,4575378,0.0,0.0
2013-01-17,296.5533946578589,302.48264235021514,294.907618300121,300.6565246582031,6422072,0.0,0.0
2013-01-18,302.0994575205057,303.9030363713744,295.47129973947744,298.87554931640625,10112346,0.0,0.0
2013-01-21,297.5904482087194,299.1235009197822,295.22325146160455,296.9366455078125,5427360,0.0,0.0
2013-01-22,296.9141496530682,298.04138636397585,291.9768473552073,294.77239990234375,4243064,0.0,0.0
2013-01-23,296.23780296110687,298.94317102467863,295.04292105819184,296.05743408203125,3539870,0.0,0.0
2013-01-24,295.60652811908136,298.8304359465926,295.4487259962351,297.7257385253906,3073980,0.0,0.0
2013-01-25,297.7257430083061,300.7467427801985,295.5839933408309,299.86749267578125,2794866,0.0,0.0
2013-01-28,299.95768084471166,303.0012198837223,299.59697061084023,302.2572326660156,3684010,0.0,0.0
2013-01-29,302.4375848067788,302.505230012073,293.08152087127274,294.18621826171875,5980874,0.0,0.0
2013-01-30,294.434240419298,296.8690828183794,290.37618810111474,296.08001708984375,5019816,0.0,0.0
2013-01-31,296.0574322769701,296.64361737017833,288.61767014750797,289.94781494140625,6944192,0.0,0.0
2013-02-01,290.73687193305426,290.7594111620209,286.8591888563001,288.6402282714844,5242072,0.0,0.0
2013-02-04,289.0911022226551,292.8560613644362,288.5725623914383,291.6837463378906,5237900,0.0,0.0
2013-02-05,286.9268467904843,291.81907106123276,286.9268467904843,290.44384765625,3730010,0.0,0.0
2013-02-06,291.54850941183423,291.6837998416109,287.3101156365135,288.34716796875,4936794,0.0,0.0
2013-02-07,286.9042135475237,289.9252127144175,286.11514803858086,289.2488708496094,4541418,0.0,0.0
2013-02-08,288.7980264907888,294.6145785477197,288.7980264907888,293.10406494140625,9413328,0.0,0.0
2013-02-11,293.0814870187297,297.5678937471778,293.0814870187297,296.2152099609375,7583530,0.0,0.0
2013-02-12,295.62911140623,300.746755075887,295.62911140623,299.9351501464844,7916418,0.0,0.0
2013-02-13,299.0783757557522,300.9270600852302,297.36498181948167,299.48419189453125,7254416,0.0,0.0
2013-02-14,299.3940457074457,305.8869396345724,298.49225641314615,304.2637023925781,8842076,0.0,0.0
2013-02-15,302.86590164267614,306.9690314039896,301.2877705774907,305.1429138183594,6244390,0.0,0.0
2013-02-18,305.7066295556063,307.0142352919662,303.90305062017495,304.8048400878906,4734582,0.0,0.0
2013-02-19,304.12843950251823,305.43604498742263,302.79829478934136,304.2637023925781,1187406,0.0,0.0
2013-02-20,305.4811408628628,306.96908777921647,304.3088257215967,305.233154296875,3430842,0.0,0.0
2013-02-21,304.3539285570327,305.4586260981033,299.4166259896884,300.4085998535156,5435936,0.0,0.0
2013-02-22,298.58241616784215,300.4761790334305,296.4857452237224,297.2748107910156,3854192,0.0,0.0
2013-02-25,299.055885334241,299.9351354314688,294.930188158248,295.98980712890625,3776472,0.0,0.0
2013-02-26,295.24578142534807,298.9431226851158,291.00738865669655,293.6451110839844,5871320,0.0,0.0
2013-02-27,294.1185998062722,294.8851262808124,288.97841686959725,289.81256103515625,6435668,0.0,0.0
2013-02-28,291.7063532508654,295.31351111773955,279.26164209789124,281.9670104980469,13943502,0.0,0.0
2013-03-01,281.8091212506275,283.88322537486334,277.88633277873436,280.681884765625,8610364,0.0,0.0
2013-03-04,279.71250563512797,284.1989132357732,278.6529141380813,283.0040588378906,5984900,0.0,0.0
2013-03-05,284.46943980127656,286.18283393170384,280.9750063361528,285.3937683105469,5278790,0.0,0.0
2013-03-06,286.2955490954805,287.2875227795812,283.6127205590801,284.2890625,5466658,0.0,0.0
2013-03-07,283.31967701924697,289.9027562277727,282.77862538932135,289.38421630859375,2975492,0.0,0.0
2013-03-08,290.46636789877726,297.59049857264273,290.10565764701727,296.3730773925781,5298430,0.0,0.0
2013-03-11,296.37302841870087,297.4551865155888,293.1942268496749,295.4486999511719,4252292,0.0,0.0
2013-03-12,294.4342425328604,295.6516637411402,288.61768982687283,290.3761901855469,3447862,0.0,0.0
2013-03-13,289.0459648899727,291.2328201143558,285.055558866728,286.2729797363281,3956686,0.0,0.0
2013-03-14,286.27304988773017,294.659680119376,277.4580366757738,292.7433776855469,15957218,0.0,0.0
2013-03-15,290.8270313470976,293.03642600426053,285.77700607388493,288.3020324707031,7719804,0.0,0.0
2013-03-18,285.4163370992712,294.8851255338442,284.06365303718934,290.060546875,8780962,0.0,0.0
2013-03-19,289.9252304100146,290.28594058917736,281.35823293289127,284.7624816894531,10014230,0.0,0.0
2013-03-20,284.965391358788,285.61919404241405,280.00555068640404,282.0345764160156,5668218,0.0,0.0
2013-03-21,280.74956652241,283.5225521243642,272.2276465778885,273.69305419921875,7226294,0.0,0.0
2013-03-22,274.5948159597177,277.11981475347704,271.70907946363036,272.9039611816406,14762950,0.0,0.0
2013-03-25,275.4966279429631,276.55621934995827,273.9410359144865,274.77520751953125,13599488,0.0,0.0
2013-03-26,273.24216346337215,278.4274520439477,271.6865713851143,277.07476806640625,6637202,0.0,0.0
2013-03-28,277.9766031159895,284.58222196787506,273.67056391649464,281.9670104980469,9748046,0.0,0.0
2013-04-01,281.65132607931855,283.6127066033027,280.00554976256115,281.29058837890625,3354386,0.0,0.0
2013-04-02,281.8091598659804,286.002474660701,278.60781881807316,284.0185546875,3428710,0.0,0.0
2013-04-03,283.1618814936403,284.80765821431487,279.3292764097295,281.20050048828125,3351808,0.0,0.0
2013-04-04,279.0136104417066,281.0877423924733,276.6013350159565,277.8187561035156,4090992,0.0,0.0
2013-04-05,277.2776643864226,282.4404135187745,276.57878319847146,279.9830322265625,6479960,0.0,0.0
2013-04-08,279.08123676139536,283.59018306169924,278.54015770127404,281.5611572265625,4326064,0.0,0.0
2013-04-09,283.20690502472206,283.20690502472206,278.38235451829115,279.8251953125,7380204,0.0,0.0
2013-04-10,282.62073559405377,285.7093801798912,279.08122391935694,284.96539306640625,7572252,0.0,0.0
2013-04-11,285.1908968200803,289.47439645611314,284.92037100913376,288.23443603515625,12533034,0.0,0.0
2013-04-12,286.8140897435469,291.2103127938994,286.8140897435469,290.24090576171875,7603040,0.0,0.0
2013-04-15,289.5194404079683,290.12816469068247,286.3180994381683,289.2714538574219,7961884,0.0,0.0
2013-04-16,289.9252571187136,300.2281887624294,289.63216459090563,299.1009521484375,6870156,0.0,0.0
2013-04-17,299.8449539614971,302.93357142646374,296.14761218299935,297.63555908203125,7478474,0.0,0.0
2013-04-18,294.8851015860261,304.53425812009993,294.8851015860261,303.7226257324219,4611892,0.0,0.0
2013-04-22,304.2185790802052,316.52799562833394,304.2185790802052,314.85968017578125,9930076,0.0,0.0
2013-04-23,315.0851434465006,315.62622247482767,306.0672513757912,310.6663818359375,11931780,0.0,0.0
2013-04-25,312.17692834179803,313.3718102812574,306.63092914594193,310.9144287109375,12947562,0.0,0.0
2013-04-26,310.0577116017991,312.1318159469785,307.96104050817814,310.71148681640625,4284372,0.0,0.0
2013-04-29,310.3282385574122,314.20592148544813,309.5391729308586,313.4394226074219,5837716,0.0,0.0
2013-04-30,312.92085816343666,313.8001081537153,305.1654653965119,307.6453857421875,6276136,0.0,0.0
2013-05-02,308.5923017875866,312.9208793116821,307.6454065338988,312.2445373535156,6151634,0.0,0.0
2013-05-03,312.2896187250348,312.92088223338743,305.99966047169795,307.0367126464844,6143292,0.0,0.0
2013-05-06,306.15747702801167,306.2927399232024,302.0768858206043,304.579345703125,3836730,0.0,0.0
2013-05-07,304.93999533952365,311.07217806717324,303.2266014598939,310.2380065917969,5549232,0.0,0.0
2013-05-08,310.66638446535165,315.400777842545,309.5391479469723,314.3411865234375,4326978,0.0,0.0
2013-05-09,315.1979140974742,315.4008222034059,310.30571792779364,311.1398620605469,2261680,0.0,0.0
2013-05-10,310.53115898657336,317.8356580094858,310.5086197575758,317.1367492675781,6956628,0.0,0.0
2013-05-13,317.88072875844404,320.78900475968084,311.4780192141179,312.3572692871094,4796986,0.0,0.0
2013-05-14,311.13985951082475,313.326715158393,308.9079254047196,310.68896484375,3326838,0.0,0.0
2013-05-15,312.6954911680243,322.840622460426,311.72605650302285,322.32208251953125,7086740,0.0,0.0
2013-05-16,321.03699002436593,326.4477258112934,320.58609537545533,325.9066467285156,5830308,0.0,0.0
2013-05-17,325.77137251327804,325.77137251327804,319.7744793953192,324.1481628417969,6409926,0.0,0.0
2013-05-20,324.4186882515567,326.44771409885624,321.1046237091373,322.1642150878906,2920804,0.0,0.0
2013-05-21,321.93874046649034,323.7423188444539,317.9032283417126,319.1431884765625,4603250,0.0,0.0
2013-05-22,319.0079721179229,321.03699808899097,314.7244728456681,317.1818542480469,2706056,0.0,0.0
2013-05-23,315.1753639874393,318.5345346727926,313.0561536038964,314.9949951171875,3952624,0.0,0.0
2013-05-24,318.21887161234633,318.21887161234633,313.0561228139488,316.23492431640625,4132120,0.0,0.0
2013-05-27,314.9950085468944,323.2914815645315,314.9950085468944,322.4122314453125,4497604,0.0,0.0
2013-05-28,322.05149383611655,325.00484819850215,318.692323293069,321.6231384277344,3353958,0.0,0.0
2013-05-29,320.157734291953,323.9452602839786,317.3621820140698,322.8180236816406,2466746,0.0,0.0
2013-05-30,320.18029133615505,327.9356850958697,320.18029133615505,326.9662780761719,7678728,0.0,0.0
2013-05-31,323.40420078057036,324.9597928900136,314.5892155209608,315.8517150878906,6166448,0.0,0.0
2013-06-03,314.72441478787505,316.2574673580474,309.56166637645396,310.7340087890625,3945062,0.0,0.0
2013-06-04,309.8998837828487,312.8306989732533,307.05925302546467,307.98358154296875,2808162,0.0,0.0
2013-06-05,307.51013412474236,313.1012384806345,305.9320029378852,310.1929626464844,3781838,0.0,0.0
2013-06-06,308.18643819787934,310.8467271656196,305.7065180660749,307.60028076171875,3558206,0.0,0.0
2013-06-07,307.3974048505142,312.650338141791,303.5422613828763,304.8724060058594,4778112,0.0,0.0
2013-06-10,307.0817958078166,309.7646244787849,302.7757574053917,304.96258544921875,3184006,0.0,0.0
2013-06-11,303.6549476808717,307.0141176651949,298.58238386843,299.7998046875,5910430,0.0,0.0
2013-06-12,298.49227088743066,303.6324811223637,296.8916003165154,299.37152099609375,4907826,0.0,0.0
2013-06-13,298.98497982240355,300.5308378950538,297.0526711067394,297.84832763671875,3574868,2.75,0.0
2013-06-14,300.9855127196424,303.9180810446896,299.757922752146,302.3722229003906,7482606,0.0,0.0
2013-06-17,302.6222816634072,304.2590775412739,298.8713292666237,303.4179382324219,6535454,0.0,0.0
2013-06-18,303.7135379585377,303.7135379585377,297.80294515395536,298.9168701171875,6223284,0.0,0.0
2013-06-19,298.3030591370098,303.0769994471606,296.8254109457727,302.44049072265625,4823478,0.0,0.0
2013-06-20,299.5533393715072,299.5533393715072,288.5278119389551,289.4371337890625,7569022,0.0,0.0
2013-06-21,289.5280525778918,292.14235272587507,286.4818190293125,288.8233337402344,8949922,0.0,0.0
2013-06-24,287.25477317052724,288.18682253717674,283.59475819399563,284.32220458984375,5384026,0.0,0.0
2013-06-25,284.6177177549537,293.8928110311131,282.9809496475366,288.2550048828125,9343216,0.0,0.0
2013-06-26,287.11834404661977,289.91451954244224,281.889743957093,283.1855163574219,5238010,0.0,0.0
2013-06-27,288.2550317892619,296.75719679430506,282.9582208147804,293.93829345703125,13501780,0.0,0.0
2013-06-28,295.30228875910194,306.0777588874391,295.1204132779131,304.3955078125,10541340,0.0,0.0
2013-07-01,304.1681696298189,306.4414743355724,302.190405635934,304.05450439453125,4919342,0.0,0.0
2013-07-02,304.031801901524,304.0545294003903,297.4846727103884,298.5076599121094,4591576,0.0,0.0
2013-07-03,297.3482679111653,297.66653613330203,292.6197828259125,295.8251647949219,6693130,0.0,0.0
2013-07-04,297.2573153518458,298.91683887364263,293.57457285865735,297.8711242675781,4795530,0.0,0.0
2013-07-05,300.1216861004242,305.8731582967229,299.3942396705939,303.599853515625,4771748,0.0,0.0
2013-07-08,301.89489421913123,303.4634801683728,296.77995813484625,300.2808532714844,3584648,0.0,0.0
2013-07-09,301.0764437211174,306.3277713949716,301.0764437211174,304.7591857910156,3520096,0.0,0.0
2013-07-10,304.7365081451339,305.48670982852906,298.32579971545806,299.7579650878906,3569290,0.0,0.0
2013-07-11,303.2588244820967,312.2156498856758,302.8268910710803,310.6470642089844,5299784,0.0,0.0
2013-07-12,312.3520695106871,317.2169471768528,309.98782704438867,316.3303527832031,7817426,0.0,0.0
2013-07-15,314.1706925851129,317.37604648906887,310.98806617687006,316.1939392089844,4255944,0.0,0.0
2013-07-16,308.71479239638836,311.21542768089523,304.60011625103317,308.5783996582031,5823692,0.0,0.0
2013-07-17,308.1691761534991,309.5331589583246,294.5748308489197,301.3947448730469,11316994,0.0,0.0
2013-07-18,304.5773457685356,313.03402734617777,298.6894816068085,311.03350830078125,6831940,0.0,0.0
2013-07-19,312.8294485443217,314.60263727828857,306.0550173113451,309.16943359375,6229210,0.0,0.0
2013-07-22,307.3507779667064,312.3520480223777,307.3507779667064,310.1014709472656,3230216,0.0,0.0
2013-07-23,312.76133907731463,313.71611615679933,309.64689431745757,310.8062744140625,3707392,0.0,0.0
2013-07-24,306.4414468980278,307.35076869891213,297.12089843896314,300.053466796875,7314374,0.0,0.0
2013-07-25,300.37174573080716,302.80417053513605,295.5978061052532,297.280029296875,8133628,0.0,0.0
2013-07-26,298.2575522598739,298.3712174855827,290.07365600884077,292.8470764160156,4678246,0.0,0.0
2013-07-29,292.3469681690804,292.3469681690804,286.27725605760287,287.5730285644531,7461112,0.0,0.0
2013-07-30,286.77738473885813,288.70969371252465,281.9352346811969,284.32220458984375,7345542,0.0,0.0
2013-07-31,282.3444274677122,282.7081506486895,275.93371968329956,277.2294921875,13412260,0.0,0.0
2013-08-01,279.1163560385325,289.98273561579623,278.4343646435046,287.4366455078125,11723304,0.0,0.0
2013-08-02,286.43640402614477,288.6187710781882,285.004210905893,287.0047302246094,10007924,0.0,0.0
2013-08-05,287.14113024886655,288.91431913319474,279.616496740306,287.66400146484375,6799186,0.0,0.0
2013-08-06,286.89109349043264,287.05021374169183,275.751898893736,276.72943115234375,9822590,0.0,0.0
2013-08-07,277.3204463168738,279.320937805678,272.79656440706304,273.3421630859375,11378228,0.0,0.0
2013-08-08,274.61519958346133,280.75312209070756,272.79655587761056,277.57049560546875,10230724,0.0,0.0
2013-08-12,277.3658911178887,277.70688681086625,272.1827732348101,273.79681396484375,7850434,0.0,0.0
2013-08-13,274.54701035966275,284.0721630482221,271.9554650806953,282.11712646484375,7351196,0.0,0.0
2013-08-14,282.799111274653,283.54931294326775,276.7293986842327,282.5035705566406,7151854,0.0,0.0
2013-08-16,279.16183680202784,282.79912457795007,265.9312136172323,267.2951965332031,14029784,0.0,0.0
2013-08-19,266.88601630005036,267.6134628252773,259.2931717854051,265.8403015136719,10009220,0.0,0.0
2013-08-20,261.4073345623799,268.2045217260317,257.5654437524633,265.8630065917969,12863492,0.0,0.0
2013-08-21,275.52448123458174,281.5941926171061,268.2499074726126,269.77301025390625,14454298,0.0,0.0
2013-08-22,267.79529776332646,274.47881923379583,259.1567397709611,267.6589050292969,15125346,0.0,0.0
2013-08-23,269.15924625624075,276.95669160179006,267.4769954170796,276.2292175292969,10349222,0.0,0.0
2013-08-26,278.4115924990476,283.1628044794353,273.9559212053549,277.9342041015625,7303804,0.0,0.0
2013-08-27,271.5689800107102,272.7965701263392,252.54143034451891,255.4739990234375,27354186,0.0,0.0
2013-08-28,252.65507341209388,260.0660407001681,240.060960646309,255.4967041015625,18533776,0.0,0.0
2013-08-29,258.24737414386203,264.83995675845006,258.24737414386203,260.0887451171875,20385502,0.0,0.0
2013-08-30,259.6114016959964,272.796569207702,259.4522814640794,270.068603515625,18308458,0.0,0.0
2013-09-02,271.88726232009384,274.7743484034717,264.84001722651277,268.02264404296875,9757858,0.0,0.0
2013-09-03,271.3871203348791,271.3871203348791,253.2688656163368,255.76950073242188,9070004,0.0,0.0
2013-09-04,257.99739662575917,262.27119348533256,254.22371577890732,256.4515380859375,10470900,0.0,0.0
2013-09-05,265.52196144060196,283.2082812736656,265.52196144060196,277.1158142089844,16623124,0.0,0.0
2013-09-06,277.79780614176894,281.88975418641036,266.7722794659295,280.16204833984375,9498608,0.0,0.0
2013-09-10,282.13983076187816,291.4376522052251,281.1623264257227,290.07366943359375,10149418,0.0,0.0
2013-09-11,287.8004082495202,295.5296451219402,284.41317830536934,294.2793273925781,6345196,0.0,0.0
2013-09-12,292.119645174853,293.7109584170507,285.34518627223423,288.2322998046875,8838268,0.0,0.0
2013-09-13,287.55027969898435,288.4823289548467,282.3444070621904,286.0726318359375,7751560,0.0,0.0
2013-09-16,289.8463450831709,295.0294908247786,285.98172714872857,292.25604248046875,6069608,0.0,0.0
2013-09-17,290.07367249841866,293.256298999185,288.0731533121023,292.0059814453125,4216044,0.0,0.0
2013-09-18,292.6197560524008,297.75744663179495,286.95924981720145,295.7569274902344,5494808,0.0,0.0
2013-09-19,309.16943857573676,313.6705929727688,307.48718755107325,310.6243591308594,14640452,0.0,0.0
2013-09-20,310.3060917078592,312.1020079718331,288.8233622819305,299.644287109375,12363076,0.0,0.0
2013-09-23,295.984274379525,296.59805555346327,287.8458323863268,291.8695983886719,6992620,0.0,0.0
2013-09-24,287.82310955873356,292.9607727563698,286.41367171037126,290.2782897949219,9087594,0.0,0.0
2013-09-25,290.07370993645696,291.75596113975433,278.7981229999596,282.16259765625,10490460,0.0,0.0
2013-09-26,282.5035992080832,284.617783942925,280.9804959692135,282.4126892089844,11291220,0.0,0.0
2013-09-27,282.7991262821242,283.7084482315844,275.0698897117124,276.84307861328125,8204346,0.0,0.0
2013-09-30,275.52455346460584,278.6389700727888,267.2042630932107,269.6366882324219,8531214,0.0,0.0
2013-10-01,272.25097387630785,279.3437014133486,267.9544223082461,278.0933837890625,6498554,0.0,0.0
2013-10-03,279.7528553217335,290.5283245523745,277.34315802339347,289.2552795410156,4886456,0.0,0.0
2013-10-04,288.93701445030763,294.3474904945012,288.7096839904726,291.1875915527344,6814188,0.0,0.0
2013-10-07,289.3916780395927,290.1418796640889,281.09411617907017,288.39141845703125,4961000,0.0,0.0
2013-10-08,295.7569214819623,297.59829261445725,284.526791472864,287.6412353515625,5884074,0.0,0.0
2013-10-09,284.2540229823358,295.93881459767033,283.25376337221314,295.1431579589844,4334380,0.0,0.0
2013-10-10,295.07497907971305,295.07497907971305,287.95952356880935,291.4604187011719,4172642,0.0,0.0
2013-10-11,294.3019839671775,301.7811610413504,290.6874243978655,300.667236328125,6695132,0.0,0.0
2013-10-14,298.962263599892,304.3045290740186,294.9157983164774,303.48614501953125,6187860,0.0,0.0
2013-10-15,305.98680056888185,306.8961224130687,293.983741125495,296.6435241699219,8071662,0.0,0.0
2013-10-17,296.89354935287525,300.0534479626629,292.142337691426,297.43914794921875,7275794,0.0,0.0
2013-10-18,297.91659574013204,308.964851581121,297.91659574013204,307.62359619140625,10640592,0.0,0.0
2013-10-21,306.44147971950656,308.62384672531203,301.2356063018076,305.191162109375,5612712,0.0,0.0
2013-10-22,305.0774430758215,306.41869818932906,302.44041558588134,304.1681213378906,4379048,0.0,0.0
2013-10-23,304.1681862435709,304.1681862435709,297.25733401054725,300.16717529296875,6772478,0.0,0.0
2013-10-24,298.348488220425,307.2371032680574,298.348488220425,304.3045349121094,6160964,0.0,0.0
2013-10-25,302.46314669428665,306.8733627260216,301.50836995816667,305.78216552734375,4473436,0.0,0.0
2013-10-28,305.98685080354574,306.8961727970184,302.53143832847167,303.6680908203125,4191044,0.0,0.0
2013-10-29,303.7135279156045,313.26140828420887,298.05299328987127,312.124755859375,7611458,0.0,0.0
2013-10-30,311.8974077464833,312.57939916283857,307.2371330680555,308.8739013671875,5094336,0.0,0.0
2013-10-31,307.44168269182813,311.46542024995347,306.1686378189403,309.5331115722656,9097778,0.0,0.0
2013-11-01,309.89689610974847,312.8067373245161,308.35106551152387,310.89715576171875,7821222,0.0,0.0
2013-11-05,309.37402843474626,311.44273006982155,305.986799032102,307.4644470214844,7129236,0.0,0.0
2013-11-06,308.6692895676945,308.80568228474374,302.46315731411744,304.1226806640625,2305326,0.0,0.0
2013-11-07,304.6228625542267,308.0328199708785,298.66681469993006,302.53143310546875,3894570,0.0,0.0
2013-11-08,301.62204402449373,303.5543527973737,293.0971523794349,296.6662292480469,6740380,0.0,0.0
2013-11-11,292.80166955990876,300.3945134355137,280.3894304221038,297.4619445800781,5608152,0.0,0.0
2013-11-12,296.6889834509504,301.46292320194357,292.50609735716284,293.688232421875,4490160,0.0,0.0
2013-11-13,290.5283498519293,294.37024046654193,285.68619958760956,288.11865234375,5280542,0.0,0.0
2013-11-14,290.0737250880433,295.48420222037214,290.0737250880433,291.9833068847656,6313430,0.0,0.0
2013-11-18,296.16615605369157,304.62283868420684,295.0976861633492,304.0772399902344,7436960,0.0,0.0
2013-11-19,303.8953424584674,303.8953424584674,298.91680028606504,300.0989074707031,3394518,0.0,0.0
2013-11-20,298.57584907416486,299.6215637009058,293.892846875941,295.32501220703125,4185048,0.0,0.0
2013-11-21,293.0517253706268,293.5291138434762,288.7779288633278,289.9145812988281,6393828,0.0,0.0
2013-11-22,292.11966100420625,294.1201802886361,288.7551588668385,291.9605407714844,3746192,0.0,0.0
2013-11-25,294.6430163877187,300.8718768109332,294.6430163877187,299.9625549316406,8075270,0.0,0.0
2013-11-26,299.03055043195565,300.0308101993501,294.8022086087438,296.87091064453125,7239258,0.0,0.0
2013-11-27,296.0297822143166,299.50795015494833,292.84715503999456,297.1437072753906,4296506,0.0,0.0
2013-11-28,298.07567122040456,301.44017293854097,294.6429870182984,297.075439453125,7386866,0.0,0.0
2013-11-29,297.8028783157582,304.12267568853247,297.8028783157582,300.667236328125,4785540,0.0,0.0
2013-12-02,300.98550449623195,302.34948714500644,299.1895884586193,300.667236328125,3429306,0.0,0.0
2013-12-03,300.0762299549657,301.07648960487603,296.73448303967905,298.1439208984375,5144140,0.0,0.0
2013-12-04,297.75748395311973,299.87164083899864,297.0982199885883,298.98504638671875,5238304,0.0,0.0
2013-12-05,305.32756984135466,313.67061531803137,305.32756984135466,312.8522033691406,16009996,0.0,0.0
2013-12-06,311.3972933236564,313.5341775717294,308.3737869296438,310.39703369140625,8034616,0.0,0.0
2013-12-09,322.80927559117754,326.1737777326713,314.87543643679874,316.73956298828125,12632814,0.0,0.0
2013-12-10,314.78447641702115,319.10375515091704,313.7160343566512,316.76226806640625,12532440,0.0,0.0
2013-12-11,313.76147245566386,319.0810104758043,312.3065797922911,316.2393798828125,6144888,0.0,0.0
2013-12-12,315.1709394362213,318.5126859299611,313.9433494639275,316.08026123046875,6433848,0.0,0.0
2013-12-13,312.71576628965795,319.1719567192235,311.442721300097,313.69329833984375,12658040,0.0,0.0
2013-12-16,312.8067404005747,314.125268284361,309.7150514234203,311.147216796875,10716122,0.0,0.0
2013-12-17,307.1916991946829,307.1916991946829,297.371005473765,298.98504638671875,8971322,0.0,0.0
2013-12-18,295.7569071871702,309.4649440393159,295.3249737941777,302.9178161621094,7043658,0.0,0.0
2013-12-19,308.7147512028149,310.96532820862427,295.7114605586039,296.68896484375,5009758,0.0,0.0
2013-12-20,299.07597458954336,303.98630741818107,295.57507963985535,302.16766357421875,2861234,0.0,0.0
2013-12-23,299.1668580531453,305.30477991289825,298.71219717464504,302.09942626953125,2765616,0.0,0.0
2013-12-24,302.59958559888537,303.03151904555983,297.8256456889403,298.8486328125,1777348,0.0,0.0
2013-12-26,300.00800137557354,305.6230804703623,298.66677384208174,304.1908874511719,4023380,0.0,0.0
2013-12-27,301.9403241406921,307.1007425451019,301.9403241406921,304.4637145996094,2732006,0.0,0.0
2013-12-30,307.7145272169298,307.8054649575243,302.41774376850685,304.3955078125,2113802,0.0,0.0
2013-12-31,305.57759265873267,305.6685303926222,300.1216616289659,302.7359619140625,2630656,0.0,0.0
2014-01-01,303.7135277906091,304.531911986092,301.440222941877,302.4177551269531,2246218,0.0,0.0
2014-01-02,302.3495374241195,306.78248176981145,297.1436638988617,298.7122497558594,3614496,0.0,0.0
2014-01-03,296.43890142237416,302.80415390690365,295.52957963886996,301.4856262207031,3256592,0.0,0.0
2014-01-06,301.44020528732136,301.44020528732136,298.71223962861256,300.8491516113281,2981710,0.0,0.0
2014-01-07,303.3042528126167,305.05471379807307,297.0299384076533,302.0766906738281,3948460,0.0,0.0
2014-01-08,302.4404652374285,303.23612188874074,300.07622278061183,302.213134765625,2324740,0.0,0.0
2014-01-09,301.531176234626,302.8269489650997,298.7577275259753,301.4175109863281,1888736,0.0,0.0
2014-01-10,301.4174762104542,306.75974226409267,298.39396985444455,301.0082702636719,3075254,0.0,0.0
2014-01-13,300.1216824969431,307.7827361674403,298.66678965475097,305.9186096191406,2376290,0.0,0.0
2014-01-14,304.19090050881607,307.3507996350056,303.8499047991619,305.6685485839844,1788560,0.0,0.0
2014-01-15,305.98677993110573,310.3969961280179,304.4409218001308,309.4194641113281,2313920,0.0,0.0
2014-01-16,311.169939489344,311.44272493661384,304.7819314710612,306.009521484375,2250588,0.0,0.0
2014-01-17,306.89609613633695,306.89609613633695,299.6442494997965,302.3494873046875,21687428,0.0,0.0
2014-01-20,303.7590048597449,307.6691061338689,302.98610335525666,304.6455993652344,2800184,0.0,0.0
2014-01-21,305.9640749710756,308.6238302817035,304.6228196925186,307.396240234375,3125962,0.0,0.0
2014-01-22,307.1234752027429,311.30636154016867,306.7370244909878,307.8509216308594,3516668,0.0,0.0
2014-01-23,306.89613392810946,309.6695545568207,305.8731468150158,308.9421081542969,2741370,0.0,0.0
2014-01-24,304.62281244624074,306.87338952109013,301.75845423747785,306.1686706542969,4421450,0.0,0.0
2014-01-27,302.30410725756786,302.30410725756786,293.5291278369318,295.1659240722656,8530224,0.0,0.0
2014-01-28,294.6202969332593,298.2575845497193,290.3464728837979,293.0062561035156,9197712,0.0,0.0
2014-01-29,294.3929869665902,295.93884541140125,291.23308757959063,293.4609375,5485462,0.0,0.0
2014-01-30,289.846333509509,290.9375308063707,285.367934593835,287.2547607421875,5712730,0.0,0.0
2014-01-31,286.4363553359002,289.3007133391996,284.2085059165018,285.7543640136719,4810492,0.0,0.0
2014-02-03,286.41367864284103,288.25504998940045,284.2085563263366,284.8450927734375,2388410,0.0,0.0
2014-02-04,282.6400044966902,288.9370478621724,280.43488213111624,286.7091979980469,3704652,0.0,0.0
2014-02-05,286.89100971171814,290.8920198280028,284.208499471664,289.8235778808594,3452692,0.0,0.0
2014-02-06,290.41466625986,295.3477262030579,286.2090526975841,294.1656188964844,6733472,0.0,0.0
2014-02-07,296.62083751095486,297.5756144786792,291.93780716841906,294.50665283203125,2014734,0.0,0.0
2014-02-10,294.46117362074466,295.59782598900154,289.1643624845469,292.7561950683594,3140410,0.0,0.0
2014-02-11,293.71097344544694,294.2338446376146,290.6647395330266,293.1653747558594,2232428,0.0,0.0
2014-02-12,293.98378098110953,296.8026846303099,292.6425532793429,293.4609375,3218480,0.0,0.0
2014-02-13,293.71095091325964,294.6202727427125,287.0047024210451,287.5730285644531,1577600,0.0,0.0
2014-02-14,288.25504174840904,292.73344099721857,286.1408572348338,291.8013916015625,2124556,0.0,0.0
2014-02-17,291.8922635690138,296.4388720358208,291.4830577068828,295.71142578125,1825060,0.0,0.0
2014-02-18,294.84761102917435,302.07673086539927,294.34749510981567,300.2580871582031,2509836,0.0,0.0
2014-02-19,298.34855557680066,305.64585912141985,297.80295682339903,304.6455993652344,2030474,0.0,0.0
2014-02-20,302.7132484033417,303.46345005471363,300.4626711995275,301.3265380859375,1724218,0.0,0.0
2014-02-21,300.00796153189816,304.44090497838175,299.9397790521305,302.0766906738281,1521936,0.0,0.0
2014-02-24,301.03102086519965,305.9868365996996,298.14393477006394,305.0775146484375,2509492,0.0,0.0
2014-02-25,306.4414218909131,307.35074361759234,302.80413498419597,305.1228942871094,2010280,0.0,0.0
2014-02-26,304.622833112373,308.80571935591666,303.96356919214406,307.9873352050781,2275670,0.0,0.0
2014-02-28,310.07878621706527,310.4879921963589,302.4177598571317,304.44097900390625,2451792,0.0,0.0
2014-03-03,302.4403892194994,305.53207730887556,301.5310675608421,302.8950500488281,1839216,0.0,0.0
2014-03-04,302.80414884581586,306.3732256862967,302.00849229854833,305.3957214355469,3221934,0.0,0.0
2014-03-05,306.21413374641304,306.8961251356033,301.21286355901805,304.5091552734375,2003492,0.0,0.0
2014-03-06,305.98680747093465,308.1237194030356,303.7589578023037,307.1689147949219,2474340,0.0,0.0
2014-03-07,308.9875977124469,325.0371528601357,307.4417669965868,323.46856689453125,11383784,0.0,0.0
2014-03-10,321.2178831633637,335.0395837867179,318.26258770609286,333.9256591796875,13061926,0.0,0.0
2014-03-11,333.94845633202584,336.44909147133984,327.1512698123757,329.6973876953125,6500236,0.0,0.0
2014-03-12,327.92420543674314,333.2664715218478,325.7645659555306,329.8792419433594,3555108,0.0,0.0
2014-03-13,330.76584355053194,340.76838452388137,330.76584355053194,337.5175476074219,5724226,0.0,0.0
2014-03-14,334.1757774093818,336.4036270255645,329.1745072712822,332.8800048828125,6104240,0.0,0.0
2014-03-18,334.35763621221145,338.63143201247215,331.12952717925276,333.7210998535156,4051362,0.0,0.0
2014-03-19,336.44907310787505,337.9494485595124,334.51676424205283,335.7443542480469,3027568,0.0,0.0
2014-03-20,335.7443607803474,335.7443607803474,330.99314863247236,331.993408203125,2597542,0.0,0.0
2014-03-21,334.24394386979,335.31238579559624,332.44802791445255,333.6528625488281,3762796,0.0,0.0
2014-03-24,333.9484741821257,342.31424692275203,333.72114370276415,341.291259765625,5856930,0.0,0.0
2014-03-25,340.99569356975957,345.79236077591406,339.97270648905027,341.06390380859375,4015546,0.0,0.0
2014-03-26,342.26869843069596,343.86001148055334,338.3131432995624,339.1997375488281,4704656,0.0,0.0
2014-03-27,340.99568385203065,345.8832886539098,337.358396557609,339.5180358886719,12277466,0.0,0.0
2014-03-28,340.9729197937613,342.85974572523713,334.19846183421043,338.6996154785156,6080450,0.0,0.0
2014-03-31,340.0636835467317,342.35971593220563,337.8585611564814,340.45013427734375,4131214,0.0,0.0
2014-04-01,341.6777034167615,342.6097528128147,333.061872877017,335.5852355957031,4025916,0.0,0.0
2014-04-02,338.6996461544071,339.1770345537862,328.2197178620209,332.7663269042969,5199376,0.0,0.0
2014-04-03,334.6304675478966,335.5397894705811,330.1975231748097,331.3569030761719,2779852,0.0,0.0
2014-04-04,329.87922574394156,333.2664551560929,327.3785906779682,329.8337707519531,3711204,0.0,0.0
2014-04-07,329.62920983556734,332.81183668915213,328.76534287518706,329.788330078125,5866578,0.0,0.0
2014-04-09,331.01590646831625,338.6769602965896,328.15154796959473,337.29022216796875,5260192,0.0,0.0
2014-04-10,338.5632699122048,340.38191361763467,334.6304417990925,336.1763000488281,3747396,0.0,0.0
2014-04-11,333.7438447581544,338.6314496771835,333.67566226992966,335.60797119140625,2603976,0.0,0.0
2014-04-15,333.8575550359407,335.90352946415396,326.4920415443121,329.1518249511719,4185934,0.0,0.0
2014-04-16,328.8108090794134,332.72088220267796,327.8560044211959,330.0611267089844,1786196,0.0,0.0
2014-04-17,325.6508762476772,327.9469082893112,321.58165555986267,326.7648010253906,6151164,0.0,0.0
2014-04-21,328.5834520356167,330.3111579794616,324.1732355669045,325.7418212890625,3493876,0.0,0.0
2014-04-22,328.21978673855835,331.7206542355243,326.1738122401888,330.7886047363281,5697912,0.0,0.0
2014-04-23,329.5836765018951,336.1989866251642,328.53793429831325,333.26641845703125,10512672,0.0,0.0
2014-04-24,333.26641845703125,333.26641845703125,333.26641845703125,333.26641845703125,0,0.0,0.0
2014-04-25,333.3346778850653,335.5397723348417,329.6291801392415,330.2657165527344,3106222,0.0,0.0
2014-04-28,328.37886795146846,331.5614945705897,327.6059387939072,329.7201232910156,2441430,0.0,0.0
2014-04-29,330.2656806147807,330.7657964921753,323.9458831624397,325.4462585449219,3320618,0.0,0.0
2014-04-30,325.53723250367096,331.8570306593796,323.55946851805,327.9469299316406,4393460,0.0,0.0
2014-05-02,328.9472254622236,330.788596917169,325.33266505048385,326.0373840332031,2957646,0.0,0.0
2014-05-05,327.2876952213985,328.7653434058049,324.6279395895886,325.85552978515625,2596162,0.0,0.0
2014-05-06,327.4468078613281,329.4472993063566,324.6733595336986,327.4468078613281,3092280,0.0,0.0
2014-05-07,326.67390510295206,330.53852332616026,323.4685508325871,325.3553771972656,3299312,0.0,0.0
2014-05-08,326.06010334792484,328.7198587396814,325.3099016988133,326.58294677734375,3760214,0.0,0.0
2014-05-09,327.35585585476605,345.5422922911419,327.35585585476605,344.0873718261719,8188222,0.0,0.0
2014-05-12,343.31448734755236,361.3872609050878,343.0417018656732,360.1596984863281,8780680,0.0,0.0
2014-05-13,363.728724042732,363.728724042732,355.77215820429717,358.34100341796875,6332608,0.0,0.0
2014-05-14,356.90887084136267,361.36454291454436,352.02126528525486,352.5668640136719,4250750,0.0,0.0
2014-05-15,349.6342378242853,359.7049880242854,348.2929825972662,358.4319152832031,4733094,0.0,0.0
2014-05-16,363.7287193274073,388.2804078820073,358.11366832291003,365.8656311035156,16434184,0.0,0.0
2014-05-19,370.9578649164526,379.6418776034286,367.3660324593656,369.13922119140625,5261402,0.0,0.0
2014-05-20,371.0033039986124,373.54939400436535,365.7064932764535,371.0260314941406,3178516,0.0,0.0
2014-05-21,369.3437460099679,370.3212779789077,366.0019997213268,368.0479736328125,1821194,0.0,0.0
2014-05-22,369.18465120148613,370.54863390296947,362.819398594564,364.91082763671875,3903228,0.0,0.0
2014-05-23,363.2741096782362,365.09275353144386,355.86314152647543,359.0230407714844,4909468,0.0,0.0
2014-05-26,363.2740950465472,365.5701272686834,359.1821465416424,362.4329833984375,8697616,0.0,0.0
2014-05-27,363.7287542837973,368.57090442532103,358.4319431994188,365.95660400390625,3809762,0.0,0.0
2014-05-28,363.68333381187784,375.89097018620373,363.5014583173509,374.3905944824219,7177782,0.0,0.0
2014-05-29,374.0040587866216,377.7095563559575,367.09323505654504,368.3890075683594,6842004,0.0,0.0
2014-05-30,370.548639264403,374.0949887895116,331.9024621632076,360.43243408203125,16403772,0.0,0.0
2014-06-02,360.77346460534596,373.89042194109686,360.77346460534596,372.5491943359375,4041566,0.0,0.0
2014-06-03,374.18596246894936,376.391056979976,370.09401391218074,374.79974365234375,1812074,0.0,0.0
2014-06-04,373.913167139294,377.2321864422079,370.59412008607865,371.32159423828125,1432170,0.0,0.0
2014-06-05,372.21567459166357,373.86631524160754,367.2638086118789,369.3041687011719,3837236,3.425,0.0
2014-06-06,372.76587599093693,376.43392889121674,367.26379664051717,373.7975158691406,5282638,0.0,0.0
2014-06-09,376.8466134511894,380.5605059903385,373.682906484489,375.7232666015625,4669960,0.0,0.0
2014-06-10,376.5027022882648,377.62602105981745,371.3903425517231,374.4394226074219,2499672,0.0,0.0
2014-06-11,374.59990822782174,380.4917070959024,371.3903618904964,376.2046813964844,3871886,0.0,0.0
2014-06-12,378.03871664614115,387.4151828318828,372.6971032096482,385.0767822265625,6366024,0.0,0.0
2014-06-13,386.9795836896883,392.48166307864125,381.31703817923346,383.03643798828125,6106442,0.0,0.0
2014-06-16,381.01898939021294,386.4293617412283,380.6980291691734,384.6870422363281,2654940,0.0,0.0
2014-06-17,383.3115038167251,389.18038248868515,379.34541067533075,388.14874267578125,3494060,0.0,0.0
2014-06-18,388.4009158553612,390.3725165532732,379.9873312385374,382.7842102050781,2687314,0.0,0.0
2014-06-19,383.8158859418507,385.1226466187055,376.9841539963647,378.6118469238281,2360498,0.0,0.0
2014-06-20,378.7264529756782,381.3628659352547,375.677372880594,376.8695068359375,1484884,0.0,0.0
2014-06-23,377.80944504261464,378.9786312961668,373.8204319554757,376.6402587890625,2920422,0.0,0.0
2014-06-24,378.42845976452,381.8214202347078,378.26799362790024,380.1020202636719,2533112,0.0,0.0
2014-06-25,380.10200992382346,382.0277434360034,377.35097004500204,377.8553161621094,3165312,0.0,0.0
2014-06-26,375.9754843632352,379.00161731166,370.77144464563304,372.4908447265625,10904132,0.0,0.0
2014-06-27,374.98958178294106,376.8923952155677,373.224342707387,374.2330627441406,2571480,0.0,0.0
2014-06-30,375.9295770832645,381.7984560372815,375.9295770832645,376.68609619140625,3088050,0.0,0.0
2014-07-01,377.35094848396983,379.6205618513216,373.6828955217928,377.4884948730469,3820686,0.0,0.0
2014-07-02,380.927274115794,386.06255358470895,378.4971947555549,385.0997009277344,3813362,0.0,0.0
2014-07-03,385.6040781813099,387.5756511053272,381.1794779808203,383.6783447265625,3031370,0.0,0.0
2014-07-04,383.67835053138344,393.8342837954743,382.89888364683287,392.77972412109375,2815994,0.0,0.0
2014-07-07,394.26979519005175,394.636594834584,383.2426902283595,385.3518371582031,4065984,0.0,0.0
2014-07-08,386.9796174595361,388.97411021807216,375.9754577213502,380.2166442871094,3366136,0.0,0.0
2014-07-09,379.643499402917,382.78425870517526,375.05843298500736,380.69805908203125,2897776,0.0,0.0
2014-07-10,380.69804017339646,388.81361292701445,372.4220012971315,377.51141357421875,4928772,0.0,0.0
2014-07-11,376.47977368450427,381.22533398239017,370.84014786754506,372.2156677246094,4599390,0.0,0.0
2014-07-14,373.68286664903076,375.9753995732579,370.0836011520025,374.80621337890625,2460804,0.0,0.0
2014-07-15,376.31927201512207,380.01024435259467,374.3706190683487,379.0932312011719,3046018,0.0,0.0
2014-07-16,380.3312331007656,384.4577925919131,375.01256761729553,383.1968994140625,4794650,0.0,0.0
2014-07-17,384.5494793430447,384.68702572186476,380.3312131540963,381.3857727050781,2519550,0.0,0.0
2014-07-18,380.05614500166365,383.67833047519383,376.8924381588756,381.683837890625,3644216,0.0,0.0
2014-07-21,385.9249844731384,388.3321439588218,378.38254582099313,379.3912658691406,4906828,0.0,0.0
2014-07-22,380.51466364353354,386.36062317929856,379.18498322178135,385.0767822265625,3485176,0.0,0.0
2014-07-23,386.5669054628234,387.438079201783,382.8530131757264,383.4490661621094,3924926,0.0,0.0
2014-07-24,383.3115490907447,386.97960219209153,381.9360291777396,386.1772155761719,2139300,0.0,0.0
2014-07-25,385.6040617636333,389.63891436344204,382.4633026567139,383.082275390625,5332976,0.0,0.0
2014-07-28,384.45779629127264,385.05384929316926,379.64347683860916,380.3541564941406,1942476,0.0,0.0
2014-07-30,381.0189607374689,386.01669355847866,379.11614727262986,384.5953063964844,2342690,0.0,0.0
2014-07-31,384.18268764928,385.09970084048484,379.8956341893843,382.3945007324219,5950672,0.0,0.0
2014-08-01,378.74938006950543,379.5517666380139,372.3073677879137,373.88922119140625,3414230,0.0,0.0
2014-08-04,375.5169087652791,377.21338879748686,370.06066898237293,372.765869140625,3681522,0.0,0.0
2014-08-05,374.5999118777969,377.3509516223095,371.34452604079974,376.067138671875,3038552,0.0,0.0
2014-08-06,373.7058338097032,375.76911370336643,370.1753270613191,371.390380859375,1690700,0.0,0.0
2014-08-07,372.7200454669607,375.2876713647566,371.390365064695,372.078125,1966870,0.0,0.0
2014-08-08,369.09784211616545,370.3816551004342,364.5127757544739,365.0400695800781,3725340,0.0,0.0
2014-08-11,367.26375665588773,368.1119826027205,362.8621048487763,363.5727844238281,2813112,0.0,0.0
2014-08-12,367.2638206026163,370.70262042099284,363.13726082056445,370.1065673828125,3301536,0.0,0.0
2014-08-13,371.3904174807567,374.02683093818183,368.02040451614596,372.4908447265625,3919910,0.0,0.0
2014-08-14,373.27022417488513,381.317037658253,372.903424479794,379.04742431640625,5936612,0.0,0.0
2014-08-18,380.5604906189838,382.6237703874,377.62603708767165,381.6379699707031,3351084,0.0,0.0
2014-08-19,381.9360391771852,383.9993191007114,377.0070926932059,377.7406921386719,3946428,0.0,0.0
2014-08-20,380.1019866197963,382.6696124885987,375.51692043620403,376.22760009765625,4717426,0.0,0.0
2014-08-21,376.8924371392877,382.9447300480181,376.43393052476307,381.7067565917969,3195240,0.0,0.0
2014-08-22,382.5549852624557,389.15749175097335,379.6663991681129,388.240478515625,5007644,0.0,0.0
2014-08-25,386.5210529134165,391.0144118698541,383.8617203053225,386.7273864746094,3328032,0.0,0.0
2014-08-26,387.2088222786652,389.042848671933,384.27436885542795,386.29180908203125,2082628,0.0,0.0
2014-08-27,387.89658210410647,387.89658210410647,382.39450292532484,383.58660888671875,2426484,0.0,0.0
2014-08-28,383.9992949355833,387.6673479021322,382.39452176271817,386.77325439453125,3995726,0.0,0.0
2014-09-01,387.85072626380725,389.27208546430944,384.50360585000806,385.69573974609375,2077328,0.0,0.0
2014-09-02,386.5669098793374,394.8200288205309,384.52657786244924,393.9488830566406,5721126,0.0,0.0
2014-09-03,396.6082433688527,396.6082433688527,390.4642432024237,392.77972412109375,4617390,0.0,0.0
2014-09-04,393.42160409467766,393.8571909855546,389.04287142170324,390.578857421875,3203484,0.0,0.0
2014-09-05,390.6476208015176,392.2753136245195,387.0254074897483,389.0199279785156,1917604,0.0,0.0
2014-09-08,390.1891254161472,397.89203087318646,389.4784457670941,396.49359130859375,4894172,0.0,0.0
2014-09-09,394.36157513484744,398.8549628827368,393.30701539229176,396.88336181640625,3830522,0.0,0.0
2014-09-10,396.60817333585936,396.60817333585936,391.61044065126094,393.0776672363281,2157126,0.0,0.0
2014-09-11,393.1235345303916,395.7369995263478,391.10609447858104,391.7250671386719,3266432,0.0,0.0
2014-09-12,389.7764320570278,393.39864522925416,389.24916628159076,392.3440856933594,3043278,0.0,0.0
2014-09-15,389.73060322046564,396.6082021008268,389.73060322046564,394.47613525390625,2904544,0.0,0.0
2014-09-16,394.77418344141313,395.25560977543483,388.81359762870886,390.1891174316406,2538134,0.0,0.0
2014-09-17,392.0231012002379,392.43576829024573,386.10835549689335,388.0799560546875,3952948,0.0,0.0
2014-09-18,387.3234383012575,394.7741703194824,386.17717183691525,393.4674377441406,3326284,0.0,0.0
2014-09-19,394.3157322203756,396.60826554723826,390.37258609218225,394.43035888671875,3271054,0.0,0.0
2014-09-22,392.9172358591453,393.6279154910415,390.18911599636147,392.8713684082031,3267158,0.0,0.0
2014-09-23,392.50456115367905,393.3298674194763,387.7131616865216,389.20330810546875,2358488,0.0,0.0
2014-09-24,388.4009149143189,393.077687653697,387.46098201702245,392.2294616699219,3332748,0.0,0.0
2014-09-25,391.1061422141022,396.8833143634667,386.10840892146035,389.70770263671875,8297980,0.0,0.0
2014-09-26,389.7077185754882,403.0273306760243,387.4381051436184,399.6573181152344,4941126,0.0,0.0
2014-09-29,400.27626610736235,402.2707586448162,394.86589376614586,396.654052734375,4341134,0.0,0.0
2014-09-30,396.24139744052815,403.39408899213294,394.84295794944774,400.11578369140625,6017716,0.0,0.0
2014-10-01,397.06672091857627,399.42804113421414,394.5449345847978,397.9837341308594,2935094,0.0,0.0
2014-10-07,396.6082121211027,397.52522532831915,391.61047894776436,395.43902587890625,2513144,0.0,0.0
2014-10-08,394.5678877536944,398.90078114590483,393.53624780245497,397.80035400390625,1570192,0.0,0.0
2014-10-09,400.7347501842538,409.4234554563056,398.09833735409427,406.9704284667969,3825210,0.0,0.0
2014-10-10,404.88422886111056,405.847109467719,396.5623512459005,397.6627502441406,2133490,0.0,0.0
2014-10-13,396.14970626482585,402.56879872745037,392.32118731148375,402.0185852050781,2688256,0.0,0.0
2014-10-14,405.77840385839755,406.21399079287795,396.6770576325333,398.1442565917969,3633120,0.0,0.0
2014-10-15,398.1442565917969,398.1442565917969,398.1442565917969,398.1442565917969,0,0.0,0.0
2014-10-16,398.16718248715364,400.73480851014233,392.0461019734724,393.7884216308594,2766542,0.0,0.0
2014-10-17,394.4303096500839,407.1997074926978,392.98600264044256,405.8929748535156,4988960,0.0,0.0
2014-10-20,409.9048782987785,417.0575696791114,408.1396391779653,409.81317138671875,4766002,0.0,0.0
2014-10-21,412.65596065507003,415.292373737033,406.9934150556459,410.6156005859375,8018576,0.0,0.0
2014-10-22,414.9713734898037,415.5674264451589,408.64398830022367,409.7444152832031,2285772,0.0,0.0
2014-10-27,412.22035633824095,416.0030358176534,409.9736907717851,411.3950500488281,3362384,0.0,0.0
2014-10-28,412.19751796269514,412.7477315925764,409.9049844923798,410.50103759765625,2901746,0.0,0.0
2014-10-29,412.7476484747585,413.8022080617341,408.07087554010343,408.78155517578125,3948094,0.0,0.0
2014-10-30,408.0250449704477,412.6330308213061,406.74120406959213,411.1199645996094,5369090,0.0,0.0
2014-10-31,412.7017808306235,419.35012655260675,411.4408876764542,418.0892333984375,5052994,0.0,0.0
2014-11-03,419.6252303068392,421.50509610289896,415.13187139099773,417.56195068359375,3619824,0.0,0.0
2014-11-05,419.55648121387156,421.9636409928532,417.35565501295025,418.52484130859375,3762090,0.0,0.0
2014-11-07,414.9484841777158,415.6820835634684,409.74444532154024,412.4037780761719,4514246,0.0,0.0
2014-11-10,412.4267046157595,416.4844770080198,409.446411586296,414.78802490234375,3194878,0.0,0.0
2014-11-11,415.3611849432599,420.58814395613217,413.75641167013663,416.2781982421875,2956704,0.0,0.0
2014-11-12,417.6995465357336,421.7802668012779,414.55878726457337,418.0434265136719,4529332,0.0,0.0
2014-11-13,419.76278264867716,421.8260623012376,414.44411740497446,419.9691162109375,3694476,0.0,0.0
2014-11-14,421.0007585586302,427.78665052624365,418.0433854419107,426.45697021484375,4219028,0.0,0.0
2014-11-17,426.41109633007324,428.2451225508478,416.3239521158134,421.3446044921875,6732042,0.0,0.0
2014-11-18,422.28461144104705,428.7037043402595,418.1580517201248,427.4198913574219,4594556,0.0,0.0
2014-11-19,428.7265907682896,429.9416444523984,422.8118724188159,424.82928466796875,1727424,0.0,0.0
2014-11-20,425.4711714183273,425.4711714183273,418.2038255920571,421.000732421875,2385186,0.0,0.0
2014-11-21,422.3762799615052,428.703665361277,419.0979466206162,427.7178649902344,4411904,0.0,0.0
2014-11-24,427.48860568815275,435.5812581520386,425.5399526911568,433.38043212890625,3658430,0.0,0.0
2014-11-25,432.37168474379666,439.61608277240464,430.53765850946456,437.20892333984375,6078254,0.0,0.0
2014-11-26,430.9044512719023,440.12044974312755,427.92415868874855,436.1772766113281,4488214,0.0,0.0
2014-11-27,435.8563815745979,437.32360835491784,432.37174245823326,434.7330627441406,6605724,0.0,0.0
2014-11-28,434.66424218014777,442.87152123810625,434.2057355955696,438.8595886230469,4625930,0.0,0.0
2014-12-01,439.38686747878205,441.28968105541054,434.75596203075236,435.5812683105469,3694564,0.0,0.0
2014-12-02,431.7985976989882,435.3978633745699,430.6294114466352,432.50927734375,2258778,0.0,0.0
2014-12-03,431.91323967762764,432.8531726595392,427.3281734390116,427.83251953125,3330592,0.0,0.0
2014-12-04,430.99620212737403,432.9448551689074,427.3281493433113,431.63812255859375,3419552,0.0,0.0
2014-12-05,431.45469355981504,433.0136271322542,429.0246142727948,432.257080078125,2037090,0.0,0.0
2014-12-08,433.2887010542035,433.2887010542035,424.11856981496106,425.1043701171875,2028564,0.0,0.0
2014-12-09,424.1414927144939,428.7036386371013,424.1414927144939,424.92095947265625,2436672,0.0,0.0
2014-12-10,424.62293229021697,428.70365204378646,424.25613262344035,427.05303955078125,2782716,0.0,0.0
2014-12-11,426.3653154787218,429.04756800131173,424.11862185542435,428.061767578125,2409422,0.0,0.0
2014-12-12,427.78669795283565,429.2539248075566,425.95267138069056,427.09893798828125,2308414,0.0,0.0
2014-12-15,426.4111341090514,432.9677728322185,425.494120917419,431.6839599609375,3319314,0.0,0.0
2014-12-16,429.87280448038024,431.91316419699825,420.45050060365963,424.4624328613281,2494978,0.0,0.0
2014-12-17,424.57709941808537,427.5573922325752,419.99203354963953,422.6742858886719,3532008,0.0,0.0
2014-12-18,427.60322626676447,429.3914131267572,422.76598743399046,428.26806640625,3246914,0.0,0.0
2014-12-19,433.31165381463995,435.1227604694466,427.5574016203993,431.6610412597656,3057054,0.0,0.0
2014-12-22,437.4152735837352,442.9631919603383,432.142447958774,441.86279296875,4147806,0.0,0.0
2014-12-23,440.02883807698026,446.5625578465329,438.03431735631233,440.0517578125,3772040,0.0,0.0
2014-12-24,439.20343941653476,442.3671178491744,431.5005069187601,433.4033203125,8332406,0.0,0.0
2014-12-26,435.7647279398071,436.93391429114155,432.16543397449243,434.96234130859375,1683240,0.0,0.0
2014-12-29,435.6270599881704,438.33225981492694,434.80175379891176,436.3606872558594,1807400,0.0,0.0
2014-12-30,435.58132276381883,439.98297546300097,432.2571495111476,438.5386962890625,2840600,0.0,0.0
2014-12-31,438.332351314674,438.928404354394,435.46668479195773,436.3149108886719,2496264,0.0,0.0
2015-01-01,436.0398138602408,437.5987476274628,433.31169376011457,436.521240234375,1772470,0.0,0.0
2015-01-02,435.76470368664707,444.4304620304299,435.76470368664707,442.596435546875,2950192,0.0,0.0
2015-01-05,444.7513870408685,445.0035600653823,437.9196277366447,438.8595886230469,2398000,0.0,0.0
2015-01-06,437.4152844338684,438.5844706348792,429.87284547319837,432.02783203125,4109840,0.0,0.0
2015-01-07,430.85867782723574,436.2002631767796,429.27682438603154,433.28875732421875,2873056,0.0,0.0
2015-01-08,437.5298566203583,444.26990821402865,434.75589770852963,442.3900146484375,4762912,0.0,0.0
2015-01-09,446.0811172493551,449.33650317014957,443.19250305524196,447.3420104980469,4492592,0.0,0.0
2015-01-12,444.47634160801044,446.76887477499,442.2296479103608,443.3988342285156,2063206,0.0,0.0
2015-01-13,444.26992395998553,445.6454435998936,438.1947122170581,441.7022705078125,2914174,0.0,0.0
2015-01-14,440.18926158411614,446.8834748241107,440.02879546599195,441.95452880859375,1842616,0.0,0.0
2015-01-15,453.92159857225124,457.6813588240973,445.09534526667966,455.36590576171875,5699238,0.0,0.0
2015-01-16,459.51529669755575,465.3383358177858,457.8417364988409,459.12554931640625,3910654,0.0,0.0
2015-01-19,464.5818170112465,467.67673659163233,459.85920458188446,460.5928039550781,2119746,0.0,0.0
2015-01-20,463.09171235311015,470.886325333311,459.4236591859568,468.11236572265625,4252902,0.0,0.0
2015-01-21,471.06971907441124,473.6143972684548,466.9202117182031,467.6538391113281,3370306,0.0,0.0
2015-01-22,469.96927772624696,473.4080773193658,467.01190447916014,468.2498779296875,3235340,0.0,0.0
2015-01-23,472.2618300385198,480.51494939841626,469.69420409833936,478.1307373046875,4993956,0.0,0.0
2015-01-27,478.2223928235093,494.15549747414883,477.25954013935024,492.45904541015625,4981200,0.0,0.0
2015-01-28,490.6020808181958,501.23941195819805,483.7244815543893,485.2604675292969,5682470,0.0,0.0
2015-01-29,492.8946257290775,504.63238422684884,486.47553292888483,502.06475830078125,10283808,0.0,0.0
2015-01-30,501.858485561162,501.858485561162,487.96571141749206,493.9721374511719,5285208,0.0,0.0
2015-02-02,489.91435050771025,501.1477633176671,482.5094569920349,495.9207763671875,2855176,0.0,0.0
2015-02-03,494.4993257367381,496.1957776233872,483.8619959160451,487.8968200683594,5100344,0.0,0.0
2015-02-04,487.392435521788,495.55387404553835,484.75602300603043,489.5473937988281,3098756,0.0,0.0
2015-02-05,492.8946679766877,501.05610905306673,490.7626007770106,493.5824279785156,4029574,0.0,0.0
2015-02-06,493.81158676111255,494.70565220427903,481.454856815599,483.03668212890625,3451560,0.0,0.0
2015-02-09,480.05640690762357,482.2343132426868,474.32507444693084,476.8927001953125,2615948,0.0,0.0
2015-02-10,472.2617955965545,487.0715810892018,472.2617955965545,483.4722595214844,4637876,0.0,0.0
2015-02-11,485.1000334124799,488.2179010057974,482.80750017329046,485.283447265625,2080794,0.0,0.0
2015-02-12,488.35535537882896,496.0582884404199,482.66986249718246,493.35308837890625,2762870,0.0,0.0
2015-02-13,495.7373180117562,496.10414568308863,487.6676129728424,488.6763610839844,3857250,0.0,0.0
2015-02-16,493.2614085900873,497.47964680167905,487.16324859611433,489.4787292480469,3694358,0.0,0.0
2015-02-18,489.47865368577027,496.53960925819115,484.66433526637405,492.8028259277344,2690846,0.0,0.0
2015-02-19,492.4360375557812,497.4337701737721,487.7592931066745,495.09539794921875,2253502,0.0,0.0
2015-02-20,496.5626061808608,499.7263126497052,489.91426103808845,492.00048828125,3103012,0.0,0.0
2015-02-23,493.85752443222447,495.89791270141296,486.9340848900395,489.45587158203125,2790782,0.0,0.0
2015-02-24,490.7396814812544,491.06061374273986,484.6873602228439,489.5246276855469,2923144,0.0,0.0
2015-02-25,490.60211188783614,492.8029661796519,481.4319789553532,482.5552978515625,2324262,0.0,0.0
2015-02-26,483.1054788406437,484.18295813111257,474.6001592240924,475.9986267089844,6213472,0.0,0.0
2015-02-27,479.34573711053355,485.3522187792316,479.34573711053355,483.2659912109375,5130892,0.0,0.0
2015-03-02,495.34757517872583,503.8987341358216,489.68503007921515,496.3563232421875,7192616,0.0,0.0
2015-03-03,498.1444732799426,500.6892072984606,493.8345560151302,496.7231140136719,3014674,0.0,0.0
2015-03-04,506.6498663391444,508.62146739255735,486.0170663524824,488.4471740722656,6138812,0.0,0.0
2015-03-05,488.3095110505078,499.77217562915826,487.16324459264274,497.5254821777344,4851226,0.0,0.0
2015-03-09,493.8345689334053,496.0124753408057,484.18298236101276,485.5585021972656,2877904,0.0,0.0
2015-03-10,486.934092530116,487.0487191997323,479.13947899620644,482.6012268066406,2567418,0.0,0.0
2015-03-11,481.84460414158104,486.88817681493083,481.43193700157076,484.3892822265625,2732768,0.0,0.0
2015-03-12,486.06280175007544,487.8051490972345,481.9362426363157,483.541015625,3765418,0.0,0.0
2015-03-13,486.0169364725105,487.8509626478784,474.3708590649165,478.0618591308594,2713390,0.0,0.0
2015-03-16,479.13936820504705,485.0541141835959,477.9931017739345,482.1426086425781,2674386,0.0,0.0
2015-03-17,486.01702084996145,488.7222211222866,478.15362106389847,485.1229553222656,2684652,0.0,0.0
2015-03-18,486.08581114935,491.47326400929927,482.89915651398996,487.6447448730469,2574166,0.0,0.0
2015-03-19,491.0605901569698,492.34443108134644,480.8358701400993,482.4406433105469,2686786,0.0,0.0
2015-03-20,481.89036126060165,485.7876667512916,479.57488090458946,484.1370544433594,3241618,0.0,0.0
2015-03-23,484.1600308740759,485.74191225548185,479.5979125073632,480.4002990722656,2723370,0.0,0.0
2015-03-24,478.35991521734434,484.64143268532587,474.7605939544827,475.9068603515625,4486782,0.0,0.0
2015-03-25,476.8698712539379,479.91889574856526,472.7662030895796,474.21051025390625,5304450,0.0,0.0
2015-03-26,470.8404497864115,473.2705012414276,459.469463451474,461.6932373046875,17900310,0.0,0.0
2015-03-27,465.36130127231223,469.304447024761,462.2205141227822,465.2237548828125,5420448,0.0,0.0
2015-03-30,467.6767638476929,476.3883898409342,464.37551050588087,475.425537109375,3477572,0.0,0.0
2015-03-31,476.8010534825336,476.8010534825336,465.31544006717786,468.91473388671875,2981128,0.0,0.0
2015-04-01,470.4735893745624,475.40253509731076,464.4671643855005,473.7519226074219,1922098,0.0,0.0
2015-04-06,474.55429015154726,475.4025160945253,467.58498483444333,473.15582275390625,3575586,0.0,0.0
2015-04-07,473.75192785251517,476.02151305498467,469.35027584073197,473.5226745605469,3098536,0.0,0.0
2015-04-08,476.8698288463751,477.97019994986346,472.2847626816873,474.8065490722656,2053072,0.0,0.0
2015-04-09,476.0444589846746,485.5584705656349,472.26177968140126,484.2287902832031,3501392,0.0,0.0
2015-04-10,482.80739066561654,482.80739066561654,474.485485700877,478.0618591308594,3059662,0.0,0.0
2015-04-13,476.8468774420231,479.73549149146896,474.46266544283117,476.29669189453125,2281618,0.0,0.0
2015-04-15,476.8468291833293,480.8358139240585,470.0609096107814,473.018310546875,2446998,0.0,0.0
2015-04-16,471.3447712970396,473.8895052421563,466.7597054283913,472.101318359375,2805060,0.0,0.0
2015-04-17,470.01511823888455,471.2760114258326,465.86563898429637,466.8743591308594,2024506,0.0,0.0
2015-04-20,467.67673021100035,469.9692632022307,459.6987042075098,460.844970703125,2594440,0.0,0.0
2015-04-21,460.79912377734956,465.10909692509654,456.48915062960265,459.8821105957031,3255372,0.0,0.0
2015-04-22,461.48686828370774,468.1352136290766,455.5262828016529,464.51300048828125,3382968,0.0,0.0
2015-04-23,467.6996542998687,469.6024399092986,461.30348159776025,464.6964416503906,4813914,0.0,0.0
2015-04-24,467.17237132877636,467.2182107933345,458.667051776661,461.4639587402344,3602622,0.0,0.0
2015-04-27,461.6931919775291,464.23789782042974,456.6725394855783,461.00543212890625,3685352,0.0,0.0
2015-04-28,458.30027093257013,463.75651072014807,453.96737792302554,460.5928039550781,3971054,0.0,0.0
2015-04-29,460.34069188539416,462.8624785441289,453.0045852418022,455.36590576171875,3931782,0.0,0.0
2015-04-30,454.3800580463602,456.2140845167794,448.9008983689782,453.371337890625,7571842,0.0,0.0
2015-05-04,455.77849288451006,462.86242564970473,454.83855992521757,458.94219970703125,1570724,0.0,0.0
2015-05-05,458.0709827606167,460.29475641418264,452.01869044490934,452.8440246582031,2569002,0.0,0.0
2015-05-06,452.77529294486146,452.77529294486146,442.68814717798864,445.0265197753906,5503848,0.0,0.0
2015-05-07,443.8343416142808,444.75135471678965,432.92189129142935,436.1772766113281,5868332,0.0,0.0
2015-05-08,440.85415351075216,452.91287306957935,438.0572740792652,450.2535400390625,5785966,0.0,0.0
2015-05-11,452.11042897417633,455.1824288023322,446.6083497542035,454.05908203125,3365672,0.0,0.0
2015-05-12,453.9215776590797,453.9215776590797,443.3759248447778,445.6455383300781,5553784,0.0,0.0
2015-05-13,447.43368713089353,455.48050093726806,445.48503393841435,454.03619384765625,3895924,0.0,0.0
2015-05-14,453.4630516359091,456.1453041952567,446.58545226832706,454.4029846191406,2227594,0.0,0.0
2015-05-15,456.1682614582528,457.3832872475985,451.2622348763979,453.9674072265625,4076812,0.0,0.0
2015-05-18,456.67258283912696,464.00868858754666,454.83855640202205,463.02288818359375,2856652,0.0,0.0
2015-05-19,461.41813971393947,466.759753191526,457.6354599852262,461.9683532714844,2393174,0.0,0.0
2015-05-20,462.9312154675606,470.7946151162733,462.8853480150034,469.5337219238281,2004420,0.0,0.0
2015-05-21,469.51073282456207,472.261772274706,465.4300131128404,469.8316650390625,1967190,0.0,0.0
2015-05-22,469.8316732868832,471.8032739821138,466.92016767837805,469.6483154296875,2344768,0.0,0.0
2015-05-25,471.5282172481744,472.7203232612255,466.57632338467465,469.304443359375,2184530,0.0,0.0
2015-05-26,469.71704363741856,472.35345647322924,466.7826183155287,471.0696716308594,2453172,0.0,0.0
2015-05-27,469.4190403638225,476.8468527048836,468.3186413409009,475.9986267089844,1609296,0.0,0.0
2015-05-28,476.41129411778326,478.5433049825204,468.68544129515834,471.9866943359375,4780580,0.0,0.0
2015-05-29,472.2388620941158,483.265968487955,470.9550771640308,481.68414306640625,2529340,0.0,0.0
2015-06-01,480.9504201448675,484.1829136896172,472.7202500132531,475.1044616699219,1920660,0.0,0.0
2015-06-02,476.1132861530958,476.9844599264794,460.7533143588649,462.5414733886719,2363004,0.0,0.0
2015-06-03,462.633122773018,466.3011752826157,457.58955057232106,461.05126953125,2912416,0.0,0.0
2015-06-04,462.56436011201754,466.6909194040374,456.2140550621955,465.36126708984375,2778794,0.0,0.0
2015-06-05,463.2062526106216,466.9889317336482,459.65282676777844,463.8940124511719,3376930,0.0,0.0
2015-06-08,460.45527015560634,464.12332309187207,456.4662569904128,460.0884704589844,1905998,0.0,0.0
2015-06-09,460.7991348707317,461.2576414725931,457.1769215220176,459.3548278808594,3020130,0.0,0.0
2015-06-10,457.589566629947,467.2182048055271,457.1310600501575,465.6592712402344,3993124,0.0,0.0
2015-06-11,466.57629499767904,467.0118818553772,456.0765108730181,458.5982971191406,4547088,0.0,0.0
2015-06-12,458.96512519661104,463.4814041955954,453.9903395790486,462.70196533203125,3264172,0.0,0.0
2015-06-15,459.4236119101617,464.8110644450364,458.50659871273626,460.8908386230469,2999914,0.0,0.0
2015-06-16,458.5066566692649,463.29805682846376,457.15405643508547,462.3581237792969,3005262,0.0,0.0
2015-06-17,462.6331940243017,464.69647387872124,458.2773809983048,460.66162109375,4843134,0.0,0.0
2015-06-18,461.2117986387727,469.4190499611518,459.53823836018955,467.4933166503906,4215858,0.0,0.0
2015-06-19,469.8775930786338,474.5313903620338,464.5359799149277,472.4910583496094,1871162,0.0,0.0
2015-06-22,473.2246967506031,484.5956839259752,471.57408402386824,480.125244140625,2724826,0.0,0.0
2015-06-23,482.3489969546815,486.56723575675943,477.9931837692543,482.39483642578125,2827590,0.0,0.0
2015-06-24,483.26595732511714,485.0083047964701,478.0848103471813,479.5062255859375,3133698,0.0,0.0
2015-06-25,480.62952403753576,490.99176158499967,478.06189837525005,488.30950927734375,8286784,0.0,0.0
2015-06-26,489.2265746967307,491.0376534990135,482.11972192466015,487.3237609863281,2823752,0.0,0.0
2015-06-29,479.09362578408394,486.8194519006705,472.4911186095041,484.4810791015625,3243918,0.0,0.0
2015-06-30,482.46361940298505,491.5191256830601,480.5149661528423,489.2953796386719,3645068,0.0,0.0
2015-07-01,486.6359623777994,493.811601768349,486.0399373875887,491.6795349121094,2485594,0.0,0.0
2015-07-02,491.9798644537278,493.22711479323084,487.6606158890187,488.83856201171875,2241722,4.0,0.0
2015-07-03,486.9214133274799,497.13055980849504,486.9214133274799,496.2528381347656,2019644,0.0,0.0
2015-07-06,491.54094911136684,501.2188386939119,489.78550573753,500.5259094238281,1633890,0.0,0.0
2015-07-07,498.2162212647309,504.22160918910873,498.2162212647309,502.0735168457031,2070736,0.0,0.0
2015-07-08,498.4933791941666,499.1863085665218,492.44180728707875,493.75836181640625,2700338,0.0,0.0
2015-07-09,490.9173120637572,497.4770769150456,489.71624583177675,496.1605224609375,1398982,0.0,0.0
2015-07-10,494.1972913037001,505.8384831542409,493.59672990895564,503.87518310546875,2450044,0.0,0.0
2015-07-13,501.21893396087006,510.8737615706143,501.21893396087006,506.3697204589844,3538042,0.0,0.0
2015-07-14,506.0694096524822,509.0259195356279,501.68085703568755,504.3832702636719,2837058,0.0,0.0
2015-07-15,504.9145455181928,508.81802516649856,503.8982716425208,506.6237487792969,1924702,0.0,0.0
2015-07-16,507.5937770721908,516.925201404526,507.270376266368,514.9387817382812,3655212,0.0,0.0
2015-07-17,517.1099997080937,518.1955775605636,510.7350282145753,513.021728515625,1755494,0.0,0.0
2015-07-20,515.5162765777611,516.9252553707654,511.38182099681615,515.1929321289062,2275634,0.0,0.0
2015-07-21,515.7935036511534,521.0828414983681,504.9606749291819,507.24737548828125,5514068,0.0,0.0
2015-07-22,506.48520130374146,516.0245405406893,502.9050661133927,514.8003540039062,3643200,0.0,0.0
2015-07-23,514.1073105130324,515.8626974145953,508.1942917933792,511.79754638671875,2541586,0.0,0.0
2015-07-24,509.6034103320523,515.077541535696,508.3792237309717,511.7745666503906,2380504,0.0,0.0
2015-07-27,509.94979179720116,510.22695224503667,494.28957800107673,506.2310485839844,1664286,0.0,0.0
2015-07-28,505.3764512987356,514.5693248994094,504.66040177762267,512.0747680664062,3172836,0.0,0.0
2015-07-29,510.5040853602205,516.4171044208747,510.4810215520627,512.0054321289062,1971516,0.0,0.0
2015-07-30,511.38177344287396,516.0013016582568,508.6562405176531,513.021728515625,4731094,0.0,0.0
2015-07-31,515.3547209682338,517.8492782791276,509.53412483664385,513.530029296875,2824750,0.0,0.0
2015-08-03,514.0381265088148,516.2324029419011,505.12241234018927,506.02325439453125,2172864,0.0,0.0
2015-08-04,507.27040323117217,509.072030588533,499.8098535737119,501.8886413574219,2695464,0.0,0.0
2015-08-05,504.5217970326666,507.0856014172826,501.3111910140124,504.54486083984375,2061390,0.0,0.0
2015-08-06,504.40640721368874,508.771839773788,501.4267770299612,506.27728271484375,1871856,0.0,0.0
2015-08-07,505.35334305922675,506.9932983802125,502.88190636804853,504.7528381347656,1613570,0.0,0.0
2015-08-10,505.8384605781426,510.89682262762847,502.60479005389874,505.6767883300781,1977188,0.0,0.0
2015-08-11,505.86152720565906,507.6169143270365,500.8724135117803,505.6997985839844,1363844,0.0,0.0
2015-08-12,502.78946247316725,505.7921558145561,493.22700522846293,494.49737548828125,3002870,0.0,0.0
2015-08-13,497.5232776140809,500.15638661061894,492.7189561342751,497.7773742675781,1732526,0.0,0.0
2015-08-14,500.34115311891503,509.8343073605183,498.862926459004,508.9797058105469,1800830,0.0,0.0
2015-08-17,507.70941652808096,508.9797871512759,496.96901035016003,504.2216491699219,1250106,0.0,0.0
2015-08-18,504.26775139383324,506.3465393491501,498.1930597573719,501.8424987792969,928658,0.0,0.0
2015-08-19,501.14956100607554,502.1427709572283,496.59933650323865,499.7637023925781,1502288,0.0,0.0
2015-08-20,493.3656015680249,501.1033111431788,493.3656015680249,496.4606628417969,1522426,0.0,0.0
2015-08-21,491.51784954745534,495.6523051429015,485.51246228794696,490.2705993652344,3879486,0.0,0.0
2015-08-24,482.6021255841589,482.6021255841589,467.1498251239884,470.7530517578125,7343164,0.0,0.0
2015-08-25,473.36306826350426,476.87395507632243,464.58599220828233,470.47589111328125,6173960,0.0,0.0
2015-08-26,469.9908363602405,475.34947809069746,466.1104211793136,468.189208984375,2786500,0.0,0.0
2015-08-27,473.5016924253226,477.86712449675616,466.15663050370057,472.1620178222656,6936716,0.0,0.0
2015-08-28,476.2965093503838,481.70133514818843,470.9147473606807,474.8644104003906,2776568,0.0,0.0
2015-08-31,471.700094253957,477.1511610226482,469.13626130160634,474.63348388671875,1720730,0.0,0.0
2015-09-01,471.7924604370113,471.7924604370113,458.71919985660617,461.9990539550781,5234572,0.0,0.0
2015-09-02,464.30881076882025,468.39711051870836,455.0235695117519,459.71240234375,4340844,0.0,0.0
2015-09-03,463.0153451439235,468.88215209492313,461.490906347614,466.7109680175781,3253684,0.0,0.0
2015-09-04,462.9691954006579,464.72461075648977,452.7138355281908,460.128173828125,5702296,0.0,0.0
2015-09-07,462.4148770223301,466.48005711532073,452.71386561626724,454.7695617675781,2690870,0.0,0.0
2015-09-08,455.808920176176,466.572416826263,451.3279715240188,463.82379150390625,3722244,0.0,0.0
2015-09-09,468.65121746911115,473.5017229234489,464.26266491518646,469.48272705078125,3276560,0.0,0.0
2015-09-10,463.3387700202557,469.7830187717746,460.24367987556326,467.0343933105469,2231870,0.0,0.0
2015-09-11,468.65118672457265,471.1919275101667,465.09414398566787,466.8033752441406,2150880,0.0,0.0
2015-09-14,466.0411693887865,472.2544414995557,463.5697326651808,471.0533752441406,2530172,0.0,0.0
2015-09-15,470.24495615249407,471.030281714818,465.6947032093814,468.027587890625,2166364,0.0,0.0
2015-09-16,470.6838036629438,474.9337476293125,467.28843305642346,472.7394714355469,2127026,0.0,0.0
2015-09-18,478.1212532931948,490.59398163997383,476.3427458996715,484.93505859375,3920584,0.0,0.0
2015-09-21,479.4839757489007,487.360295016118,478.7448624090135,486.41326904296875,2138344,0.0,0.0
2015-09-22,485.0736215858528,489.6700299712723,473.64028833888204,476.1117248535156,3012606,0.0,0.0
2015-09-23,470.8224398180184,486.64429974139756,470.56837134131683,484.6809997558594,2580576,0.0,0.0
2015-09-24,483.66463130041103,486.8983012326965,478.5831499782482,485.6972351074219,4126418,0.0,0.0
2015-09-28,487.36035729363687,489.670122020147,481.8631059663947,483.3875732421875,2888554,0.0,0.0
2015-09-29,476.7354332452657,496.09127267552276,473.5479466866988,491.88751220703125,5209420,0.0,0.0
2015-09-30,493.3656446552553,495.6754089092593,490.2936469192842,493.7352294921875,4513898,0.0,0.0
2015-10-01,496.6916282644284,497.4769818592742,489.36968765872956,493.20391845703125,2517394,0.0,0.0
2015-10-05,497.615610779534,510.3655551495168,497.615610779534,507.38592529296875,4026686,0.0,0.0
2015-10-06,511.3817834485261,511.79755227419054,500.2949155146827,501.65765380859375,2379482,0.0,0.0
2015-10-07,502.60465446161805,507.3858547401624,500.4565626290188,502.4891662597656,2193134,0.0,0.0
2015-10-08,502.65095107796424,503.8520173681709,496.78417166576077,500.3411865234375,1940954,0.0,0.0
2015-10-09,505.8384552326259,505.8384552326259,499.001529354465,501.75018310546875,1721614,0.0,0.0
2015-10-12,502.4661874326489,506.0694429005138,497.8928984651719,499.16326904296875,1108670,0.0,0.0
2015-10-13,496.85343296341773,499.90231063389035,495.76779860397596,497.22296142578125,911826,0.0,0.0
2015-10-14,493.73523750357236,501.9117805391282,492.92682000155355,501.1033630371094,1374574,0.0,0.0
2015-10-15,501.54225661061645,506.53137064245925,499.37110046921885,500.8262634277344,1962976,0.0,0.0
2015-10-16,503.5287065796234,508.84116541050935,501.21894187054255,508.1713562011719,2421844,0.0,0.0
2015-10-19,508.14823191534737,509.1183218072197,505.51512272444546,507.1319580078125,1327110,0.0,0.0
2015-10-20,507.2242484213864,509.48782874986483,504.0829463666738,505.7922058105469,1925678,0.0,0.0
2015-10-21,507.6400369547171,509.99598539169517,501.21888057064245,505.8384094238281,3636602,0.0,0.0
2015-10-23,507.8940719413257,514.4769004888641,506.3003570597936,512.0747680664062,2233524,0.0,0.0
2015-10-26,514.5923857438568,514.7078739633236,506.7623070203008,508.8410949707031,2443992,0.0,0.0
2015-10-27,506.0925061667965,514.6155143463106,506.0925061667965,513.1834716796875,4492016,0.0,0.0
2015-10-28,510.4809980875353,519.2349816724303,510.4809980875353,513.4605712890625,3847380,0.0,0.0
2015-10-29,512.7676285430034,514.8464162262858,508.1481003579313,509.7880554199219,3351184,0.0,0.0
2015-10-30,509.07213827205226,513.691667657461,503.73655927560924,507.96343994140625,4048730,0.0,0.0
2015-11-02,505.8615576431981,506.25420633932043,497.29230858960943,500.3411865234375,1578276,0.0,0.0
2015-11-03,503.9674494220516,504.4525224807289,498.53950332393015,501.17266845703125,1274296,0.0,0.0
2015-11-04,503.5517793032829,507.2704662998254,498.1007125475354,499.6944274902344,1348222,0.0,0.0
2015-11-05,498.2162185931906,500.295006709713,494.05864236014594,498.83984375,1798476,0.0,0.0
2015-11-06,499.2325267481266,503.06675876054084,496.7149057458875,499.324951171875,2940502,0.0,0.0
2015-11-09,488.74620966423555,494.12797268396037,485.51253908989753,491.88751220703125,5714716,0.0,0.0
2015-11-10,489.6931836771296,491.97982792669256,486.18229659999537,487.1755065917969,2201290,0.0,0.0
2015-11-13,484.7733417211496,487.36026645451574,480.8929264257355,485.9975280761719,1970014,0.0,0.0
2015-11-16,484.4729634581792,491.97969590747164,482.8561287767932,490.1087646484375,2367366,0.0,0.0
2015-11-17,491.1944939554997,491.4254703833183,485.60481928970404,490.03961181640625,1283702,0.0,0.0
2015-11-18,490.4553495183588,492.3724652460765,483.3413202879574,484.4037780761719,1223360,0.0,0.0
2015-11-19,487.3603070669562,494.72843322887843,484.86575014126277,493.7814636230469,1638840,0.0,0.0
2015-11-20,491.93362343378936,499.02458872301014,489.67004308853575,494.6822204589844,2324080,0.0,0.0
2015-11-23,496.13737698787213,496.8303062853412,489.2312042127224,492.4648742675781,1704140,0.0,0.0
2015-11-24,492.09530378087095,495.90641502817647,490.64014093557154,491.6795349121094,2001126,0.0,0.0
2015-11-26,489.2080459937599,492.90366862638507,485.5586073658973,491.49468994140625,4395742,0.0,0.0
2015-11-27,491.91052093890414,499.92539225827437,490.1088933996442,498.6319580078125,3462536,0.0,0.0
2015-11-30,498.5396212600301,499.3711591599795,494.1510680574216,497.86981201171875,2623888,0.0,0.0
2015-12-01,497.54638575424724,501.1727046846367,495.90643042848825,500.29498291015625,947666,0.0,0.0
2015-12-02,503.5286555458631,504.77590580605914,495.1441992235351,497.8928527832031,1281142,0.0,0.0
2015-12-03,495.4444760902038,499.3710756676087,493.04234361090846,497.40777587890625,1903856,0.0,0.0
2015-12-04,495.95254931058656,495.95254931058656,487.82219074301497,489.161865234375,2929914,0.0,0.0
2015-12-07,493.4580981516446,494.79777292918664,490.17824362093035,490.5708923339844,2907404,0.0,0.0
2015-12-08,490.13201751599917,490.54778639618587,483.664677039822,484.7040710449219,2451330,0.0,0.0
2015-12-09,483.710886351536,488.28423149133346,482.67149229207,483.87255859375,1945308,0.0,0.0
2015-12-10,482.74075106736717,491.148270778468,481.49350086970577,489.94720458984375,3257170,0.0,0.0
2015-12-11,489.67004790998845,489.94720835707415,481.35489615302635,483.3643798828125,1516960,0.0,0.0
2015-12-14,480.89296214148607,489.6007629059589,480.47719325918234,487.3834228515625,2939008,0.0,0.0
2015-12-15,486.4363507479075,490.801782621405,482.87933636140804,489.4159240722656,2278708,0.0,0.0
2015-12-16,491.05590795466526,495.83710895058357,489.3697686764864,493.0423278808594,3421384,0.0,0.0
2015-12-17,496.09120766665063,500.7569204629282,491.97981576846723,499.02459716796875,2439006,0.0,0.0
2015-12-18,501.21884931722536,501.21884931722536,493.5966271847514,495.6754150390625,1586064,0.0,0.0
2015-12-21,495.0979794293253,498.86290652958377,493.85072925927335,496.78411865234375,1548750,0.0,0.0
2015-12-22,496.3684324320272,497.2923383090528,491.5179265776425,492.6496887207031,1214768,0.0,0.0
2015-12-23,495.4906644067897,497.96210111942634,493.89694947369964,496.18359375,1506984,0.0,0.0
2015-12-24,497.15366391031495,497.2460883201986,493.50428129284467,496.13739013671875,1073176,0.0,0.0
2015-12-28,496.1374164969939,498.86294989556205,493.2502108609546,497.6387634277344,3877714,0.0,0.0
2015-12-29,498.4240500597766,498.83981894055046,494.89015555003374,497.96209716796875,2115806,0.0,0.0
2015-12-30,498.9091405127748,499.80992612685077,495.46761390534675,496.2760314941406,1056280,0.0,0.0
2015-12-31,496.59930859349487,501.1726530391527,496.59930859349487,499.90228271484375,4645004,0.0,0.0
2016-01-01,500.01784319727756,503.6441622781151,497.1306374974489,502.95123291015625,1597538,0.0,0.0
2016-01-04,500.75699466881713,500.75699466881713,493.41193153159685,494.5206298828125,2593768,0.0,0.0
2016-01-05,494.38200764622457,496.507036256229,490.2937354565231,490.77880859375,1580436,0.0,0.0
2016-01-06,488.12250526185613,497.40774655463946,488.12250526185613,492.94989013671875,2082768,0.0,0.0
2016-01-07,489.71626996611013,491.933666496532,484.9119484106869,487.9146423339844,3027714,0.0,0.0
2016-01-08,490.5708533161727,491.74885575238045,488.3996972702717,490.7556457519531,1744178,0.0,0.0
2016-01-11,485.9976488372662,490.1321053981348,482.8794662628671,489.0234069824219,1644456,0.0,0.0
2016-01-12,491.4716756027854,491.4716756027854,482.04782566290146,483.64154052734375,2129368,0.0,0.0
2016-01-13,485.9744524568298,490.9404461487603,479.04515893320576,489.7393798828125,2257574,0.0,0.0
2016-01-14,485.11985103259,488.46900957015106,480.20004135099134,484.93505859375,3139592,0.0,0.0
2016-01-15,484.1265766560899,487.5681027601881,479.5532322587695,481.4241638183594,2708630,0.0,0.0
2016-01-18,478.42150890069956,481.1008017559825,471.6538879666169,473.89434814453125,3247694,0.0,0.0
2016-01-19,474.5180046046436,479.29926231567043,474.10229209997675,478.4908447265625,3202606,0.0,0.0
2016-01-20,473.50170617328985,511.84379555122456,465.60232313381374,470.4066162109375,4781794,0.0,0.0
2016-01-21,471.6539140181108,477.31283708052206,468.14308323304766,472.57781982421875,3150402,0.0,0.0
2016-01-22,473.82507526997034,482.39432427130436,472.13896407266844,475.9501037597656,2118142,0.0,0.0
2016-01-25,480.40790295074333,483.5260850721651,477.2204730058786,480.9622802734375,5071942,0.0,0.0
2016-01-27,484.3345026804884,484.44999090721285,477.19735282521486,478.4215393066406,2019734,0.0,0.0
2016-01-28,479.96901914008635,483.61845799398463,475.81144342087487,476.59674072265625,4975986,0.0,0.0
2016-01-29,478.21364064497857,487.33721082293954,478.21364064497857,484.98126220703125,2680092,0.0,0.0
2016-02-01,488.7461478882844,492.9037238155004,486.7597279445437,489.5545654296875,2304742,0.0,0.0
2016-02-02,491.9798189564599,492.0953071768722,485.1428937517578,486.80596923828125,3264314,0.0,0.0
2016-02-03,482.5097838243881,485.69726997892354,481.35490162279785,482.2095031738281,2425122,0.0,0.0
2016-02-04,484.12667878682674,487.3141653356131,482.99491664557695,484.6809997558594,2837996,0.0,0.0
2016-02-05,486.34400706085313,491.4254886618696,483.01791254211247,487.47576904296875,3761952,0.0,0.0
2016-02-08,487.3602634578737,488.7461220269482,475.9500504621186,478.51385498046875,1740962,0.0,0.0
2016-02-09,474.28704069184,476.5275574677721,471.4922593586081,473.98681640625,2767730,0.0,0.0
2016-02-10,472.99357039566127,475.8807759279246,466.6185980241305,467.9351806640625,3841140,0.0,0.0
2016-02-11,466.57240344783236,467.9582620719348,447.2627789244111,450.5426330566406,4401800,0.0,0.0
2016-02-12,452.2518891115521,455.6934438557135,446.2465014113987,448.7410583496094,6271072,0.0,0.0
2016-02-15,452.7138340046825,456.524945362375,448.60244198914626,449.75732421875,5456480,0.0,0.0
2016-02-16,453.4067029259819,453.637679341125,444.3986227353995,449.68798828125,3568048,0.0,0.0
2016-02-17,451.28175483007504,452.6676133935471,443.01278745654633,450.35784912109375,3751962,0.0,0.0
2016-02-18,455.4855415862256,457.9107942163754,451.32796564882597,457.07928466796875,3399928,0.0,0.0
2016-02-19,456.7559108027292,458.534418115319,449.71112937189065,457.0099792480469,1664330,0.0,0.0
2016-02-22,454.09969129019834,460.1050788657554,454.09969129019834,456.75592041015625,2001198,0.0,0.0
2016-02-23,454.9774185458262,455.25457900527766,446.24649753333154,448.1174011230469,3039160,0.0,0.0
2016-02-24,443.4747618722573,444.8144364935595,437.19221402388007,438.6704406738281,3231734,0.0,0.0
2016-02-25,440.7030230029335,442.204369779411,433.4041735440543,435.4598693847656,4231598,0.0,0.0
2016-02-26,438.8551948221864,448.55620439193996,436.54543063891174,443.9366760253906,3104694,0.0,0.0
2016-02-29,443.98291991041987,453.91490723801763,428.6922902330559,448.94891357421875,4406376,0.0,0.0
2016-03-01,450.38097867302696,455.8320171713972,448.9489077874953,454.6309509277344,2161280,0.0,0.0
2016-03-02,461.02898891132054,466.9881925311067,459.64313022721836,465.2789611816406,3179488,0.0,0.0
2016-03-03,466.9188928011499,471.1919571181528,466.57242812679834,469.27484130859375,2305200,0.0,0.0
2016-03-04,469.09003558759605,473.45549573749037,458.7653722876409,471.44598388671875,2852312,0.0,0.0
2016-03-08,473.03975713767966,473.03975713767966,466.34144026414805,468.4895324707031,956844,0.0,0.0
2016-03-09,467.9582959209125,475.7653113462102,465.0710902451912,473.40936279296875,3264086,0.0,0.0
2016-03-10,473.4093339422706,473.8481666219424,466.6185927723766,471.7693786621094,1335696,0.0,0.0
2016-03-11,471.1457554567558,476.18105314685135,467.95826929398095,475.2109069824219,2365428,0.0,0.0
2016-03-14,474.88751320136527,479.4839213419165,473.6171429082682,474.6796569824219,1504328,0.0,0.0
2016-03-15,474.8414256875577,477.38216679004995,471.9542198892711,474.28704833984375,3845018,0.0,0.0
2016-03-16,474.42563317943393,477.7747917388798,470.7069179352607,476.01934814453125,2401774,0.0,0.0
2016-03-17,478.0980750680124,479.96900664925994,467.1036311755462,470.4527893066406,2556742,0.0,0.0
2016-03-18,472.554708320893,476.73537628196675,469.04384948531754,475.0723571777344,2067534,0.0,0.0
2016-03-21,477.1973188835983,483.82633134792985,476.8508542280681,483.0179138183594,2659398,0.0,0.0
2016-03-22,483.43372837793993,488.09944156860973,480.75437889895807,486.8290710449219,2060132,0.0,0.0
2016-03-23,486.45953425903775,486.45953425903775,480.68512288608844,484.7502746582031,4232150,0.0,0.0
2016-03-28,482.74074771125447,486.43637066024013,481.19321687951293,483.8956298828125,5635434,0.0,0.0
2016-03-29,483.8956435275979,489.439078107389,482.3942966622378,486.80596923828125,3366976,0.0,0.0
2016-03-30,488.7461759247691,494.2434267998016,486.8521802829809,491.95672607421875,3907190,0.0,0.0
2016-03-31,492.83444178327466,498.4009968037297,492.0029603948535,494.82086181640625,10040196,0.0,0.0
2016-04-01,493.7353400239863,497.24617119789116,488.191904573376,491.7257995605469,2579324,0.0,0.0
2016-04-04,492.0721444545695,495.5830311643002,491.51782360078454,493.8507080078125,3089980,0.0,0.0
2016-04-05,493.82764391414617,497.47708305657903,487.66058405454385,488.4920654296875,3331514,0.0,0.0
2016-04-06,490.13203014026993,492.880627357147,488.1687303022905,490.3630065917969,2147688,0.0,0.0
2016-04-07,491.51784689942565,491.8643115471461,483.6877684172354,487.59124755859375,1955846,0.0,0.0
2016-04-08,487.36035849044646,491.21765431504264,487.0138937806191,489.3698425292969,1481398,0.0,0.0
2016-04-11,489.80867091547094,496.1835869512153,481.7475591654714,494.7284240722656,2024810,0.0,0.0
2016-04-12,494.1047244987688,494.7514697242658,489.3235240947045,491.05584716796875,2470740,0.0,0.0
2016-04-13,495.21342821960945,501.19569474489003,494.05854615753015,499.71746826171875,2487302,0.0,0.0
2016-04-18,500.526030892608,504.45263104266536,495.02877940437924,502.512451171875,2058534,0.0,0.0
2016-04-20,504.4063711265587,508.1481782519033,500.5490757788842,507.15496826171875,1910676,0.0,0.0
2016-04-21,505.83841334999346,510.5272464505168,503.06669601656887,504.0599060058594,4095864,0.0,0.0
2016-04-22,503.29775550294386,508.5409103789563,501.31133519661216,504.5219421386719,3904660,0.0,0.0
2016-04-25,508.148180797829,508.148180797829,500.98791097749597,505.0299987792969,2780980,0.0,0.0
2016-04-26,505.8384031118314,515.077460702915,504.68352091294594,514.5462036132812,3526898,0.0,0.0
2016-04-27,512.6983801886151,519.6969774294784,512.3057315282591,519.327392578125,2881818,0.0,0.0
2016-04-28,519.3274860191447,525.1018979184446,512.9294489128686,514.5924682617188,4044792,0.0,0.0
2016-04-29,514.5232139110421,524.7785467579381,511.01232640816784,523.0924072265625,2805970,0.0,0.0
2016-05-02,520.9672868580742,522.006680691309,515.5393412845141,516.3015747070312,1931358,0.0,0.0
2016-05-03,518.2649453743719,524.3165168011551,514.2228576897816,516.4633178710938,2347648,0.0,0.0
2016-05-04,516.2323679670428,524.0855673007696,514.7310210355951,520.7825927734375,2646164,0.0,0.0
2016-05-05,521.0827941346743,524.2009757485121,518.6344215704813,523.0692138671875,2607124,0.0,0.0
2016-05-06,522.9306930865783,523.0461813138501,516.1168876775438,517.2255859375,1366576,0.0,0.0
2016-05-09,517.3872076860447,528.9129090866871,516.9252548220393,527.2730102539062,3476590,0.0,0.0
2016-05-10,528.2432081930513,530.09102002757,524.8247450210431,528.8899536132812,2726500,0.0,0.0
2016-05-11,524.17784771989,528.935984371399,521.8680835959974,526.0718994140625,3073686,0.0,0.0
2016-05-12,528.4742510883656,532.1698752218507,523.1617913964808,530.8302001953125,2110844,0.0,0.0
2016-05-13,530.3218459846958,530.3218459846958,522.0066950894653,527.0419921875,2522658,0.0,0.0
2016-05-16,528.9360299309508,538.5908560785788,523.184739323365,537.1588134765625,2259384,0.0,0.0
2016-05-17,538.1982372124148,540.1384167947041,531.8463849730074,532.8395385742188,2147712,0.0,0.0
2016-05-18,531.7077758353975,531.7077758353975,522.6996944897934,526.9265747070312,2081322,0.0,0.0
2016-05-19,526.6724459351024,527.8735120964392,522.9306390363978,526.3029174804688,1927898,0.0,0.0
2016-05-20,526.6031031669272,530.5528223984521,523.6697139903662,527.0419921875,1008316,0.0,0.0
2016-05-23,527.5270100822023,531.2226327111334,523.4849228318088,525.1248779296875,1731766,0.0,0.0
2016-05-24,525.8872172551437,528.3124700936708,524.5706627066622,526.6032104492188,1629734,0.0,0.0
2016-05-25,529.5365509487433,543.2334072291974,529.5365509487433,542.00927734375,2883674,0.0,0.0
2016-05-26,543.3027387160769,549.2157577862075,538.7525143956826,546.605712890625,6852780,0.0,0.0
2016-05-27,546.6057721780087,549.7239542715658,543.5799581087073,548.2457275390625,2887592,0.0,0.0
2016-05-30,548.338111277631,552.0337346055342,544.2267190471914,544.9889526367188,1907266,0.0,0.0
2016-05-31,547.8299894492619,547.8299894492619,543.9033895551271,545.982177734375,2757820,0.0,0.0
2016-06-01,546.4671513620341,546.4671513620341,540.9468368556251,542.8639526367188,2837816,0.0,0.0
2016-06-02,542.6559961612609,545.3815292836508,540.9467931542131,542.771484375,3955308,0.0,0.0
2016-06-03,545.1506305715665,547.4142111616906,540.0460846310413,541.2933349609375,2262210,0.0,0.0
2016-06-06,543.2565612403453,546.2130708109557,540.5079642903617,540.9929809570312,2773654,0.0,0.0
2016-06-07,543.6954387097555,545.1044175996756,539.3993106088767,542.194091796875,2814252,0.0,0.0
2016-06-08,543.1642180918121,544.1804918700813,536.3272929211922,537.06640625,2371406,0.0,0.0
2016-06-09,537.0202996902968,537.80559714215,532.4007702305954,535.5882568359375,2324092,0.0,0.0
2016-06-10,535.1262751108474,541.732168048511,534.109944849927,536.489013671875,3161156,0.0,0.0
2016-06-13,533.4401118416671,538.1520088703785,531.7309086661454,532.5855102539062,1661618,0.0,0.0
2016-06-14,533.5555656528671,534.4794713942574,528.5895722928946,532.1004028320312,1914384,0.0,0.0
2016-06-15,533.5556013002463,540.900663713176,532.7240635211467,540.2770385742188,1522912,0.0,0.0
2016-06-16,538.8911243433826,539.9535820730531,533.7172185445925,536.8585205078125,2363884,0.0,0.0
2016-06-17,539.0990655361078,544.1805477305355,538.429256348592,540.4849243164062,1880826,0.0,0.0
2016-06-20,535.4034376010917,544.7579842891176,535.3110695728136,541.4319458007812,1371382,0.0,0.0
2016-06-21,542.7946734801009,543.0025297349264,536.4197007161251,538.9373779296875,1335484,0.0,0.0
2016-06-22,538.6370545866343,542.7946304796701,538.6370545866343,541.1777954101562,1901920,0.0,0.0
2016-06-23,540.3924714595411,550.5784980613461,539.3299573384712,549.7700805664062,1963366,0.0,0.0
2016-06-24,535.7961379230993,541.3626937361754,529.8600535705749,536.7431640625,5586982,0.0,0.0
2016-06-27,536.7892500876103,540.022920268861,532.6547943407329,535.8422241210938,2081894,0.0,0.0
2016-06-28,536.4427579570348,541.9168880625624,531.2457882889904,539.0758666992188,2017490,0.0,0.0
2016-06-29,542.592293009696,544.6881430685318,540.1238246434165,544.1292724609375,2710334,4.75,0.0
2016-06-30,545.3867642551298,549.5784644073896,541.2649371427888,547.925048828125,8139446,0.0,0.0
2016-07-01,549.5784401274478,551.9071623313778,545.7593584544306,547.016845703125,2152438,0.0,0.0
2016-07-04,548.7401334456963,549.345624021996,545.5731050369856,546.2251586914062,3624926,0.0,0.0
2016-07-05,546.2250981582821,546.9237148134025,541.1950354999872,542.8717041015625,1068164,0.0,0.0
2016-07-07,543.9429361934614,553.6536962779701,540.6827251533387,552.2098999023438,2416308,0.0,0.0
2016-07-08,551.9536897802503,552.1865619856131,545.5031410624133,547.1798095703125,1559434,0.0,0.0
2016-07-11,552.3729301718131,559.7782784647297,550.0675178336883,558.7769165039062,2551266,0.0,0.0
2016-07-12,563.5042953516568,563.5042953516568,556.8208729880749,559.894775390625,3523016,0.0,0.0
2016-07-13,558.8001967839846,559.8015018380453,555.7728579514486,557.8453979492188,3343536,0.0,0.0
2016-07-14,559.3590807104089,559.8946981950421,555.2605068363816,559.0563354492188,1729834,0.0,0.0
2016-07-15,560.6631884994921,571.0026924899372,556.6111776951293,569.9314575195312,2887108,0.0,0.0
2016-07-18,570.5370492289118,576.8246003836794,569.4425609541684,571.6781005859375,2219242,0.0,0.0
2016-07-19,572.3999482302033,573.2150010450144,565.3439082055527,567.4397583007812,1293002,0.0,0.0
2016-07-20,569.6054328126836,576.824471413335,569.023252280373,573.8902587890625,2345166,0.0,0.0
2016-07-21,573.1916138870607,577.476496505726,569.3725325248436,572.2135620117188,4556452,0.0,0.0
2016-07-22,574.4258954634976,575.0313859787808,568.9068352032995,573.23828125,2810136,0.0,0.0
2016-07-25,574.2628975349422,581.924370871738,571.468430880271,580.760009765625,4936442,0.0,0.0
2016-07-26,578.6407795819794,580.1544486874902,575.26413311584,576.964111328125,2832996,0.0,0.0
2016-07-27,577.9888879447876,581.0395369682784,572.8656987688064,576.1026000976562,5367368,0.0,0.0
2016-07-28,576.591672075392,582.7627864978467,575.4506208292736,581.4586791992188,5323264,0.0,0.0
2016-07-29,581.2490071868875,582.1804959804562,575.1943300286907,580.41064453125,1697838,0.0,0.0
2016-08-01,581.7148254649097,586.3489600600511,571.771192701376,578.5943603515625,2780432,0.0,0.0
2016-08-02,580.7832902017592,585.1845522176753,577.7093884086139,579.06005859375,2664698,0.0,0.0
2016-08-03,578.0354112713742,582.157238181526,573.3314038130774,577.732666015625,2366938,0.0,0.0
2016-08-04,580.597049282394,580.6436123590283,574.542371127019,577.9888916015625,2331440,0.0,0.0
2016-08-05,580.969621955424,584.8120135598202,578.3381545162449,581.8312377929688,2892456,0.0,0.0
2016-08-08,583.5311809500795,584.5092328375008,579.6422265086865,581.9942016601562,2364388,0.0,0.0
2016-08-09,583.5311810504116,583.5311810504116,576.4518319257961,580.8764038085938,2105428,0.0,0.0
2016-08-10,579.8519000792477,582.623057101248,568.0918515033433,571.4219360351562,1809860,0.0,0.0
2016-08-11,571.3754133863093,575.1944957991712,569.139816896022,572.0507202148438,1428036,0.0,0.0
2016-08-12,573.3547378303809,575.1944056982707,567.9288035233226,572.2601928710938,2320748,0.0,0.0
2016-08-16,574.2629360907782,576.8012207310964,565.3206649368767,571.6082153320312,1734284,0.0,0.0
2016-08-17,574.4492714411698,576.3588124997467,571.0027508078299,575.1478881835938,2755518,0.0,0.0
2016-08-18,576.5916756331088,584.4627688440496,574.9848798923625,583.344970703125,3055828,0.0,0.0
2016-08-19,582.1805653017454,582.1805653017454,578.1984274936532,580.8298950195312,2055318,0.0,0.0
2016-08-22,579.8750933421549,584.2530452599268,577.988805763226,582.3202514648438,2750646,0.0,0.0
2016-08-23,582.6462727121801,584.043505980075,580.3408605615804,582.8558349609375,2657262,0.0,0.0
2016-08-24,583.1353830452254,588.7941328402643,580.8066607086421,587.6763916015625,2785468,0.0,0.0
2016-08-25,588.7008817228873,590.0049886959761,584.1831840903304,586.16259765625,4364944,0.0,0.0
2016-08-26,586.8380360652671,587.7229619348104,583.997006150269,585.4873657226562,1260568,0.0,0.0
2016-08-29,584.7422101668077,584.7422101668077,575.7533187226937,576.6382446289062,1472092,0.0,0.0
2016-08-30,579.8983948402897,591.7283150679303,579.3627773599117,590.86669921875,4933804,0.0,0.0
2016-08-31,591.0296977738617,603.1390532838069,589.399592224446,601.3692016601562,5580682,0.0,0.0
2016-09-01,599.878761172187,600.8102499317711,594.0103933575193,597.8760375976562,2612338,0.0,0.0
2016-09-02,598.7144463440126,600.3445517988582,596.6884695065606,598.5281372070312,1977594,0.0,0.0
2016-09-06,600.8336093772247,607.2841581979037,600.8336093772247,605.654052734375,2754442,0.0,0.0
2016-09-07,605.9335505380106,607.7965284028469,597.5967132221537,599.2966918945312,2008222,0.0,0.0
2016-09-08,600.8103190783853,603.2554773537042,597.8295433339493,600.5308837890625,1452690,0.0,0.0
2016-09-09,600.8103339177333,602.9061839197718,595.3611466538608,600.9966430664062,2006884,0.0,0.0
2016-09-12,593.6844180293881,598.2021732331413,592.1940585550267,596.1063232421875,1992864,0.0,0.0
2016-09-14,593.8242848051616,594.7557738793657,589.3531486196978,591.2393798828125,1924754,0.0,0.0
2016-09-15,592.4269064877091,597.9692764961613,591.425544606816,595.966552734375,1750906,0.0,0.0
2016-09-16,597.9226947969884,607.5635813183368,597.9226947969884,604.4663696289062,3262908,0.0,0.0
2016-09-19,604.0705259644112,606.6321203304901,599.8788260926459,600.8801879882812,2947416,0.0,0.0
2016-09-20,602.0446620626828,603.1391503083568,598.0392705819299,600.0885009765625,1889124,0.0,0.0
2016-09-21,601.7418361112118,604.5363028423785,599.8322952156288,602.2075805664062,2128200,0.0,0.0
2016-09-22,607.7965316582797,613.3621553178594,605.7239915139776,608.6814575195312,3277900,0.0,0.0
2016-09-23,608.2855961794605,614.0607822043014,606.1664360702862,611.3827514648438,2438404,0.0,0.0
2016-09-26,608.3088171715216,609.612924378089,602.5335745980483,603.6746826171875,2788386,0.0,0.0
2016-09-27,605.0020047724079,608.332088763693,603.0691540484954,604.5595703125,2028406,0.0,0.0
2016-09-28,605.4211549525428,605.4677180216777,600.3445296384174,603.2554321289062,2494826,0.0,0.0
2016-09-29,604.513038512067,608.2623044008378,590.5407038014812,594.9885864257812,8225006,0.0,0.0
2016-09-30,594.8021676254056,596.6185821736965,590.284469643112,592.82275390625,2069214,0.0,0.0
2016-10-03,596.6186327745146,600.7637696969016,594.4762197027908,599.5062255859375,1950274,0.0,0.0
2016-10-04,600.1582777101015,603.1390535151762,597.2241218321695,600.6007690429688,1387756,0.0,0.0
2016-10-05,604.5363281389778,605.491127053508,594.4762588565322,598.9939575195312,1823510,0.0,0.0
2016-10-06,599.4596302846552,603.4184578458942,595.7104218240925,597.06103515625,1447856,0.0,0.0
2016-10-07,598.01591565843,599.7624574681801,594.4063959182798,596.432373046875,1668732,0.0,0.0
2016-10-10,598.4817003828865,599.8323708439605,595.5707971709074,598.178955078125,2359656,0.0,0.0
2016-10-13,595.6872449839759,595.6872449839759,585.1846832477133,588.118896484375,2259678,0.0,0.0
2016-10-14,589.5160595060341,590.5639845574966,584.0435620150637,587.6763916015625,2033558,0.0,0.0
2016-10-17,589.3996856321944,589.8188670677612,574.146552716782,576.4519653320312,2567680,0.0,0.0
2016-10-18,579.0135020691185,586.8380319025821,577.0573980375391,585.836669921875,1305484,0.0,0.0
2016-10-19,587.3503162843067,588.2352421126725,581.2490753417381,586.0695190429688,1522452,0.0,0.0
2016-10-20,586.954412486913,590.3077496105174,582.6462765491991,584.7421264648438,1600178,0.0,0.0
2016-10-21,584.9750512364867,592.869397219945,582.1805844312169,591.8214721679688,1978204,0.0,0.0
2016-10-24,592.3104756066127,594.6857608158824,587.3270329743494,588.4913940429688,1627832,0.0,0.0
2016-10-25,590.5639046799118,590.5639046799118,579.4093489378331,582.3202514648438,2750898,0.0,0.0
2016-10-26,579.0832520740129,589.1666290727286,575.2176079084389,577.197021484375,2683270,0.0,0.0
2016-10-27,577.0572684873255,585.4406670609911,570.1409760347632,583.1585083007812,5811930,0.0,0.0
2016-10-28,584.2764696865604,587.7229903244581,577.569737579706,586.3956298828125,2660268,0.0,0.0
2016-11-01,584.974960567938,588.6310427007749,580.8065709709216,586.7448120117188,1701208,0.0,0.0
2016-11-02,582.6929247094638,584.8353380098132,578.2217889405661,580.3875122070312,3237216,0.0,0.0
2016-11-03,579.8518274800473,586.8379940761924,573.6807136534525,584.4859619140625,3157906,0.0,0.0
2016-11-04,583.4846577819003,583.4846577819003,578.3381589731057,579.246337890625,2867460,0.0,0.0
2016-11-07,583.1120485244776,584.4394088297179,577.5231151520386,581.9243774414062,2835696,0.0,0.0
2016-11-08,582.6928722164693,585.9065203042736,577.5696832471949,584.1832885742188,2674082,0.0,0.0
2016-11-09,558.8934112762238,585.6271574863187,556.7276879368128,582.7628173828125,6822734,0.0,0.0
2016-11-10,588.5844990424754,597.5500789487604,584.0900541083519,595.4775390625,5350368,0.0,0.0
2016-11-11,593.3584755621138,597.0844314526138,589.4462105063739,594.1968383789062,3569660,0.0,0.0
2016-11-15,594.9885701667647,600.3446316594597,582.4833423132309,584.3928833007812,6256262,0.0,0.0
2016-11-16,590.5640016421884,590.5640016421884,577.5464661455272,579.5491333007812,4323872,0.0,0.0
2016-11-17,576.7313153710261,581.6681946583716,570.6067651179105,572.958740234375,2407812,0.0,0.0
2016-11-18,575.6601215523627,575.6601215523627,563.1781479552691,564.2028198242188,3439950,0.0,0.0
2016-11-21,567.975286870847,567.975286870847,553.4673376682139,558.2877807617188,2776260,0.0,0.0
2016-11-22,562.0604939294557,562.0604939294557,553.9332181681286,557.9852294921875,5008892,0.0,0.0
2016-11-23,560.29054625061,560.29054625061,550.090731918227,551.7907104492188,1766346,0.0,0.0
2016-11-24,551.4413442460317,552.5125790582047,540.6826604714034,542.8250732421875,7642998,0.0,0.0
2016-11-25,544.4552167838513,555.7262087953499,539.3320282597945,553.9098510742188,2984980,0.0,0.0
2016-11-28,549.6949578115625,558.381104291946,548.6935957445581,551.6510620117188,2065090,0.0,0.0
2016-11-29,551.7674336239363,555.6098253813553,547.9483518307181,548.9962768554688,1966322,0.0,0.0
2016-11-30,551.9071736458371,559.8248293015158,550.0907589188203,558.70703125,3221420,0.0,0.0
2016-12-01,559.9645810676383,562.5727386452953,555.6331348940932,557.612548828125,2238492,0.0,0.0
2016-12-02,553.7702093817469,559.8015779031368,548.0415293018845,553.8167724609375,2031336,0.0,0.0
2016-12-05,553.118095452214,558.4042835699138,547.9483434465939,557.193359375,2275968,0.0,0.0
2016-12-06,556.5646538852485,560.2207366844075,554.329057638673,556.3084716796875,1351482,0.0,0.0
2016-12-07,559.7549331278935,561.641220815212,543.523751075321,550.3236083984375,2814096,0.0,0.0
2016-12-08,552.8386558669465,561.4782380576853,552.8386558669465,558.6604614257812,2154848,0.0,0.0
2016-12-09,558.4741239247094,559.9645401842479,553.3043722216347,558.1015625,2193976,0.0,0.0
2016-12-12,555.1674558029083,555.2373288501091,550.0908292742635,551.6510620117188,1712636,0.0,0.0
2016-12-13,549.6948523245069,554.398859601095,548.9031095510413,552.4893188476562,1263434,0.0,0.0
2016-12-14,552.8386182017983,553.3043626147738,546.5045055560462,547.57568359375,2157072,0.0,0.0
2016-12-15,542.2196912617042,556.3317714969446,541.9402559493731,547.9949340820312,2470744,0.0,0.0
2016-12-16,547.9949416007778,551.9072065878113,545.6429660983497,550.6497192382812,1627914,0.0,0.0
2016-12-19,548.0881293014734,549.3456166617704,545.153916322681,548.0648193359375,1580218,0.0,0.0
2016-12-20,547.7154145396801,551.9071141407491,545.7126908777436,550.4633178710938,2094996,0.0,0.0
2016-12-21,551.4414079051907,551.907152337543,547.2497080140195,549.5784301757812,1329438,0.0,0.0
2016-12-22,547.9017253603082,549.3455216344165,544.1757701478662,546.36474609375,1402858,0.0,0.0
2016-12-23,545.3867164346516,553.8865521092309,544.594973661186,552.4893188476562,2376258,0.0,0.0
2016-12-26,548.9031102606464,552.419446528015,544.967535789983,547.2496948242188,2091932,0.0,0.0
2016-12-27,549.2525191062033,552.7921659839168,546.7374874010777,552.0003662109375,2449648,0.0,0.0
2016-12-28,554.1893353999942,556.5413107729746,550.0441984020335,552.7222290039062,3253920,0.0,0.0
2016-12-29,551.9071704460995,562.595982777868,550.2537549155713,561.315185546875,4050408,0.0,0.0
2016-12-30,558.8932304712287,564.482162775941,558.8699205118686,561.7808227539062,2033270,0.0,0.0
2017-01-02,563.294596097557,563.5973413574317,555.190688239805,557.5426635742188,1854328,0.0,0.0
2017-01-03,559.2659569178423,559.8015175511609,552.2564802212552,554.1893310546875,1923750,0.0,0.0
2017-01-04,554.165991522111,555.167353404418,551.3482718690695,552.1400146484375,3483560,0.0,0.0
2017-01-05,553.7701717031907,556.3317662737269,551.0222679749918,552.466064453125,3388192,0.0,0.0
2017-01-06,554.2824365774692,558.1481381004862,553.3975107868736,555.9358520507812,2762630,0.0,0.0
2017-01-09,558.3577545897853,560.8262230580285,555.2372893369408,556.6577758789062,2286898,0.0,0.0
2017-01-10,557.1235087783657,566.7178902830494,556.7043842408528,565.5767822265625,2773058,0.0,0.0
2017-01-11,567.0438544522228,576.6381785243967,566.1123655742725,574.7286376953125,4671702,0.0,0.0
2017-01-12,575.1942749023438,579.2462280246049,570.7697035569411,575.1942749023438,1458158,0.0,0.0
2017-01-13,577.0574295508209,577.3834279560293,572.2136754300423,574.0300903320312,1925206,0.0,0.0
2017-01-16,574.4957644004368,581.924365446757,574.1697660351921,581.0860595703125,1882932,0.0,0.0
2017-01-17,580.7833519058936,583.29838340515,575.776598872222,576.8245239257812,1779806,0.0,0.0
2017-01-18,577.9422050595414,584.9749337361346,577.9188950994172,578.7339477539062,2306444,0.0,0.0
2017-01-19,579.8053793984261,579.8053793984261,575.1944971597894,575.7999877929688,1756206,0.0,0.0
2017-01-20,575.6601209358563,579.8518208455835,572.8656543293715,575.8231201171875,6971034,0.0,0.0
2017-01-23,575.6601418983378,582.1805642175746,575.5670157494912,579.6888427734375,2396924,0.0,0.0
2017-01-24,582.180653076869,592.1941603097912,581.8313446850229,590.3544921875,5130932,0.0,0.0
2017-01-25,592.7063825183924,603.4185049916357,591.5420213799964,601.0897827148438,7818492,0.0,0.0
2017-01-27,605.0019642368668,605.4677086281192,599.8787759330904,601.6951904296875,3426118,0.0,0.0
2017-01-30,602.1842072024003,602.1842072024003,596.4090220488756,598.458251953125,2659814,0.0,0.0
2017-01-31,597.2705864441189,602.0677193027063,594.7555554965224,599.25,3050520,0.0,0.0
2017-02-01,599.0404207804147,610.1251601722989,596.3857004584953,608.1224365234375,5455332,0.0,0.0
2017-02-02,608.1225772566893,608.1225772566893,602.0213356137144,604.8623657226562,2985818,0.0,0.0
2017-02-03,605.0020146884738,612.9196700000242,603.8376536132457,610.6142578125,4002552,0.0,0.0
2017-02-06,611.1964841142699,614.7826937530672,610.8005558361922,612.0347900390625,2155110,0.0,0.0
2017-02-07,612.9196784549521,613.851167327984,606.8416908169918,608.7978515625,1705960,0.0,0.0
2017-02-08,608.984230100148,614.1772356761762,604.6062205273207,608.0993041992188,2470480,0.0,0.0
2017-02-09,609.845665074085,614.7359807636262,601.9978841239613,604.3731689453125,2232688,0.0,0.0
2017-02-10,604.6992509962803,609.5430042922193,604.5362518214331,607.1444091796875,1648368,0.0,0.0
2017-02-13,608.9841455107928,612.4539187348216,605.0951340800789,610.2183227539062,1397896,0.0,0.0
2017-02-14,611.9883047681722,611.9883047681722,607.3308595264052,610.6376342773438,1223030,0.0,0.0
2017-02-15,611.0566806216926,616.6456136761593,608.9375207637805,615.8072509765625,3063470,0.0,0.0
2017-02-16,616.1799378791831,620.8373826099403,614.8991405782248,618.4620971679688,2521850,0.0,0.0
2017-02-17,673.0007050035662,677.1924048963219,633.621990491861,641.3533935546875,201129980,0.0,0.0
2017-02-20,633.971346221143,659.2379835751098,633.0166041752104,656.280517578125,5283358,0.0,0.0
2017-02-21,654.8599738451779,662.1954485650557,650.8312731838648,659.2845458984375,3130014,0.0,0.0
2017-02-22,659.0284005085747,660.7982521700967,649.6436384168373,651.6463623046875,2648388,0.0,0.0
2017-02-23,653.8120230503009,661.9858033030432,646.0108042120237,649.387451171875,17247490,0.0,0.0
2017-02-27,647.8040360296897,651.2738098111646,642.0753559417169,649.0615234375,2340688,0.0,0.0
2017-02-28,648.7355037823075,650.295736434551,644.8232387420848,647.431396484375,1464004,0.0,0.0
2017-03-01,650.3888597159091,650.4121696814593,645.7081617798628,648.1533203125,1740868,0.0,0.0
2017-03-02,649.5039057489578,650.1792124187108,640.9807600940192,642.7738647460938,2300994,0.0,0.0
2017-03-03,644.8232227067803,644.8232227067803,637.6041833770907,641.3301391601562,1246412,0.0,0.0
2017-03-06,641.2369314286775,647.3381718765312,639.5136429861029,643.0765991210938,1839562,0.0,0.0
2017-03-07,643.7752005151575,646.2203586288884,640.9574241379083,645.6148681640625,1556438,0.0,0.0
2017-03-08,646.4067567333665,651.669635095175,643.2164185070393,648.409423828125,1891072,0.0,0.0
2017-03-09,643.4958831709658,651.4367925786661,643.4958831709658,649.3409423828125,1754658,0.0,0.0
2017-03-10,649.7135815932509,655.7682601313958,648.8519656335379,652.0888671875,2930352,0.0,0.0
2017-03-14,662.3351940867727,663.289992984019,655.1394648246027,657.0256958007812,3577510,0.0,0.0
2017-03-15,657.1420921246186,661.3571020303948,656.955839832254,659.7735595703125,2135930,0.0,0.0
2017-03-16,660.4722331633368,662.6845194347821,658.3996929767807,660.1229248046875,2490054,0.0,0.0
2017-03-17,660.681764910019,664.8501546971665,658.0269876232564,664.0816650390625,1695232,0.0,0.0
2017-03-20,664.4542678918612,670.6020713068709,664.1282126956687,668.8555297851562,4071172,0.0,0.0
2017-03-21,667.8775397394602,673.0007286774895,667.8775397394602,671.1144409179688,2778640,0.0,0.0
2017-03-22,664.9433604318067,669.2748067660855,664.0584914172015,666.4337768554688,2818272,0.0,0.0
2017-03-23,668.0638825086917,668.3433178213867,662.7078210766736,666.4337768554688,2461236,0.0,0.0
2017-03-24,667.4118186707118,668.0871254038625,662.2886295532116,663.3831176757812,1905182,0.0,0.0
2017-03-27,663.2200556717175,663.2200556717175,653.9284772118447,656.6297607421875,2932042,0.0,0.0
2017-03-28,660.5653873605308,663.5461064081413,658.143482067383,661.4502563476562,4030700,0.0,0.0
2017-03-29,661.729715315808,668.2501373991704,661.3570970267598,665.3624877929688,4287886,0.0,0.0
2017-03-30,665.0830959003789,689.2784981113482,663.709172470305,682.87451171875,17160546,0.0,0.0
2017-03-31,677.0992437356068,677.1923698758692,669.065152689968,671.859619140625,4825696,0.0,0.0
2017-04-03,673.4664957352896,675.3760366692188,664.1516064443451,667.5049438476562,2074526,0.0,0.0
2017-04-05,668.4596789781257,673.6993037044826,664.8734696846236,667.1090087890625,2872040,0.0,0.0
2017-04-06,666.7131167966375,672.0691774624854,663.7090881211313,669.9733276367188,3062208,0.0,0.0
2017-04-07,666.5035194427649,673.0006308189345,665.3624115967131,670.1362915039062,2324180,0.0,0.0
2017-04-10,672.0692145426881,672.0692145426881,667.2487710481787,667.9473876953125,1696938,0.0,0.0
2017-04-11,667.8775534277039,671.2308907871675,666.7131922815607,670.4391479492188,2178130,0.0,0.0
2017-04-12,670.2062265838829,675.3061052886641,668.5761210987935,672.3952026367188,1782546,0.0,0.0
2017-04-13,672.0692548770068,674.817158558029,669.2980980851588,670.811767578125,2402118,0.0,0.0
2017-04-17,670.8117461808133,672.4418517366265,665.1995028829425,669.181640625,3568528,0.0,0.0
2017-04-18,670.6719425195859,677.6581085874982,669.7404537105308,674.0718994140625,1819430,0.0,0.0
2017-04-19,673.9322195954779,678.4732279859796,669.7405195427073,674.8637084960938,2169072,0.0,0.0
2017-04-20,676.7267080221604,682.8046960352268,676.7033980574685,680.98828125,2890686,0.0,0.0
2017-04-21,682.7814328816775,698.1510012889731,676.8665005087852,697.033203125,8629016,0.0,0.0
2017-04-24,697.7316598924851,716.7806168306931,697.2193524337541,714.0094604492188,10103476,0.0,0.0
2017-04-25,714.941008700304,719.808015243441,712.4026674493235,715.8724975585938,4528890,0.0,0.0
2017-04-26,718.6203378192313,723.3010920319533,683.9223781563977,722.2066040039062,3897926,0.0,0.0
2017-04-27,720.0875217684651,733.0584940326551,720.0875217684651,730.5667724609375,8090210,0.0,0.0
2017-04-28,726.5147908137737,726.5147908137737,715.8957944385854,720.2738037109375,2718864,0.0,0.0
2017-05-02,720.5065934292321,722.3230079766574,712.7519377271702,717.5258178710938,2003520,0.0,0.0
2017-05-03,723.8833412701825,723.8833412701825,716.9437373082337,719.2492065429688,1253982,0.0,0.0
2017-05-04,716.8972473893035,718.5972262461138,709.1425898148965,714.82470703125,2565514,0.0,0.0
2017-05-05,718.2245290411569,718.5971473550711,710.8658005967168,713.6136474609375,1378948,0.0,0.0
2017-05-08,716.3150667433808,717.2465557768572,711.9138038016362,714.82470703125,1873626,0.0,0.0
2017-05-09,714.8245943288802,719.8546002044529,713.8232324050563,715.2670288085938,1672918,0.0,0.0
2017-05-10,717.2464413728197,724.232608009568,715.8725180090204,722.7422485351562,1171122,0.0,0.0
2017-05-11,722.3696470009849,726.5613470802944,717.7122024684189,720.2272338867188,1937872,0.0,0.0
2017-05-12,719.9943327824355,725.1175215627763,715.4765776549028,722.67236328125,3073802,0.0,0.0
2017-05-15,721.9039451876488,725.2572827077358,718.2944254617105,723.4874877929688,1402390,0.0,0.0
2017-05-16,724.2325924481161,727.4928034752137,721.0888175291291,726.3983154296875,1795188,0.0,0.0
2017-05-17,726.0024374311621,729.0763392866174,722.6024803638206,725.2339477539062,1736236,0.0,0.0
2017-05-18,721.4381745725442,727.2599803712251,721.0189931843247,725.210693359375,1553640,0.0,0.0
2017-05-19,726.3285018639912,731.172255728701,719.6916431582766,727.1435546875,1427068,0.0,0.0
2017-05-22,728.936618812472,735.8762224071522,728.005129923349,734.0132446289062,1430026,0.0,0.0
2017-05-23,735.876247572072,737.5296631482354,728.8900806647422,730.7996215820312,1540086,0.0,0.0
2017-05-24,730.7763130443032,733.7570318824959,727.4927921054731,729.705078125,1733694,0.0,0.0
2017-05-25,729.8681174008389,758.8840194240408,729.8681174008389,753.1786499023438,10045402,0.0,0.0
2017-05-26,748.2883323329795,760.0949427755996,745.703427892774,757.3004760742188,2721578,0.0,0.0
2017-05-29,754.4128436622093,767.5468137285153,753.4114817760126,760.04833984375,2958170,0.0,0.0
2017-05-30,759.1634427806059,760.7935483325888,752.7128936099018,758.7210083007812,2217092,0.0,0.0
2017-05-31,756.8347104355125,765.218110304952,755.9730945974228,762.051025390625,2659456,0.0,0.0
2017-06-01,763.3552287371779,763.7511001879553,754.7622655297365,758.511474609375,1679770,0.0,0.0
2017-06-02,761.0264471858507,766.6619437777733,757.39361765859,761.1428833007812,1606772,0.0,0.0
2017-06-05,760.8866183759708,763.3317765236517,756.8346647583828,761.748291015625,1449950,0.0,0.0
2017-06-06,761.4921802974733,765.5907542233774,759.1634580335667,763.3318481445312,2501316,0.0,0.0
2017-06-07,764.0071723030962,766.1030222325011,759.3264180526648,764.1934814453125,1277138,0.0,0.0
2017-06-08,765.6373317034017,772.8563708573386,764.5894066649271,766.033203125,2124384,0.0,0.0
2017-06-09,763.8674457673599,777.7932159140194,763.8674457673599,776.3028564453125,2652636,0.0,0.0
2017-06-12,774.9987125468165,780.5876455699906,773.1357348724251,777.2109985351562,1985706,0.0,0.0
2017-06-13,773.9508395055275,787.9930460386256,773.6015311681548,780.9136962890625,2525810,0.0,0.0
2017-06-14,780.122024663872,782.427437159508,776.3960687251789,778.3521728515625,1929180,0.0,0.0
2017-06-15,776.8616605626008,780.4013066380965,770.1549298201245,775.1616821289062,1763346,0.0,0.0
2017-06-16,775.4644339359929,779.9821319208006,772.250786172392,777.44384765625,1877552,0.0,0.0
2017-06-19,778.2589260624836,789.9025365661115,777.0480019408197,788.458740234375,1912766,0.0,0.0
2017-06-20,787.1080772610854,788.9710549587448,782.3807599825614,785.5012817382812,1830132,0.0,0.0
2017-06-21,783.6615602872998,792.3477052081274,782.2643270084611,791.1600341796875,1705466,0.0,0.0
2017-06-22,789.4134412258337,799.2173835026503,787.6668997409066,790.833984375,3337730,0.0,0.0
2017-06-23,792.696958608373,793.046266903882,780.2149861074267,781.8218383789062,2608734,0.0,0.0
2017-06-27,786.6424865729247,789.4369536655461,771.3893536923662,776.6988525390625,3000216,0.0,0.0
2017-06-28,775.4645248183394,780.121969411843,772.1111874524456,776.1398315429688,2224518,0.0,0.0
2017-06-29,781.5548947547752,788.540609819428,774.1003405211034,779.7030029296875,4593854,5.5,0.0
2017-06-30,775.3662449175224,778.2730248890281,770.3027589714898,774.5457763671875,2165216,0.0,0.0
2017-07-03,774.8035423410287,781.7892568923618,772.2952644173571,777.6165771484375,1752166,0.0,0.0
2017-07-04,778.3902753369089,781.4142652592611,774.5223519690247,775.1552734375,1883040,0.0,0.0
2017-07-05,775.0379739771113,778.03855593134,771.2403883742418,772.99853515625,2007100,0.0,0.0
2017-07-06,774.7801518829745,779.6794980551865,774.2175105702275,777.4056396484375,2285838,0.0,0.0
2017-07-07,778.6715642038656,782.773907152921,777.3353839467284,781.648681640625,2758698,0.0,0.0
2017-07-10,782.0237419424744,819.5308758485884,778.7653325769186,785.9385375976562,654626,0.0,0.0
2017-07-11,786.5012830029867,792.7134028780804,781.601878649479,787.8374633789062,2205140,0.0,0.0
2017-07-12,787.6497908921933,789.9939866984201,777.5932137760177,788.23583984375,2869446,0.0,0.0
2017-07-13,791.4005815986233,793.8854522888361,787.4857856655397,789.3142700195312,2240502,0.0,0.0
2017-07-14,789.4782918385041,790.4863075028638,783.8990942548947,787.6263427734375,1221626,0.0,0.0
2017-07-17,788.8454501317468,791.2365187002877,786.2433695760303,788.7516479492188,1199670,0.0,0.0
2017-07-18,787.509193287086,791.3302442712874,786.4074325966513,789.3142700195312,1161094,0.0,0.0
2017-07-19,789.9940160446392,795.2449919531101,788.5171611855865,793.4165649414062,1993622,0.0,0.0
2017-07-20,794.1666968466983,804.0591920784794,791.470871567135,802.136962890625,1849238,0.0,0.0
2017-07-21,803.6373041365687,804.1764806915958,797.0266825102537,798.4566650390625,1936754,0.0,0.0
2017-07-24,801.7150573109959,815.7802337550485,794.6824690889697,813.48291015625,9839088,0.0,0.0
2017-07-25,824.6882389590276,824.6882389590276,812.5218833404907,815.6162109375,5580234,0.0,0.0
2017-07-26,816.717865901831,822.8127753488596,812.2638936136178,819.3199462890625,1947672,0.0,0.0
2017-07-27,823.2817144588093,843.3480570431713,821.1954027104955,839.0581665039062,8980856,0.0,0.0
2017-07-28,830.7830506143257,837.5812189178853,825.6726919605528,833.8305053710938,4627698,0.0,0.0
2017-07-31,833.3850818138324,839.6909456994398,828.2278509915577,836.5966186523438,3684570,0.0,0.0
2017-08-01,835.4010476098315,848.2003795981014,830.8767382597599,842.5977172851562,4258430,0.0,0.0
2017-08-02,847.1924590574072,847.1924590574072,835.4949435694919,839.9957885742188,3698958,0.0,0.0
2017-08-03,838.2844320999085,840.1597887712729,831.908230863538,834.51025390625,2128392,0.0,0.0
2017-08-04,833.127236234028,842.3868101876701,828.0403424956381,839.33935546875,1772534,0.0,0.0
2017-08-07,837.3467955682174,842.2461422242162,836.8779563769698,838.5423583984375,959330,0.0,0.0
2017-08-08,840.2066878374784,842.6212210745579,828.016869087756,833.5491943359375,2017686,0.0,0.0
2017-08-09,830.3141444589714,833.1506442425172,824.3833176951389,827.2432250976562,1635028,0.0,0.0
2017-08-10,825.1570262008267,827.9700615174204,821.8048143356158,825.3679809570312,3894222,0.0,0.0
2017-08-11,818.124371781613,824.2192811415906,811.6309605635983,820.023193359375,3179918,0.0,0.0
2017-08-14,821.8750147099871,832.1660109691247,819.5308190034555,823.8441162109375,1788542,0.0,0.0
2017-08-16,826.258739823262,839.1284100019137,819.788793302695,835.1198120117188,2213416,0.0,0.0
2017-08-17,832.7756144882122,834.979135797275,822.226732672035,827.688720703125,2727434,0.0,0.0
2017-08-18,825.1569385352664,825.6257777048886,817.1866726516871,821.4765625,1853732,0.0,0.0
2017-08-21,822.344004122044,824.6882002569415,814.9363214432276,817.280517578125,2004862,0.0,0.0
2017-08-22,821.0781041827025,822.3439471152557,814.2799358627645,819.0620727539062,3304778,0.0,0.0
2017-08-23,820.4686013894026,833.5726341590541,820.4686013894026,830.9940185546875,1680262,0.0,0.0
2017-08-24,832.1426577055497,832.1660653253397,824.7584407476457,826.3290405273438,3939138,0.0,0.0
2017-08-28,826.2821903513001,830.3845332163812,824.3833687612099,826.2118530273438,753892,0.0,0.0
2017-08-29,824.6882079303792,824.6882079303792,814.8425840721995,818.6636352539062,2459298,0.0,0.0
2017-08-30,821.3827514272738,829.8453212397989,820.4920027997182,829.16552734375,1347160,0.0,0.0
2017-08-31,830.7830123087998,834.4633883606258,823.4691326760521,832.8693237304688,3651718,0.0,0.0
2017-09-01,835.0025490016387,835.2135037323753,825.6726382150373,828.7200927734375,1147586,0.0,0.0
2017-09-04,827.5011852163365,827.5011852163365,818.640112919875,820.8905639648438,1821262,0.0,0.0
2017-09-05,823.7505248846179,827.4543662378821,820.9374895122173,822.9769287109375,1841218,0.0,0.0
2017-09-06,817.5383430066835,826.4697525281985,814.8425176462314,825.110107421875,2875816,0.0,0.0
2017-09-07,825.2038581179205,833.0100421840659,825.2038581179205,828.2279052734375,3473210,0.0,0.0
2017-09-08,831.4394030947927,839.2221219413881,830.3141776302784,838.120361328125,4155832,0.0,0.0
2017-09-11,840.6286524437528,857.506862978039,839.3158798429923,854.85791015625,5738838,0.0,0.0
2017-09-12,856.8974022100182,862.6172749174062,852.4903594160286,860.4136962890625,3343840,0.0,0.0
2017-09-13,860.3198353573448,866.8835834200166,855.1626047366741,863.5313720703125,2497688,0.0,0.0
2017-09-14,862.7343808304054,868.5245329370506,858.6789107013269,862.3827514648438,4077008,0.0,0.0
2017-09-15,860.7887240421909,868.1964058889045,859.59316125515,866.8601684570312,1883666,0.0,0.0
2017-09-18,869.0168864921404,874.1271877779474,868.5245824597465,872.2518310546875,2042464,0.0,0.0
2017-09-19,874.3381817325444,875.791571716855,866.2038335592803,867.2117919921875,2120734,0.0,0.0
2017-09-20,866.414791606295,872.7206555898962,865.1254838806905,866.8132934570312,1723064,0.0,0.0
2017-09-21,866.4148679531872,866.6492875603175,858.3039266539429,862.2421875,3856248,0.0,0.0
2017-09-22,860.226147238027,862.1717840428975,853.2873045066437,855.2095336914062,4121762,0.0,0.0
2017-09-25,854.435899911208,854.435899911208,840.441062502533,843.7932739257812,5074614,0.0,0.0
2017-09-26,838.776809680259,842.3165113690885,836.8779879914364,840.300537109375,5719366,0.0,0.0
2017-09-27,842.0351864841331,846.536031268514,829.8453675261222,832.892822265625,3668610,0.0,0.0
2017-09-28,831.7206731742727,843.4416522212608,826.704117034699,841.7069702148438,13823232,0.0,0.0
2017-09-29,843.9573977763978,854.2249872805394,842.1523783768764,846.5828857421875,3106816,0.0,0.0
2017-10-03,847.6612515546022,853.75616099609,842.5508929612395,848.0597534179688,2197212,0.0,0.0
2017-10-04,847.6143869611792,849.4897437298388,840.7927538226413,842.5040283203125,3312552,0.0,0.0
2017-10-05,841.566279850505,846.2546713817055,840.6754740133084,843.2540893554688,1668098,0.0,0.0
2017-10-06,842.9728466280526,845.9968364500589,841.0974899058544,843.9573974609375,1515330,0.0,0.0
2017-10-09,843.3479123508837,845.317013950077,839.4565243913548,841.8007202148438,1531246,0.0,0.0
2017-10-10,843.4416485675039,850.9196102745508,840.4645313487342,845.1763305664062,1899090,0.0,0.0
2017-10-11,845.4342623605779,851.0603325939493,838.0969176516202,839.29248046875,2633720,0.0,0.0
2017-10-12,841.6131481968364,853.967048374765,838.2844016722586,852.7246704101562,2690780,0.0,0.0
2017-10-13,856.4285900172853,870.4234866784584,854.2250685507759,867.7276611328125,3216732,0.0,0.0
2017-10-16,872.0409532862099,878.2530729803186,863.6018472866658,870.7047729492188,1637272,0.0,0.0
2017-10-17,867.3525496128038,869.0872318194896,862.2421907120586,867.9385986328125,1306644,0.0,0.0
2017-10-18,863.133043901149,879.0735781176829,862.1953654178235,876.026123046875,1963360,0.0,0.0
2017-10-19,872.8847509681071,874.3850133531738,862.9687915151795,866.602294921875,285004,0.0,0.0
2017-10-23,871.9940090598939,876.5885987205561,860.8122059768416,873.5880737304688,2081446,0.0,0.0
2017-10-24,873.4473996983253,881.2301187056215,868.7590078588281,875.36962890625,5664436,0.0,0.0
2017-10-25,872.040831911469,873.447349382294,836.8778951408452,841.6131591796875,10683604,0.0,0.0
2017-10-26,828.9077277338708,848.5989746596755,824.1489982805316,841.73046875,14285732,0.0,0.0
2017-10-27,845.9734694536879,847.4268595369145,834.0649422496106,839.7144775390625,3736044,0.0,0.0
2017-10-30,843.0900589367575,851.4119544163224,840.3473611686348,850.943115234375,2711176,0.0,0.0
2017-10-31,849.3022696505866,849.3022696505866,843.5589890526182,847.895751953125,2341230,0.0,0.0
2017-11-01,850.9899460918684,855.63146521244,849.5365561451733,853.849853515625,2095306,0.0,0.0
2017-11-02,854.6938172903311,857.8819465775888,851.857317384844,854.2718505859375,2368972,0.0,0.0
2017-11-03,855.9596371922765,862.6640601172468,854.0374080698057,858.3038330078125,1905244,0.0,0.0
2017-11-06,855.6315262908121,862.6641141781339,854.5063007825713,857.3193359375,3074122,0.0,0.0
2017-11-07,861.7264572030991,864.9848667793093,853.6389809317425,855.0220336914062,3723188,0.0,0.0
2017-11-08,855.7252138909168,859.6634742901665,852.8184339848252,856.0768432617188,1641572,0.0,0.0
2017-11-09,856.5692105322736,860.3199240978228,853.8030478314117,856.9677124023438,1556654,0.0,0.0
2017-11-10,854.0844229913176,860.2262628374848,849.700787531394,854.22509765625,3872180,0.0,0.0
2017-11-13,854.224973786065,854.76415028165,841.566316106469,850.2633056640625,1667936,0.0,0.0
2017-11-14,851.3650617234439,852.8184517066917,843.9105074612672,845.0122680664062,2356234,0.0,0.0
2017-11-15,842.9728827945988,845.6218357246223,838.2844907879548,844.0277709960938,3074184,0.0,0.0
2017-11-16,845.7858867618028,851.4119569619921,841.6600790557923,847.5205688476562,2006486,0.0,0.0
2017-11-17,857.3662019570191,861.8671039561038,850.0757869075126,855.889404296875,3179386,0.0,0.0
2017-11-20,857.5069237039804,862.5234804088341,857.5069237039804,861.7968139648438,1196212,0.0,0.0
2017-11-21,861.468491815076,867.3524461667442,860.8355703952229,865.5942993164062,1137766,0.0,0.0
2017-11-22,867.2118842744102,872.0409511437138,864.7974080711085,869.81396484375,2830398,0.0,0.0
2017-11-23,871.5721312449463,872.0409704763852,861.726507384729,864.0003662109375,1616290,0.0,0.0
2017-11-24,864.0705896265027,871.0094322295515,863.1329112872444,868.0088500976562,2601842,0.0,0.0
2017-11-27,866.8836749238519,872.9785844825377,865.2896102083877,870.8922729492188,1935236,0.0,0.0
2017-11-28,870.1655592418455,877.1981472745113,870.0952219152492,874.5491943359375,2545270,0.0,0.0
2017-11-29,874.385101036265,879.307912597059,870.0718033231559,878.2764892578125,1637292,0.0,0.0
2017-11-30,876.1197458475308,878.5811515230728,862.664084380439,869.087158203125,2898156,0.0,0.0
2017-12-01,869.6497404933629,872.0408086838083,864.586254840727,866.5084838867188,1929074,0.0,0.0
2017-12-04,869.6497655618737,869.6497655618737,858.0225315517201,859.8978881835938,1820966,0.0,0.0
2017-12-05,856.1003714445919,857.2959342863004,847.1924267252889,853.498291015625,1946680,0.0,0.0
2017-12-06,853.2638906722318,853.920277007367,843.4417321921061,845.457763671875,3197560,0.0,0.0
2017-12-07,847.0284188127025,851.6933463274326,845.3640166291253,848.4349365234375,2115652,0.0,0.0
2017-12-08,850.4743181085709,868.7590471087,850.4743181085709,862.8516845703125,4478200,0.0,0.0
2017-12-11,866.4148651808653,868.1730122287161,862.6641514787835,865.6647338867188,1599116,0.0,0.0
2017-12-12,866.9305603752289,867.3056546308405,851.3885293216462,853.240478515625,1205294,0.0,0.0
2017-12-13,853.310770457013,865.0082850781331,850.9899821826303,853.9202270507812,1453730,0.0,0.0
2017-12-14,855.1626039877253,862.6640303384949,849.5365342246482,861.7498168945312,1841546,0.0,0.0
2017-12-15,870.1655199070169,885.1683736985171,869.9311003165246,878.3467407226562,6225062,0.0,0.0
2017-12-18,869.6966182829167,890.325540765099,848.2706921428229,880.92529296875,6148994,0.0,0.0
2017-12-19,881.3239444892613,887.8173559146348,879.6126699757357,883.5274658203125,2476056,0.0,0.0
2017-12-20,890.2788055139201,892.247907343632,873.7522230235918,875.8619995117188,4671752,0.0,0.0
2017-12-21,881.37083535846,883.76190386429,874.4788646871284,875.9323120117188,3427272,0.0,0.0
2017-12-22,880.9488065092718,881.4176456825072,872.8613307709616,879.8470458984375,2235452,0.0,0.0
2017-12-26,881.8865156714998,882.7304491053507,870.4937004712432,875.9556884765625,3392848,0.0,0.0
2017-12-27,876.776142510183,876.8699446853581,867.8916629068789,870.5171508789062,1744692,0.0,0.0
2017-12-28,871.5251365000062,881.8395981446251,871.1031698046394,880.50341796875,4350260,0.0,0.0
2017-12-29,879.9174572046109,881.042625529905,875.8619865688698,877.8545532226562,3172936,0.0,0.0
2018-01-01,877.9951306626333,881.76930904517,867.5869235082212,869.4622802734375,3290258,0.0,0.0
2018-01-02,871.3610475546068,879.0734288780934,871.3610475546068,877.8309936523438,2388158,0.0,0.0
2018-01-03,879.0735155623586,880.5972429893334,867.915119512281,868.594970703125,2265644,0.0,0.0
2018-01-04,868.7590167062202,874.6195065652746,868.7590167062202,871.9940185546875,1186888,0.0,0.0
2018-01-05,873.4474066641247,875.8150674544913,869.954577608382,873.7286987304688,1435434,0.0,0.0
2018-01-08,874.3850473378391,877.0574076998998,870.9859633736571,872.3221435546875,2285154,0.0,0.0
2018-01-09,872.9785700016309,876.6589461893642,869.6966956783165,873.7755737304688,2652764,0.0,0.0
2018-01-10,874.478848963489,875.7447491365305,870.7750650854409,874.010009765625,2307944,0.0,0.0
2018-01-11,874.0099518596289,879.5422769204292,870.282703376091,877.9248046875,2029548,0.0,0.0
2018-01-12,878.1358569639368,880.5503903874434,872.040947118485,874.5258178710938,2168354,0.0,0.0
2018-01-15,876.7058107578036,892.8573550135899,871.9705464374115,889.7395629882812,6288222,0.0,0.0
2018-01-16,892.4118809912343,895.4828003982261,883.8790311260502,890.86474609375,3222692,0.0,0.0
2018-01-17,889.3879699626318,891.9900504372969,884.6995779227656,886.3405151367188,1452748,0.0,0.0
2018-01-18,902.0465441095822,916.1117189137857,899.2569739992857,906.8756103515625,8324770,0.0,0.0
2018-01-19,907.2740881011364,918.8778570064967,899.819534206576,915.2677612304688,5727994,0.0,0.0
2018-01-22,918.924822505778,932.0523199701463,915.7132854652288,920.4954223632812,4424884,0.0,0.0
2018-01-23,921.2689599031595,922.0659635917089,911.0951729077077,914.8458862304688,2523898,0.0,0.0
2018-01-24,915.4319906401989,923.1443724847726,914.5177198735871,917.8230590820312,2395284,0.0,0.0
2018-01-25,916.0648687038264,928.3015596345585,914.4708040743467,925.9338989257812,4361834,0.0,0.0
2018-01-29,927.3638421103107,940.9367126601873,927.3638421103107,937.5142211914062,4117946,0.0,0.0
2018-01-30,936.6469565450144,938.5691857774793,930.2472901561301,935.568603515625,3198780,0.0,0.0
2018-01-31,932.708724352736,944.0077377285463,931.5834988163008,940.3507690429688,3471674,0.0,0.0
2018-02-01,940.4914254059146,944.710978161973,930.786476959519,933.5291748046875,3260710,0.0,0.0
2018-02-02,931.1146567969352,932.9431411341958,910.2513122715255,913.2987670898438,3673062,0.0,0.0
2018-02-05,899.2335969829303,907.3210732853055,893.537189184553,897.2879028320312,3963392,0.0,0.0
2018-02-06,872.040884543806,896.4205221762135,860.9294187461893,889.294189453125,5374902,0.0,0.0
2018-02-07,894.0763926919984,894.0763926919984,873.1661749227136,878.0421142578125,4182486,0.0,0.0
2018-02-08,883.293019508017,890.1380601237527,875.0883338172578,881.863037109375,2585722,0.0,0.0
2018-02-09,866.3679717513404,874.2444359963972,864.586359893403,867.1181030273438,3204476,0.0,0.0
2018-02-12,872.0408622177997,884.2306807219194,869.767003673877,879.8470458984375,2190554,0.0,0.0
2018-02-14,886.0123233067861,889.8099092958832,878.9093981388131,882.89453125,1788594,0.0,0.0
2018-02-15,885.9653829755156,888.3330437468884,879.0734698643176,882.3084716796875,2457612,0.0,0.0
2018-02-16,883.2461621051832,888.3799283467362,879.3782387849773,880.7612915039062,1791760,0.0,0.0
2018-02-19,882.6366954980116,884.9808915750972,871.595566313748,880.5737915039062,1827276,0.0,0.0
2018-02-20,883.6447066627121,884.1604183507195,871.4783519784393,873.5411987304688,2042034,0.0,0.0
2018-02-21,875.768118396059,876.0494676875313,868.3839013531534,870.8218994140625,1376536,0.0,0.0
2018-02-22,867.352520654532,872.0409126580699,863.3908523040814,868.852783203125,6626798,0.0,0.0
2018-02-23,870.5874791281943,883.691511231461,867.5400244780071,881.675537109375,2038374,0.0,0.0
2018-02-26,885.2151605863069,897.7331998471328,883.0819768578748,896.20947265625,2394442,0.0,0.0
2018-02-27,897.7098052444261,900.9916794508296,890.7944274523617,891.989990234375,2393664,0.0,0.0
2018-02-28,885.8951152392312,888.6612206779087,880.4799996968002,883.3867797851562,2033182,0.0,0.0
2018-03-01,881.0894037651365,887.6531516139187,875.7914986803694,878.7686157226562,1954920,0.0,0.0
2018-03-05,878.6749694614441,880.4799888762899,871.220414978363,876.705810546875,1890732,0.0,0.0
2018-03-06,876.729229368547,881.3707484997078,862.4296349857979,865.5942993164062,2288414,0.0,0.0
2018-03-07,862.6641236572416,868.9465803518844,857.2724728843838,859.1947021484375,2814082,0.0,0.0
2018-03-08,862.570403338046,871.3376736916913,858.9134345995042,868.688720703125,2759362,0.0,0.0
2018-03-09,869.6732146157727,874.502281065461,864.539448483962,867.8447875976562,2054054,0.0,0.0
2018-03-12,872.134663165302,876.4714257962207,868.9465909213814,875.4400024414062,3278558,0.0,0.0
2018-03-13,875.5337002444469,883.6446409180606,869.6966753696789,872.1580810546875,2562100,0.0,0.0
2018-03-14,870.1654410532315,875.7446382476318,866.4147279452434,874.1505737304688,1840196,0.0,0.0
2018-03-15,874.4788483776738,884.9339853755772,874.4788483776738,881.7927856445312,2935462,0.0,0.0
2018-03-16,881.4176915390583,881.9334032101787,865.7350432709687,868.759033203125,3948168,0.0,0.0
2018-03-19,868.7589966596778,872.0408709050192,864.1409422035734,866.0631713867188,3919370,0.0,0.0
2018-03-20,865.0551755101047,870.118661639936,860.4371209482875,862.4296875,1828686,0.0,0.0
2018-03-21,866.4148487510827,873.5411817573618,864.2113273854346,871.5252075195312,2960570,0.0,0.0
2018-03-22,871.5252228953834,881.4177188252911,869.7436109967076,875.6744384765625,3336612,0.0,0.0
2018-03-23,865.7818764586002,868.8058662535394,861.3747767546128,863.3908081054688,3595076,0.0,0.0
2018-03-26,862.6172666328962,890.7944914694224,859.6166842679926,887.7235717773438,5250884,0.0,0.0
2018-03-27,887.8875924826449,890.3255331352921,879.542232839288,887.324951171875,3068418,0.0,0.0
2018-03-28,882.8006720574954,890.653727975291,879.5657276435971,884.2775268554688,4418754,0.0,0.0
2018-04-02,886.3404488922207,907.5554212870226,886.3404488922207,905.4221801757812,2298184,0.0,0.0
2018-04-03,902.0230220280517,902.8434905062403,895.9515781819914,898.2489013671875,2039942,0.0,0.0
2018-04-04,896.8659073269954,902.4919776177163,880.690955241173,882.94140625,1857054,0.0,0.0
2018-04-05,891.4039966012199,897.3582315670409,886.1998356800945,894.9671630859375,2429446,0.0,0.0
2018-04-06,896.5142864972473,903.1952450312942,893.513761431946,901.7653198242188,1860004,0.0,0.0
2018-04-09,899.6086070658089,910.4856527332154,898.4833816305805,909.1026000976562,2001768,0.0,0.0
2018-04-10,910.9545628788424,910.9545628788424,897.1238065201569,900.5697631835938,3033618,0.0,0.0
2018-04-11,898.2490273420337,900.1712565999621,893.3262157825027,899.632080078125,1435406,0.0,0.0
2018-04-12,898.2958329140489,906.2192261850813,893.5605688319084,904.2969970703125,2356258,0.0,0.0
2018-04-13,903.921959466315,909.5480297534497,899.749279223754,902.5154418945312,1648586,0.0,0.0
2018-04-16,900.1712579691248,914.2364338748924,900.1009206433265,910.5325927734375,1423872,0.0,0.0
2018-04-17,911.1889461902034,914.705240039664,906.7818464526105,913.5331420898438,1333916,0.0,0.0
2018-04-18,914.7051426493881,915.877240474413,904.8829857682156,906.0784912109375,1356360,0.0,0.0
2018-04-19,909.5480628404623,911.7985139297203,906.2661883869142,909.0792236328125,1584516,0.0,0.0
2018-04-20,910.0168482492968,919.39363184795,905.8676329531618,917.0025634765625,4680690,0.0,0.0
2018-04-23,927.832713948284,927.832713948284,872.1815275706541,907.555419921875,7652310,0.0,0.0
2018-04-24,907.2037963867188,913.3221704641901,902.9842438453852,907.2037963867188,2518708,0.0,0.0
2018-04-25,903.8750998904451,908.6103643367459,896.4205452073571,900.5228881835938,2010296,0.0,0.0
2018-04-26,898.6709427053856,909.1728943137829,896.0688624229475,904.976806640625,3923740,0.0,0.0
2018-04-27,906.2661646535178,907.4382626419471,896.6549611483977,901.7653198242188,2888504,0.0,0.0
2018-04-30,904.8596634066449,916.4868985543577,904.2970792545791,911.5640869140625,2304776,0.0,0.0
2018-05-02,914.2364804107365,927.3639785909932,912.3611235278426,923.3788452148438,3550024,0.0,0.0
2018-05-03,922.6989383949954,925.910475217923,912.3610119497896,922.6286010742188,2076386,0.0,0.0
2018-05-04,923.6131575529018,932.9899408783119,921.8784755302383,932.2866821289062,3440718,0.0,0.0
2018-05-07,929.0751470267888,931.7240997674486,925.9573551189802,927.0825805664062,2632064,0.0,0.0
2018-05-08,927.9500402877634,928.254797231665,916.3931418928544,922.230224609375,3550282,0.0,0.0
2018-05-09,917.1197204488859,928.5359423764455,917.1197204488859,927.5513916015625,2163666,0.0,0.0
2018-05-10,932.3335691743533,937.2095080260605,929.2392420748633,934.2557983398438,3585836,0.0,0.0
2018-05-11,934.2558462517268,945.6486616470036,931.1146465200541,943.187255859375,3028534,0.0,0.0
2018-05-14,945.7423082963121,950.5245019540373,943.4919147203309,947.8755493164062,2371458,0.0,0.0
2018-05-15,950.3604914638963,968.1529156162179,950.1963519643085,955.4005126953125,4913342,0.0,0.0
2018-05-16,952.0013475652433,960.6514068869895,945.7188915839406,948.6256713867188,3420802,0.0,0.0
2018-05-17,948.8601753958062,958.5182511837426,943.5388620795399,950.6886596679688,3307738,0.0,0.0
2018-05-18,949.2587145729058,949.2587145729058,939.3193463288484,943.3748168945312,2608730,0.0,0.0
2018-05-21,945.2266920441189,947.5240155518451,931.1381085366467,934.4199829101562,2424054,0.0,0.0
2018-05-22,937.0688657658297,944.2186634103186,930.8802113529745,932.943115234375,1980186,0.0,0.0
2018-05-23,931.9585594695815,934.8653395384968,920.5188718524299,922.4411010742188,2863146,0.0,0.0
2018-05-24,922.2536124101046,933.1072517310505,917.2135908268317,931.1146850585938,2260372,0.0,0.0
2018-05-25,932.9899327084879,945.1797509247798,932.94306023854,941.7572021484375,2379794,0.0,0.0
2018-05-28,941.3354164279422,962.0580872271365,940.4914829325711,957.4634399414062,2551970,0.0,0.0
2018-05-29,955.494267481726,962.3861806696493,951.1809698341115,952.9625244140625,1675622,0.0,0.0
2018-05-30,946.9144902708043,962.5268582088147,945.3204828079955,960.3468017578125,2433498,0.0,0.0
2018-05-31,990.8507829400422,1019.1608053097577,981.4141088168037,1009.464599609375,19819596,6.5,0.0
2018-06-01,998.4001509308599,1008.7804927647346,991.3226451350362,995.852294921875,10575678,0.0,0.0
2018-06-04,1014.4425523207499,1017.7453885376082,961.5735581249975,965.4661865234375,44398162,0.0,0.0
2018-06-05,967.259162548953,975.2567213663937,954.5196516275765,973.6761474609375,8552730,0.0,0.0
2018-06-06,972.0717687493581,974.2422498536738,964.8999195256242,970.7271118164062,4891000,0.0,0.0
2018-06-07,978.2056126414356,981.3197611670884,968.7689385561549,973.0154418945312,5281948,0.0,0.0
2018-06-08,971.5057254538823,972.567351428759,960.1817150551968,966.9525756835938,3090444,0.0,0.0
2018-06-11,968.1555722319465,973.3693579210849,961.9746195635985,963.6260375976562,3545594,0.0,0.0
2018-06-12,968.1555265456517,968.5330165458075,961.7858291688988,964.3572998046875,2617128,0.0,0.0
2018-06-13,968.2027978255505,969.5239552862907,955.0386254585445,958.506591796875,3948980,0.0,0.0
2018-06-14,957.822444856112,964.8999506062803,955.4632762727226,961.3140258789062,8463788,0.0,0.0
2018-06-15,955.9351381167021,962.021804760318,954.1893763523826,957.6337280273438,5440408,0.0,0.0
2018-06-18,957.8696815083853,961.9746696793193,947.961172787838,952.703125,3743702,0.0,0.0
2018-06-19,955.4396900700689,962.8710713295884,952.7738755687699,954.7555541992188,5490576,0.0,0.0
2018-06-20,955.9350874911987,971.0337660695394,955.4632537856255,970.1608276367188,4525856,0.0,0.0
2018-06-21,971.9774476057585,977.0732747387577,965.8672240685457,970.8450927734375,6755352,0.0,0.0
2018-06-22,970.5382123493727,985.5661603190541,967.1882625194941,982.9946899414062,3924490,0.0,0.0
2018-06-25,982.8532424506715,989.8127897425396,978.1349053036423,988.468017578125,3496168,0.0,0.0
2018-06-26,984.268813801013,992.2663727969243,981.3434675999506,987.8782958984375,4580966,0.0,0.0
2018-06-27,987.5480329842915,1000.0516272862903,986.1325317425557,996.7960205078125,9563402,0.0,0.0
2018-06-28,997.9283108989246,1009.7241538173516,996.135319736568,1005.4069213867188,18766770,0.0,0.0
2018-06-29,1001.0895038295682,1009.7240832814298,993.2571337951427,994.8377075195312,9729060,0.0,0.0
2018-07-02,994.7906574941898,994.8141570248794,973.5109109044807,978.229248046875,4932438,0.0,0.0
2018-07-03,978.2292770426553,983.7733233493001,974.619795099246,976.7901611328125,3431550,0.0,0.0
2018-07-04,979.6447346251065,994.6490695536045,976.223940247728,992.5258178710938,3048996,0.0,0.0
2018-07-05,993.2098813295504,1004.5338894777258,987.335575141438,1002.0567626953125,4867984,0.0,0.0
2018-07-06,997.1263221557358,1007.624623464283,996.2062693494752,997.9991455078125,4060672,0.0,0.0
2018-07-09,1001.1603711854553,1005.0057697197848,994.507470012618,1002.9532470703125,3091148,0.0,0.0
2018-07-10,1004.958397487269,1014.2536121072851,1002.6464587892108,1012.74365234375,5475368,0.0,0.0
2018-07-11,1012.1070373199476,1017.1320208231382,1007.2707412446197,1013.6168823242188,2928960,0.0,0.0
2018-07-12,1015.8106870646488,1028.526696939104,1015.3860828287061,1021.9681396484375,4010334,0.0,0.0
2018-07-13,1023.1240519656305,1033.6931949594787,1020.6234257478187,1029.02197265625,3580594,0.0,0.0
2018-07-16,1028.3144238057876,1033.3395223357772,1020.930271730749,1023.336669921875,4508668,0.0,0.0
2018-07-17,1020.6943314651869,1029.069380296116,1020.6943314651869,1027.0640869140625,3180962,0.0,0.0
2018-07-18,1031.900270201594,1047.4707818232914,1025.6012444225805,1026.804443359375,8730136,0.0,0.0
2018-07-19,1030.0129774456109,1034.967231345372,1024.3509729887408,1031.4757080078125,2652388,0.0,0.0
2018-07-20,1031.475789281353,1039.3790044584557,1024.3982831526043,1032.86767578125,5003482,0.0,0.0
2018-07-23,1014.4425961292765,1027.6539415672391,1008.8042056686184,1017.4859008789062,8440066,0.0,0.0
2018-07-24,1013.0270276021621,1023.4073697573775,1013.0270276021621,1019.0429077148438,2604396,0.0,0.0
2018-07-25,1021.3547672924667,1027.087615833786,1019.1607866764367,1024.0443115234375,3519308,0.0,0.0
2018-07-26,1021.519946519777,1039.6619289977361,1021.519946519777,1034.5426025390625,10640546,0.0,0.0
2018-07-27,1038.9541182195785,1043.6724548814389,1030.8149874778694,1039.0484619140625,5277298,0.0,0.0
2018-07-30,1037.5623779099924,1037.5623779099924,1018.8777160229134,1023.8319702148438,3584560,0.0,0.0
2018-07-31,1019.1608149088094,1031.3812619359921,1014.4660925270358,1028.361572265625,4430472,0.0,0.0
2018-08-01,1020.4820497893863,1026.2383984569162,1015.2446491266437,1018.5474853515625,3035780,0.0,0.0
2018-08-02,1016.0939073119442,1016.1882510163798,1000.9244994214597,1005.1001586914062,4452852,0.0,0.0
2018-08-03,1006.6808694613331,1013.0506247643281,997.456497076388,1001.0659790039062,6802004,0.0,0.0
2018-08-06,1000.7592852359878,1008.4973118967475,993.7290091305578,997.5980224609375,2872316,0.0,0.0
2018-08-07,1002.6467079395602,1007.1291285162312,994.6255342760437,1005.4304809570312,3714228,0.0,0.0
2018-08-08,1007.7661583209432,1015.2918835745674,1006.4450007857178,1008.0020751953125,4972690,0.0,0.0
2018-08-09,1010.6677423566756,1010.6677423566756,988.3263715356624,999.5796508789062,4472204,0.0,0.0
2018-08-10,1001.9389416054222,1002.0805147654323,989.9071812988819,997.6688232421875,2721470,0.0,0.0
2018-08-13,983.3015894674206,992.7146502625751,981.4142543628766,986.9110717773438,5027126,0.0,0.0
2018-08-14,989.9070372471325,993.2098729290819,984.8112105848,985.707763671875,2467982,0.0,0.0
2018-08-16,982.829663186611,984.5754249552432,974.9971771624357,979.38525390625,5312580,0.0,0.0
2018-08-17,982.7823421362122,987.5715231831338,977.4742131490287,980.1637573242188,3032664,0.0,0.0
2018-08-20,979.0549486753781,994.4367737055719,979.0549486753781,989.0578002929688,3905568,0.0,0.0
2018-08-21,989.9071743249399,996.512846603562,987.3828177695248,988.9871215820312,3888160,0.0,0.0
2018-08-23,993.2099544620608,994.1536218772266,979.9278816711118,981.3668823242188,6287276,0.0,0.0
2018-08-24,977.1676847989398,987.831173501493,974.8321308025666,976.6251220703125,4857314,0.0,0.0
2018-08-27,979.9986005729257,985.4246881543357,976.8137230794895,981.6264038085938,6287394,0.0,0.0
2018-08-28,985.188791430249,990.0250869820497,980.847944315193,988.4208984375,4986766,0.0,0.0
2018-08-29,987.1469053214119,988.0434585366507,977.9933769147156,980.7064208984375,4936846,0.0,0.0
2018-08-30,983.112803142418,985.1415960206906,972.850419543761,974.855712890625,10913730,0.0,0.0
2018-08-31,976.3183098948227,980.8243449573151,971.1517537021738,972.5436401367188,7885750,0.0,0.0
2018-09-03,976.412744435467,980.9187799171548,973.6289713074033,979.0786743164062,3830804,0.0,0.0
2018-09-04,979.9514168475133,980.4468652972528,966.7873020046113,968.1084594726562,3565268,0.0,0.0
2018-09-05,969.0521381037731,972.0718278994789,960.4411725277986,965.301025390625,2820754,0.0,0.0
2018-09-06,966.787274303455,971.5056114157218,959.0491899199599,968.297119140625,5201206,0.0,0.0
2018-09-07,967.7309425327411,971.9774459373216,962.8946469886355,970.538330078125,2959650,0.0,0.0
2018-09-10,969.6183207373724,969.6183207373724,955.5104806096987,963.0834350585938,4299296,0.0,0.0
2018-09-11,965.5133808101541,966.3154751091349,940.907240371371,943.856201171875,9093268,0.0,0.0
2018-09-12,944.5639444727807,953.7410873743531,938.7368094953434,949.2586669921875,6123004,0.0,0.0
2018-09-14,953.0333491543735,961.3140541644764,952.6086872774903,957.6337280273438,5167336,0.0,0.0
2018-09-17,953.7175909497914,954.4960705671525,938.0055038871693,939.9871826171875,4669110,0.0,0.0
2018-09-18,941.2610809472685,948.3149718831219,934.6789661252028,938.5715942382812,4662868,0.0,0.0
2018-09-19,941.2375215452864,942.7238093406523,923.1427091966898,925.4310913085938,8356132,0.0,0.0
2018-09-21,931.3525145137473,943.5965754978436,901.2966744737068,929.6303100585938,11305074,0.0,0.0
2018-09-24,928.2148201426353,930.5503738530009,903.5615100130368,908.610107421875,6695396,0.0,0.0
2018-09-25,908.6100753002488,925.7376605603793,903.5614780698911,921.2080688476562,8341276,0.0,0.0
2018-09-26,926.1859589574545,933.2870793390067,922.5764771497563,928.6630859375,7363362,0.0,0.0
2018-09-27,929.2292462454229,937.0616736904274,922.5056164115415,932.4141235351562,9176104,0.0,0.0
2018-09-28,934.5375062420685,950.9572857936193,932.8860881563241,946.5220947265625,7230358,0.0,0.0
2018-10-01,948.2914320760553,963.4844547985698,942.629427444526,960.3939208984375,6224794,0.0,0.0
2018-10-03,958.0347941286267,968.297177971317,946.9703159668736,958.3651123046875,7666074,0.0,0.0
2018-10-04,947.44212779139,952.0661213741481,916.7729354077045,923.7324829101562,8985292,0.0,0.0
2018-10-05,921.9395018792887,938.9491310355486,915.4282309056192,927.2948608398438,7864590,0.0,0.0
2018-10-08,927.1533501240159,929.0406851878815,910.6391683151911,917.7166748046875,10064010,0.0,0.0
2018-10-09,917.4334329447113,927.1531953820107,910.6390163294049,915.6404418945312,6229682,0.0,0.0
2018-10-10,917.7165357225766,935.2923408411709,913.234115625217,928.1676635742188,7969966,0.0,0.0
2018-10-11,908.2800012726486,919.2737510800575,904.7884198782474,914.2015380859375,7179952,0.0,0.0
2018-10-12,917.7165767957074,942.2991018578496,916.3010756489788,935.1036376953125,4800160,0.0,0.0
2018-10-15,938.9491372798427,948.7633020549918,929.6540356932663,947.4657592773438,6292984,0.0,0.0
2018-10-16,945.0830000328339,952.2548499848399,937.7695769172527,940.2467041015625,4703002,0.0,0.0
2018-10-17,946.5456236570506,949.8012878770503,926.4455185030245,931.682861328125,3970398,0.0,0.0
2018-10-19,924.2751495079949,934.6318773390369,923.8504876112668,928.4508666992188,4933674,0.0,0.0
2018-10-22,950.2731151758331,953.104117505056,938.2885271294114,943.1484375,10165580,0.0,0.0
2018-10-23,930.9279468724606,943.1484519671031,930.9279468724606,936.5191650390625,9714282,0.0,0.0
2018-10-24,945.5547884772243,947.8196134045486,930.7391979367958,940.0107421875,9036168,0.0,0.0
2018-10-25,931.2109952692642,945.3660065195983,925.9500379018458,928.9462280273438,14923528,0.0,0.0
2018-10-26,928.9462116900496,932.9095686929294,919.6038813903766,925.3602294921875,7577856,0.0,0.0
2018-10-29,926.7286526937993,927.1296998601196,894.2192959454161,908.8933715820312,8522140,0.0,0.0
2018-10-30,908.2799019774274,911.582737984618,896.1537985326402,902.4999389648438,6914352,0.0,0.0
2018-10-31,897.4513730451034,904.9299261783898,889.4065848752473,902.0281372070312,11724702,0.0,0.0
2018-11-01,910.6390191424794,910.6390191424794,894.596673727534,902.2403564453125,9814526,0.0,0.0
2018-11-02,908.7517454405146,924.7940919332339,902.1460733552772,919.8162231445312,15046434,0.0,0.0
2018-11-05,920.0285641648835,924.6289428449664,914.4137314872507,922.90673828125,2852648,0.0,0.0
2018-11-06,922.4349701476308,932.3434787783726,916.7493504898052,918.447998046875,4242794,0.0,0.0
2018-11-07,925.2659591997918,927.1296794240842,920.0757880875034,923.8268432617188,479380,0.0,0.0
2018-11-09,923.944710120528,924.7468619528762,913.6115983713653,917.9052734375,5050810,0.0,0.0
2018-11-12,920.7835125907068,925.7377666938082,904.5760356870816,906.4161987304688,3953882,0.0,0.0
2018-11-13,905.4489693219305,914.272237438108,900.3531417658845,909.5775146484375,6675210,0.0,0.0
2018-11-14,914.6732983525009,924.7941088003607,913.7531880228559,923.7324829101562,13055318,0.0,0.0
2018-11-15,925.6905860276311,932.9568368290453,911.2052562773858,931.9423828125,5196262,0.0,0.0
2018-11-16,934.7026616845397,949.8013417319428,934.2308279330584,945.6964111328125,7906608,0.0,0.0
2018-11-19,948.8575618766279,953.5758988327523,944.5638867659319,950.2258911132812,6143214,0.0,0.0
2018-11-20,949.8012796319784,952.915370668771,943.2192222679196,949.541748046875,2852584,0.0,0.0
2018-11-21,949.683340879269,954.9678556210855,945.5547957381966,952.5143432617188,3272802,0.0,0.0
2018-11-22,949.9192234858169,960.181606752086,943.7382133597636,946.2625122070312,6487276,0.0,0.0
2018-11-26,950.2258926671551,968.2027449800089,949.3530118482221,967.1647338867188,9092218,0.0,0.0
2018-11-27,963.0361858365494,975.7048514260109,962.8946126893509,973.86474609375,6447720,0.0,0.0
2018-11-28,974.3366574767504,990.1903169640545,972.0247182653354,985.7786254882812,6510554,0.0,0.0
2018-11-29,991.3225951023402,1008.4972955558757,988.0197592309854,1005.501220703125,15954318,0.0,0.0
2018-11-30,1005.0057182554381,1008.568085506787,995.5690448445888,1004.2743530273438,6520462,0.0,0.0
2018-12-03,1005.4775929384639,1010.6677635261331,994.1063549370616,997.1261596679688,5399928,0.0,0.0
2018-12-04,993.3986055154311,996.0409202587139,980.7535547699591,984.0327758789062,4078710,0.0,0.0
2018-12-05,980.4704757544,993.3515594226532,979.5031935841249,990.4733276367188,5899422,0.0,0.0
2018-12-06,985.9908994281303,991.6292893306959,983.7733039878726,989.4589233398438,5865126,0.0,0.0
2018-12-07,994.0119871162029,999.3437307201776,981.5556240855836,994.4367065429688,4951960,0.0,0.0
2018-12-10,974.7612775708443,993.1156791765486,974.7612775708443,985.542724609375,5457528,0.0,0.0
2018-12-11,970.0901040159594,977.3091827898529,958.7660950196641,971.76513671875,9452890,0.0,0.0
2018-12-12,975.2566613234135,986.0381076465399,972.0246695345386,983.9148559570312,5685244,0.0,0.0
2018-12-13,988.4917187322999,1002.646731411044,986.7459568740123,991.4642944335938,3532118,0.0,0.0
2018-12-14,993.1627465793273,999.3438143603898,985.2124175501873,988.8218994140625,3079142,0.0,0.0
2018-12-17,992.7381383721062,1006.2326287259684,990.3789697923246,1005.1001586914062,4218662,0.0,0.0
2018-12-18,1002.1748582882226,1009.2523643495801,992.077662384866,1007.5773315429688,3706984,0.0,0.0
2018-12-19,1006.4685476878888,1018.8776822884577,997.2441754829041,1001.915283203125,4504948,0.0,0.0
2018-12-20,996.7723218193371,1009.9364361810958,992.1010989988145,1008.5209350585938,3990238,0.0,0.0
2018-12-21,1006.8931407253388,1014.0178758492192,995.1209126576757,996.1116943359375,5110154,0.0,0.0
2018-12-24,992.7382508235413,992.7382508235413,980.1639269464725,981.7208862304688,2800744,0.0,0.0
2018-12-26,979.9987163162796,1003.5904042391558,976.2240462486194,1001.3964233398438,3800958,0.0,0.0
2018-12-27,1006.421434486334,1008.8749470590753,990.1195546442457,993.2337036132812,5819934,0.0,0.0
2018-12-28,999.0371767183406,1008.6625385635023,998.1642382556843,1001.65576171875,4707806,0.0,0.0
2018-12-31,1008.3086172253027,1008.3086172253027,998.7303700734576,1001.0895385742188,2933264,0.0,0.0
2019-01-01,1003.896989608944,1014.9143532825269,993.493148016931,1013.5460815429688,3186720,0.0,0.0
2019-01-02,1011.0454639807004,1013.2630597455753,1000.1460574002145,1004.2982177734375,4067116,0.0,0.0
2019-01-03,1002.269210381895,1004.1801600732052,992.266358103583,996.4185180664062,6385832,0.0,0.0
2019-01-04,998.0462174315338,1004.2980138532182,995.7342784172502,999.084228515625,3643560,0.0,0.0
2019-01-07,1003.9206281604696,1007.5302253970929,999.3438639093678,1000.5941772460938,2693506,0.0,0.0
2019-01-08,1001.2311985017683,1001.9389491133388,989.2701670887126,992.266357421875,4171730,0.0,0.0
2019-01-09,999.3438263552152,1000.9245154064241,992.0776330909565,998.7776489257812,4284314,0.0,0.0
2019-01-10,998.8720370232281,1002.0805295243177,987.3828392680969,994.8614501953125,3845770,0.0,0.0
2019-01-11,997.3620682561572,1002.1747488133996,994.6254098392873,996.4655151367188,3204020,0.0,0.0
2019-01-14,995.5219618507115,995.5219618507115,990.1194885669989,991.6293334960938,2427580,0.0,0.0
2019-01-15,993.2336911632233,1003.3545023950381,991.7945751396051,1001.1840209960938,2543778,0.0,0.0
2019-01-16,1000.3109238640765,1002.6464773254476,994.743263915941,1000.3816528320312,2626226,0.0,0.0
2019-01-17,1002.7646136875148,1007.7895967292935,997.1498384955846,1006.091064453125,4120114,0.0,0.0
2019-01-18,1007.3649894607807,1009.2523243356487,997.716012951774,1005.123779296875,2603988,0.0,0.0
2019-01-21,1009.7005057323124,1022.2277135365393,1003.3543654906305,1013.5695190429688,8780756,0.0,0.0
2019-01-22,1012.5550568889867,1012.9325468641387,1004.5574992127968,1007.7659912109375,4398488,0.0,0.0
2019-01-23,1006.8931104310229,1007.766048848878,991.5349005391614,993.3986206054688,3812144,0.0,0.0
2019-01-24,995.5693095753062,1001.0661272212716,989.8600745660992,991.91259765625,5055786,0.0,0.0
2019-01-25,987.5479997824167,995.5691732159098,986.1324985882709,988.9635009765625,5631118,0.0,0.0
2019-01-28,986.1324656968436,991.8180850091145,979.880668964555,983.3721923828125,7680218,0.0,0.0
2019-01-29,980.5884128576056,982.829622991648,968.6746116187486,970.8450927734375,7381394,0.0,0.0
2019-01-30,970.6799123987853,970.6799123987853,956.8787762035419,960.0400390625,9257080,0.0,0.0
2019-01-31,958.2943254425888,986.0145576532004,954.0478217847931,981.3905639648438,8289702,0.0,0.0
2019-02-01,981.3905942126869,998.8720578481732,979.8100202520624,986.3448486328125,7827094,0.0,0.0
2019-02-04,988.491672871961,996.9846800851807,982.6644801787111,993.1627807617188,3969144,0.0,0.0
2019-02-05,994.6255463441038,999.8157176011176,989.4353750870899,997.4801635742188,4345144,0.0,0.0
2019-02-06,998.5180910882715,1003.5903034824588,997.2677778314013,1001.5377807617188,5437842,0.0,0.0
2019-02-07,1002.6702552006635,1005.0058090420762,993.6110709466454,998.9899291992188,3608654,0.0,0.0
2019-02-08,996.512797816151,1012.0596955577186,993.9884413843237,1001.5377807617188,6117822,0.0,0.0
2019-02-11,997.1263312818152,1011.0925417869827,997.1263312818152,1009.55908203125,3518182,0.0,0.0
2019-02-12,1008.7805620289959,1013.4988995501792,1002.5523795397913,1004.8643188476562,4886194,0.0,0.0
2019-02-14,1009.7240575705404,1009.7240575705404,993.4930253394368,995.6633911132812,3720694,0.0,0.0
2019-02-15,994.3189712828407,994.6728466210161,980.5649473561454,991.1575927734375,4208262,0.0,0.0
2019-02-18,994.0592022080048,999.3437162903333,984.2450388015275,986.0851440429688,3569372,0.0,0.0
2019-02-19,985.990887644823,994.6961966164575,980.5647999418699,983.3250732421875,2634318,0.0,0.0
2019-02-20,985.4247041849733,996.0409626691303,982.3105556187764,994.7906494140625,2446250,0.0,0.0
2019-02-21,991.6529502264647,1000.2639159980259,987.8311660413848,998.3529663085938,2630772,0.0,0.0
2019-02-22,1000.0043803568892,1004.1094260412074,985.7079102202479,986.816650390625,4445354,0.0,0.0
2019-02-25,988.5623573356564,1004.9821935805205,988.5623573356564,1002.8353271484375,4070298,0.0,0.0
2019-02-26,996.1590008186024,1002.6467148559053,991.3699343522169,995.8758544921875,4803714,0.0,0.0
2019-02-27,998.4473102643279,1002.387052431067,985.2594665692035,987.1940307617188,3515046,0.0,0.0
2019-02-28,987.5952161756774,993.6110961712589,978.2056559290505,980.2581787109375,5822688,0.0,0.0
2019-03-01,984.3629614616186,991.27527842086,979.9985001585534,982.9946899414062,4676464,0.0,0.0
2019-03-05,985.6134614413587,996.088262709757,976.6958497601928,994.200927734375,5918638,0.0,0.0
2019-03-06,995.5691841218851,995.7107572816069,986.3920409847315,992.8561401367188,4229022,0.0,0.0
2019-03-07,995.3803660584399,1005.0057269432056,988.4915483314628,1003.3543090820312,5102426,0.0,0.0
2019-03-08,997.9519874935355,1005.0058789573192,995.3096724384809,1004.1565551757812,3526730,0.0,0.0
2019-03-11,1005.9493855965229,1011.4698165031162,1001.3253925864534,1004.2743530273438,4612054,0.0,0.0
2019-03-12,1013.027064185931,1026.2384092242198,1008.3087266722564,1024.35107421875,7548646,0.0,0.0
2019-03-13,1026.2383498526142,1054.0765395727542,1024.870078130323,1050.5614013671875,28583174,0.0,0.0
2019-03-14,1059.1959396892619,1060.446252931114,1043.0356352786318,1049.7120361328125,7689932,0.0,0.0
2019-03-15,1052.6610398916896,1066.2969884591214,1051.269153442467,1063.0413818359375,6381544,0.0,0.0
2019-03-18,1067.2405003486188,1081.277551613563,1060.2102249522532,1067.0281982421875,7179360,0.0,0.0
2019-03-19,1070.826807781796,1073.8464980205592,1062.0978824925414,1070.0010986328125,5978996,0.0,0.0
2019-03-20,1070.5907158704363,1085.21756126135,1066.8396608170062,1084.7457275390625,5855996,0.0,0.0
2019-03-22,1085.2176366040944,1088.5204728894114,1071.4401139955305,1073.96435546875,15201940,0.0,0.0
2019-03-25,1066.3443267779335,1079.4849434310104,1063.0414903675594,1076.3944091796875,4599630,0.0,0.0
2019-03-26,1073.84639924105,1092.295145178821,1072.289440001225,1090.572998046875,5893424,0.0,0.0
2019-03-27,1093.9702008883776,1098.4526216641086,1075.3327671366535,1084.9581298828125,6942650,0.0,0.0
2019-03-28,1084.6513614388796,1097.0133816688221,1079.4848053252592,1086.5386962890625,9777164,0.0,0.0
2019-04-01,1097.1312963921828,1100.3161738249953,1087.3879766937546,1090.78515625,4823538,0.0,0.0
2019-04-02,1094.654415787047,1094.654415787047,1078.3525349614586,1082.787841796875,5455248,0.0,0.0
2019-04-03,1081.4899850559266,1092.7667635242885,1079.6733793758433,1081.796630859375,3829726,0.0,0.0
2019-04-04,1081.7968132937483,1091.3514465809355,1075.7809330758896,1077.6446533203125,4605776,0.0,0.0
2019-04-05,1079.461200085387,1091.7052619947735,1076.7245414898211,1087.85986328125,4175590,0.0,0.0
2019-04-08,1094.18238853872,1096.0461086800972,1075.828103044797,1080.216064453125,3199066,0.0,0.0
2019-04-09,1083.6133514507076,1086.633041136668,1069.6470274671412,1079.20166015625,5388800,0.0,0.0
2019-04-10,1061.625754322315,1077.6680990542968,1052.6609146191488,1055.6571044921875,54064350,0.0,0.0
2019-04-11,1059.2195216232492,1067.7597584332607,1055.4684664120969,1065.1646728515625,4396650,0.0,0.0
2019-04-12,1062.6167219842116,1072.1005102391669,1062.6167219842116,1068.8212890625,4585222,0.0,0.0
2019-04-15,1071.0624868998952,1081.8674324303188,1068.3966726025214,1079.9329833984375,5109890,0.0,0.0
2019-04-16,1080.9474402522412,1089.888666227809,1075.922457200331,1087.600341796875,4136888,0.0,0.0
2019-04-18,1091.3514646947935,1092.3187469218883,1079.5556209345818,1082.221435546875,5307428,0.0,0.0
2019-04-22,1097.013482240429,1097.013482240429,1066.8161218690798,1070.44921875,10490210,0.0,0.0
2019-04-23,1074.6248395690304,1080.4991459482042,1057.6624415174624,1059.408203125,7641200,0.0,0.0
2019-04-24,1061.6259101661024,1077.6210278017581,1060.2340236781968,1075.6629638671875,6177064,0.0,0.0
2019-04-25,1079.036647295462,1084.6515385076507,1065.377082126102,1067.97216796875,9043318,0.0,0.0
2019-04-26,1069.128005284337,1078.1400756263854,1064.8815017041893,1076.2291259765625,5853784,0.0,0.0
2019-04-30,1078.1400683713862,1094.6542488497225,1075.0259196893874,1093.4510498046875,6268418,0.0,0.0
2019-05-02,1096.3056462725963,1113.3623891396744,1093.4746439581415,1111.5458984375,8584650,0.0,0.0
2019-05-03,1115.5093099906314,1122.0206386701147,1111.8762132153597,1117.2786865234375,6175760,0.0,0.0
2019-05-06,1107.8656078938645,1109.7057133797186,1093.2623768592332,1098.6412353515625,6874046,0.0,0.0
2019-05-07,1109.705655486541,1112.583887192497,1093.7105388092486,1095.7630615234375,4962102,0.0,0.0
2019-05-08,1095.8572614419006,1096.447053501492,1079.555385876043,1088.63818359375,6032104,0.0,0.0
2019-05-09,1085.2176836297997,1085.2176836297997,1071.8176504833662,1080.9239501953125,4513862,0.0,0.0
2019-05-10,1081.1362644747765,1096.9661939782616,1081.1362644747765,1083.566162109375,5297100,0.0,0.0
2019-05-13,1083.3538752372872,1091.516621928854,1075.7809207171663,1079.1781005859375,5535816,0.0,0.0
2019-05-14,1083.6604604747356,1090.4077055774274,1073.681223569571,1079.50830078125,5247372,0.0,0.0
2019-05-15,1083.3302152829876,1088.6147298797587,1076.8188869433152,1078.942138671875,4478174,0.0,0.0
2019-05-16,1076.0406686244082,1094.1826564263513,1075.7811369780425,1090.2427978515625,4025068,0.0,0.0
2019-05-17,1091.3513517913188,1117.915612229923,1090.6908306865946,1114.5184326171875,7379390,0.0,0.0
2019-05-20,1136.1755977623397,1150.6608699276137,1122.9642536023125,1147.664794921875,8849816,0.0,0.0
2019-05-21,1150.3305248916897,1155.7093828272107,1132.1413132825603,1134.1466064453125,5162588,0.0,0.0
2019-05-22,1137.9921231674923,1144.668523755748,1129.6878042053584,1135.1138916015625,5693330,0.0,0.0
2019-05-23,1136.6472421982517,1151.2268556408496,1094.2294439114457,1100.36328125,16540998,0.0,0.0
2019-05-24,1113.3860604472832,1125.8660399123214,1104.161687731808,1119.82666015625,6846400,0.0,0.0
2019-05-27,1122.4452246794824,1142.7340752585528,1119.3075764232556,1136.3408203125,6024512,0.0,0.0
2019-05-28,1140.1861288119187,1141.8375467514352,1126.2906494738843,1140.0445556640625,3682420,0.0,0.0
2019-05-29,1137.213736759343,1146.93355856163,1137.213736759343,1140.375,3737608,0.0,0.0
2019-05-30,1139.9501833243817,1155.0016318031844,1138.5582969919408,1151.0618896484375,4679600,0.0,0.0
2019-05-31,1159.201085667238,1163.0700990635012,1112.0177145084754,1144.3619384765625,9892540,0.0,0.0
2019-06-03,1145.1404106621815,1160.6165793415298,1144.1731285208891,1159.3426513671875,4240430,0.0,0.0
2019-06-04,1158.3516866888258,1163.423898758848,1151.769629878574,1157.0777587890625,3221494,0.0,0.0
2019-06-06,1157.5025029227493,1165.4293327592206,1138.6999975813455,1143.4183349609375,7817462,0.0,0.0
2019-06-07,1144.50344694942,1157.9979377739369,1136.647461382261,1154.8837890625,3985466,0.0,0.0
2019-06-10,1165.405705901913,1165.405705901913,1147.5468682223348,1151.36865234375,3538570,0.0,0.0
2019-06-11,1156.7002793298318,1160.663636208216,1151.439379817078,1155.237548828125,3551646,0.0,0.0
2019-06-12,1153.6335777774045,1155.2377665319705,1143.5598806219539,1145.1641845703125,3654310,0.0,0.0
2019-06-13,1149.3632764214433,1156.9362303316595,1139.926602438314,1153.4918212890625,5553974,0.0,0.0
2019-06-14,1152.6662281380325,1160.2155680831106,1144.196835425905,1148.96240234375,5978460,0.0,0.0
2019-06-17,1148.914965527989,1151.2269043913811,1140.5635327598238,1142.7811279296875,6405010,0.0,0.0
2019-06-18,1140.8939143461062,1147.4995863067534,1134.2882423854587,1140.5400390625,6209826,0.0,0.0
2019-06-19,1145.1405662200314,1153.5863446729384,1140.2806553229846,1145.777587890625,5372138,0.0,0.0
2019-06-20,1152.8989956592088,1157.0056785194292,1146.3709578751948,1151.949462890625,5585746,7.5,0.0
2019-06-21,1151.7832970270808,1153.5399095413352,1142.121754334031,1146.1810302734375,6625130,0.0,0.0
2019-06-24,1145.1127055342351,1153.9671677460055,1144.1869343087583,1147.9613037109375,3457500,0.0,0.0
2019-06-25,1148.8634506339267,1159.1420962147497,1140.8635909088853,1153.0650634765625,4449900,0.0,0.0
2019-06-26,1151.1660188778237,1172.6729590826271,1149.8841728332482,1171.6759033203125,5266818,0.0,0.0
2019-06-27,1172.0794317030422,1184.30466526916,1166.0973293029044,1169.0172119140625,9939618,0.0,0.0
2019-06-28,1169.82422314578,1175.0466527133951,1157.0292938870725,1160.210205078125,6378422,0.0,0.0
2019-07-01,1166.0261729588788,1181.693462742121,1163.2013363162755,1180.0555419921875,4262080,0.0,0.0
2019-07-02,1181.2186278807615,1185.728908011335,1171.343465044503,1184.5419921875,3623414,0.0,0.0
2019-07-03,1186.4410646969495,1188.4825831082699,1178.8448033783616,1182.001953125,3731628,0.0,0.0
2019-07-04,1184.4470388975556,1185.9187449444282,1173.6223436143093,1179.224609375,3996982,0.0,0.0
2019-07-05,1179.8420038190127,1184.5183832212585,1167.9253210492795,1173.8123779296875,3791530,0.0,0.0
2019-07-08,1174.8329969298416,1174.8567584273173,1138.038607862956,1143.9969482421875,7303570,0.0,0.0
2019-07-09,1141.2671044433373,1144.5667073003049,1126.6205165973354,1129.540283203125,8241344,0.0,0.0
2019-07-10,1129.350602481828,1138.489855912317,1123.41602233216,1134.0982666015625,5784574,0.0,0.0
2019-07-11,1140.8635063023305,1146.0859360024244,1137.3739273660951,1142.833740234375,4548798,0.0,0.0
2019-07-12,1147.9850059365162,1147.9850059365162,1132.3414782724747,1136.5430908203125,4488136,0.0,0.0
2019-07-15,1137.540113178894,1140.8634774494499,1128.6857675933827,1136.9466552734375,4116592,0.0,0.0
2019-07-16,1147.985114793164,1147.985114793164,1130.8935249947547,1135.2613525390625,6385284,0.0,0.0
2019-07-17,1136.092188979407,1144.9466515367387,1135.308870814146,1138.2286376953125,3879868,0.0,0.0
2019-07-18,1140.8636148260648,1153.2075407459474,1140.341325442473,1145.0889892578125,5401292,0.0,0.0
2019-07-19,1146.5607648277166,1149.2669099105763,1123.7719794398365,1127.878662109375,4469614,0.0,0.0
2019-07-22,1113.327199927818,1115.6298633150286,1083.060842147264,1090.6571044921875,11085648,0.0,0.0
2019-07-23,1089.3515480467886,1089.3515480467886,1064.450072560164,1074.6337890625,13901432,0.0,0.0
2019-07-24,1071.428970156593,1088.6392505014148,1068.6990636191385,1082.89453125,8681870,0.0,0.0
2019-07-25,1084.8411937916162,1099.2978070871056,1082.5860534544126,1085.3397216796875,9731004,0.0,0.0
2019-07-26,1081.6126681529283,1088.9477850294115,1079.0727377432704,1081.1854248046875,6414914,0.0,0.0
2019-07-29,1079.404981152189,1079.404981152189,1055.429282189115,1065.51806640625,4988246,0.0,0.0
2019-07-30,1070.5982101123702,1078.289402453176,1063.4291912550295,1069.2926025390625,5197068,0.0,0.0
2019-07-31,1063.4767083772554,1076.2954008443028,1060.746801648162,1069.0076904296875,6945920,0.0,0.0
2019-08-01,1058.3016326900452,1063.4765391281549,1043.0615877073913,1054.8358154296875,9120838,0.0,0.0
2019-08-02,1049.7083146177422,1055.8802766666026,1035.9400915856686,1051.298828125,13912768,0.0,0.0
2019-08-05,1043.0855083818267,1044.4860460343295,1026.6823066132897,1034.6346435546875,9911220,0.0,0.0
2019-08-06,1028.8185319019994,1049.3521735747088,1028.8185319019994,1039.3109130859375,12445470,0.0,0.0
2019-08-07,1039.7383687784384,1045.43556531969,1027.8692093174973,1036.8897705078125,9375068,0.0,0.0
2019-08-08,1043.5364955348114,1064.900982477062,1036.4149998873945,1060.2244873046875,9855800,0.0,0.0
2019-08-09,1066.7999267578125,1086.7401123046875,1063.3816324174404,1083.416748046875,15218056,0.0,0.0
2019-08-13,1079.286314780196,1079.286314780196,1045.7203586298992,1054.1474609375,7720034,0.0,0.0
2019-08-14,1061.2926099249241,1061.2926099249241,1045.933988663337,1058.4677734375,7127026,0.0,0.0
2019-08-16,1051.1326871502815,1060.1532476994482,1046.4325467017218,1057.636962890625,7623780,0.0,0.0
2019-08-19,1062.7644676974592,1064.4261499118622,1045.2930429469286,1047.7381591796875,4249100,0.0,0.0
2019-08-20,1048.8774693043147,1057.6844075278364,1047.7380765253672,1054.26611328125,5135296,0.0,0.0
2019-08-21,1056.3076682754947,1064.0463834205113,1051.2276912117543,1056.7587890625,5236356,0.0,0.0
2019-08-22,1054.385026909917,1054.385026909917,1028.8425708966713,1032.189697265625,6996022,0.0,0.0
2019-08-23,1025.9700200453376,1033.5662811840352,1015.8100671362282,1026.777099609375,10049808,0.0,0.0
2019-08-26,1042.0646043358468,1075.89170641902,1028.8186696734945,1071.14404296875,12640122,0.0,0.0
2019-08-27,1071.0729381948643,1079.0964435399558,1063.524199223086,1072.9482421875,10330416,0.0,0.0
2019-08-28,1068.2242693704811,1071.7138483476585,1056.9960917474432,1067.037353515625,6831294,0.0,0.0
2019-08-29,1066.325328914804,1069.9810069940459,1054.1238556795217,1057.281005859375,7391858,0.0,0.0
2019-08-30,1060.3907139060168,1072.9720230255643,1054.9309005145149,1057.7557373046875,9616660,0.0,0.0
2019-09-03,1053.9814738234138,1054.456240253064,1042.6582481123478,1049.684814453125,5714338,0.0,0.0
2019-09-04,1047.809397993914,1079.6187453729772,1044.011266963578,1067.1561279296875,7530352,0.0,0.0
2019-09-05,1067.749387614042,1078.858872450755,1056.354996639059,1061.173828125,8648126,0.0,0.0
2019-09-06,1057.7794385732857,1071.35780268548,1054.5985271778393,1066.2777099609375,6435002,0.0,0.0
2019-09-09,1066.325340484778,1073.3993135212381,1052.1298714076806,1068.0345458984375,5321702,0.0,0.0
2019-09-11,1079.618849460354,1079.618849460354,1064.0227260494917,1068.8416748046875,7604558,0.0,0.0
2019-09-12,1068.5565578313212,1086.6452014034694,1067.3458805055122,1078.1231689453125,9066150,0.0,0.0
2019-09-13,1068.6990108165076,1076.508893777575,1062.5270485150352,1071.76123046875,7685670,0.0,0.0
2019-09-16,1069.126216277749,1074.2299541539417,1063.951309818345,1065.44677734375,5515092,0.0,0.0
2019-09-17,1067.2271273857016,1067.5120335317283,1043.583858196715,1049.87451171875,5328278,0.0,0.0
2019-09-18,1052.6995359720088,1055.9516161860445,1034.9907265062566,1038.670166015625,6479942,0.0,0.0
2019-09-19,1044.3911683756064,1051.1803511976495,1029.2935734066002,1045.483154296875,5311655,0.0,2.0
2019-09-20,1052.0822727058571,1148.839681798212,1049.6135107713508,1139.0594482421875,23075017,0.0,0.0
2019-09-23,1195.9840205149994,1217.9656109292646,1166.9757486655524,1193.800048828125,20960205,0.0,0.0
2019-09-24,1186.9158992243308,1198.262768857013,1165.598936038164,1190.524169921875,11689524,0.0,0.0
2019-09-25,1186.8209230244217,1186.8209230244217,1168.0201295472473,1177.1356201171875,7804488,0.0,0.0
2019-09-26,1177.2307415506489,1210.6542477521377,1173.954784040288,1179.79443359375,15335780,0.0,0.0
2019-09-27,1185.2542232336646,1190.2392700367702,1175.1416765368417,1181.4085693359375,7436585,0.0,0.0
2019-09-30,1166.7859903713784,1177.4207117262888,1155.1066901734116,1165.5040283203125,9109229,0.0,0.0
2019-10-01,1169.3496474643139,1191.6636683456873,1159.4744831263486,1185.776611328125,9384176,0.0,0.0
2019-10-03,1177.3731485060182,1181.028942512309,1154.9641976172989,1161.8009033203125,8149438,0.0,0.0
2019-10-04,1174.2395625447784,1177.040637469135,1125.4810846582918,1129.658935546875,9201816,0.0,0.0
2019-10-07,1140.5787375920095,1158.2875472547964,1121.5406747549875,1127.00048828125,11256610,0.0,0.0
2019-10-09,1136.6856621347729,1167.8303835286574,1129.944002612065,1166.168701171875,8713635,0.0,0.0
2019-10-10,1160.1391180540638,1164.0795860952185,1136.7805205271286,1139.9615478515625,5778429,0.0,0.0
2019-10-11,1152.1630819657091,1162.2281061078938,1128.9469362806872,1138.2999267578125,8593159,0.0,0.0
2019-10-14,1147.9850146633362,1158.334944098248,1136.9704587136944,1143.6171875,6133901,0.0,0.0
2019-10-15,1146.0858826819556,1163.1774699961854,1145.9434296057216,1161.325927734375,4200187,0.0,0.0
2019-10-16,1169.4918585312764,1172.6727695826087,1149.0293844876182,1159.4742431640625,5293408,0.0,0.0
2019-10-17,1165.551549942767,1167.7829289134531,1151.8782539957003,1158.4300537109375,6121807,0.0,0.0
2019-10-18,1163.6048205019838,1171.5809184986344,1158.7622268321531,1166.9757080078125,5616903,0.0,0.0
2019-10-22,1193.5626647279357,1193.5626647279357,1170.3940424852349,1176.7559814453125,10003114,0.0,0.0
2019-10-23,1183.9247436028913,1186.6784114282827,1170.7737397808141,1178.939697265625,5095107,0.0,0.0
2019-10-24,1185.0168701155458,1190.8565197007113,1164.459462928785,1173.7174072265625,6553747,0.0,0.0
2019-10-25,1177.4205678842047,1183.924843807098,1158.4299135634917,1166.9757080078125,6496771,0.0,0.0
2019-10-27,1177.3731431252843,1179.2248016219107,1172.6730021526273,1175.2366943359375,875041,0.0,0.0
2019-10-29,1175.5215362487424,1193.8949716503232,1175.2366300618385,1179.79443359375,7116284,0.0,0.0
2019-10-30,1183.972223116178,1198.9747686629314,1180.2690227911198,1185.3489990234375,6005683,0.0,0.0
2019-10-31,1194.2271404965004,1200.1143123390273,1165.171465246448,1168.2574462890625,6608853,0.0,0.0
2019-11-01,1176.4710838914052,1180.9813644793664,1165.6463872983456,1177.4681396484375,5756130,0.0,0.0
2019-11-04,1183.5449336825363,1186.9158209780132,1167.023158182321,1174.429443359375,4967588,0.0,0.0
2019-11-05,1178.370099854402,1181.978370536956,1167.02323026886,1176.94580078125,6183905,0.0,0.0
2019-11-06,1179.7467914696308,1195.4616031489506,1166.073614074041,1193.230224609375,6065168,0.0,0.0
2019-11-07,1197.3607465251448,1205.6216347328282,1186.9158867219912,1199.9244384765625,8481517,0.0,0.0
2019-11-08,1195.4617108413236,1203.0579727052875,1188.2926923433047,1192.2332763671875,6625748,0.0,0.0
2019-11-11,1189.3371350648824,1204.4821340602764,1187.3905468209502,1200.92138671875,7143305,0.0,0.0
2019-11-13,1198.2628123265254,1205.906597358727,1190.3342370140322,1194.0849609375,4646748,0.0,0.0
2019-11-14,1200.0193629292282,1212.5531470596043,1193.7523549542973,1209.609619140625,5527609,0.0,0.0
2019-11-15,1219.057632643965,1220.1496185195342,1206.9510897364755,1213.407958984375,4639506,0.0,0.0
2019-11-18,1212.5532555596374,1214.8795643062458,1195.1767608192745,1198.3577880859375,4565146,0.0,0.0
2019-11-19,1201.4438005705967,1210.654221618221,1197.455693588824,1207.710693359375,5285289,0.0,0.0
2019-11-20,1208.7550890911502,1218.2028927951662,1203.0578930702964,1209.08740234375,5527129,0.0,0.0
2019-11-21,1206.1440293457665,1222.048703615825,1204.3398938585533,1218.5828857421875,6009763,0.0,0.0
2019-11-22,1218.8675765019912,1218.8675765019912,1198.310172001631,1200.92138671875,3844005,0.0,0.0
2019-11-25,1200.3517221835004,1214.927025173029,1200.3517221835004,1206.950927734375,3946778,0.0,0.0
2019-11-26,1213.9301008566881,1215.1645397986254,1203.0104742048543,1210.7017822265625,4358001,0.0,0.0
2019-11-27,1211.603666807255,1220.861610186072,1207.0458637030151,1213.882568359375,4790333,0.0,0.0
2019-11-28,1215.5916695454127,1218.297930364402,1198.310221432239,1201.4437255859375,6183020,0.0,0.0
2019-11-29,1203.722577264668,1215.306945941442,1188.8149599928765,1210.606689453125,7783813,0.0,0.0
2019-12-02,1209.6570931749807,1209.6570931749807,1195.0817899375877,1201.8709716796875,4473102,0.0,0.0
2019-12-03,1204.197406884207,1204.9570794605374,1190.5242277883506,1192.04345703125,3495953,0.0,0.0
2019-12-04,1189.2897456550763,1193.4677128537003,1171.91325031274,1188.482666015625,5697807,0.0,0.0
2019-12-05,1192.2332420960713,1195.22429330098,1178.1327045983642,1182.7379150390625,6386247,0.0,0.0
2019-12-06,1185.9188353425686,1196.4112181833964,1175.7113586794958,1183.165283203125,6887325,0.0,0.0
2019-12-09,1186.4411655345982,1186.7734788135804,1175.0942955894673,1180.2216796875,4132675,0.0,0.0
2019-12-10,1187.8654612235518,1190.381746173883,1182.2631948591709,1186.441162109375,4894450,0.0,0.0
2019-12-11,1187.0107277154325,1190.7139281859984,1179.7943028477696,1185.7288818359375,5527321,0.0,0.0
2019-12-12,1189.764565622986,1205.3843333887685,1189.764565622986,1199.82958984375,6456574,0.0,0.0
2019-12-13,1201.1588803316843,1208.1379225809094,1195.6990672392676,1200.06689453125,5887593,0.0,0.0
2019-12-16,1205.194236360789,1205.906385801223,1185.2065290353848,1193.894775390625,5663788,0.0,0.0
2019-12-17,1196.4111385056792,1210.464268083772,1191.995788503054,1206.950927734375,6213677,0.0,0.0
2019-12-18,1218.25043263246,1233.442955564743,1209.3723252258571,1227.1285400390625,8723586,0.0,0.0
2019-12-19,1239.1400725526505,1239.6148388639733,1221.1938828026978,1223.7576904296875,6509188,0.0,0.0
2019-12-20,1223.7104157554775,1234.0128236198457,1215.4495266260208,1231.2591552734375,7513022,0.0,0.0
2019-12-23,1233.4429524219156,1238.190615826157,1223.7577654411637,1236.67138671875,5097891,0.0,0.0
2019-12-24,1233.0632483932632,1235.4370803499382,1222.0011682932054,1224.0902099609375,3589604,0.0,0.0
2019-12-26,1224.6123681426743,1226.6538867818565,1200.8266417798786,1206.3338623046875,7474879,0.0,0.0
2019-12-27,1207.8055767463236,1214.452305549173,1205.906511374081,1210.6541748046875,3546496,0.0,0.0
2019-12-30,1217.3009062898177,1223.7102519352593,1209.7521677824204,1217.443359375,4667095,0.0,0.0
2019-12-31,1217.2535095325627,1217.2535095325627,1204.6247930154523,1207.900634765625,4178528,0.0,0.0
2020-01-01,1211.6986779711865,1215.4018787524617,1206.4762480234222,1214.072509765625,1836849,0.0,0.0
2020-01-02,1214.4524004046655,1222.9981952472315,1214.4524004046655,1221.811279296875,3068583,0.0,0.0
2020-01-03,1217.4908111338314,1220.1495491222804,1199.8295256670087,1204.3873291015625,5427775,0.0,0.0
2020-01-06,1196.41115332866,1198.1203584830291,1173.6223694557332,1178.322509765625,5445093,0.0,0.0
2020-01-07,1195.366797726137,1207.2833641486106,1189.0523817800904,1196.98095703125,7362247,0.0,0.0
2020-01-08,1184.0197778084457,1198.4527446857237,1177.4680947739591,1193.8475341796875,5666055,0.0,0.0
2020-01-09,1201.158929130187,1211.4139291973368,1199.3547937226642,1207.2359619140625,4773158,0.0,0.0
2020-01-10,1219.294945164655,1221.953683150215,1210.74915066647,1217.965576171875,4607290,0.0,0.0
2020-01-13,1217.9654948859943,1231.0690919392587,1211.603672436941,1221.0989990234375,3725784,0.0,0.0
2020-01-14,1223.9475969519435,1227.3184842539185,1213.027971377896,1224.42236328125,3943145,0.0,0.0
2020-01-15,1221.4788964299555,1222.9506025787039,1209.7995977798673,1219.4373779296875,5893724,0.0,0.0
2020-01-16,1217.3484116892012,1225.8466827619545,1214.7846039222377,1222.665771484375,3575200,0.0,0.0
2020-01-17,1217.0635582662128,1220.0546095024167,1207.710684199151,1213.645263671875,8459407,0.0,0.0
2020-01-20,1238.9977153218306,1238.9977153218306,1189.2897018630385,1191.568603515625,11089225,0.0,0.0
2020-01-21,1186.915908478901,1186.915908478901,1175.901352030168,1181.551025390625,7492402,0.0,0.0
2020-01-22,1185.064366313164,1191.6635724020057,1172.1032214074778,1178.2276611328125,9184155,0.0,0.0
2020-01-23,1177.4204248343099,1183.9246999669706,1168.8746314282546,1182.025634765625,5754460,0.0,0.0
2020-01-24,1183.1177428463984,1190.7140044377077,1176.5659440419438,1181.740966796875,5915878,0.0,0.0
2020-01-27,1172.6728816342531,1172.6728816342531,1150.5962464132033,1151.9730224609375,9444276,0.0,0.0
2020-01-28,1157.2905325235117,1165.8363270553764,1152.020579531626,1161.4683837890625,6706079,0.0,0.0
2020-01-29,1163.4623588617303,1179.319507159315,1160.5662380237302,1173.4798583984375,6894175,0.0,0.0
2020-01-30,1176.4234390950933,1176.4234390950933,1155.7711038041348,1164.174560546875,6055992,0.0,0.0
2020-01-31,1169.3019879437982,1175.3316132696382,1158.6672681505297,1164.4119873046875,5589134,0.0,0.0
2020-02-03,1136.5906521448576,1137.4926618540867,1118.2646245057713,1132.6026611328125,6538505,0.0,0.0
2020-02-04,1137.5402844919095,1171.7234649941704,1137.5402844919095,1167.7354736328125,10448852,0.0,0.0
2020-02-05,1172.5778722533605,1185.016726569861,1165.3614474209417,1181.8358154296875,9010341,0.0,0.0
2020-02-06,1181.8360459495725,1185.6815843193576,1174.7619569045603,1177.2308349609375,5913775,0.0,0.0
2020-02-07,1183.117792254834,1184.0673249934014,1169.4444976375135,1179.509521484375,3407724,0.0,0.0
2020-02-10,1180.2217355732319,1180.2217355732319,1164.174724141795,1177.70556640625,4609917,0.0,0.0
2020-02-11,1180.55416452494,1191.6636518073658,1175.569117375945,1177.9903564453125,5806760,0.0,0.0
2020-02-12,1182.357916373482,1189.669386748973,1181.266046639702,1185.9661865234375,3148965,0.0,0.0
2020-02-13,1196.316480076946,1196.316480076946,1171.3437193576603,1178.7501220703125,4556070,0.0,0.0
2020-02-14,1180.4589527566259,1185.396592118616,1153.6821781945287,1157.8126220703125,7344429,0.0,0.0
2020-02-17,1163.1775634338871,1170.773825072639,1153.1599470338813,1155.7237548828125,5076345,0.0,0.0
2020-02-18,1155.4863252277205,1157.00555431241,1142.7625643126676,1152.0205078125,5264558,0.0,0.0
2020-02-19,1160.8037221798147,1167.9252174079118,1152.6377641668807,1165.2664794921875,5006134,0.0,0.0
2020-02-20,1167.9252650047144,1167.9252650047144,1152.8276713239213,1155.67626953125,5561707,0.0,0.0
2020-02-24,1147.937552227085,1153.4448884473325,1139.439280623008,1148.8870849609375,8284042,0.0,0.0
2020-02-25,1143.2373456425385,1147.985009038064,1137.540149567908,1139.72412109375,6943340,0.0,0.0
2020-02-26,1137.065490506355,1143.9020800770188,1125.81355037933,1138.7271728515625,6907393,0.0,0.0
2020-02-27,1134.6916178823017,1141.8131133920233,1121.398159597488,1138.9169921875,10327549,0.0,0.0
2020-02-28,1116.1756446797756,1125.1962049728065,1111.0481451207345,1118.2171630859375,12156528,0.0,0.0
2020-03-02,1139.6291998042964,1140.5313254940138,1107.2976780886754,1120.06884765625,7332449,0.0,0.0
2020-03-03,1115.700967927261,1125.5286085904559,1109.0542387566306,1122.1578369140625,11184775,0.0,0.0
2020-03-04,1118.8818197658259,1120.4485718830365,1075.9154656321757,1090.87060546875,17144435,0.0,0.0
2020-03-05,1094.8113812982149,1106.2057755528365,1085.078669539059,1093.24462890625,9774854,0.0,0.0
2020-03-06,1068.22435832417,1083.3219524371038,1045.4355720132544,1077.624755859375,11526783,0.0,0.0
2020-03-09,1053.9814168269393,1061.9575155956911,1011.2524404690904,1051.417724609375,17210295,0.0,0.0
2020-03-11,1049.2335441269145,1063.4765334137053,1036.8896200783627,1057.5894775390625,17769120,0.0,0.0
2020-03-12,1020.7476699157992,1025.495333496803,952.8086156626115,969.7577514648438,29500385,0.0,0.0
2020-03-13,930.5894467057784,1026.8720210561555,872.8104090874036,1015.81005859375,33171182,0.0,0.0
2020-03-16,982.7663328124023,984.6653981898176,944.7850252640969,949.0579223632812,15993161,0.0,0.0
2020-03-17,957.128930214112,959.0279955518383,906.518850554678,925.8892822265625,21338419,0.0,0.0
2020-03-18,935.2897273150588,942.8859890597496,821.3458011446963,832.645263671875,30590703,0.0,0.0
2020-03-19,804.2542603125767,873.5226878301202,754.8785560194787,850.3540649414062,33610024,0.0,0.0
2020-03-20,830.8411738467407,868.4426483611666,782.9372340036867,838.2949829101562,44318732,0.0,0.0
2020-03-23,754.498718341217,796.4206134565296,726.3925714387424,732.6119995117188,25138477,0.0,0.0
2020-03-24,755.1158510969592,769.1214578919045,701.4672555773387,728.9562377929688,30528636,0.0,0.0
2020-03-25,731.5674301589983,823.6720957454716,717.1345225173599,813.5120849609375,23614021,0.0,0.0
2020-03-26,826.188446307445,890.3768968227981,798.5570656712831,855.6239624023438,28521578,0.0,0.0
2020-03-27,897.2610091042889,938.7556030449468,828.0875115356091,858.804931640625,27617968,0.0,0.0
2020-03-30,835.5888415422735,842.2355709636325,786.213137269321,789.678955078125,19634222,0.0,0.0
2020-03-31,810.7110328331843,829.5117692857766,795.7084272984845,818.4022827148438,17605546,0.0,0.0
2020-04-01,820.2537553770809,820.2537553770809,778.6167719145741,787.77978515625,14551752,0.0,0.0
2020-04-03,800.4559986644786,801.4055312844839,769.1214222043033,772.777099609375,17498140,0.0,0.0
2020-04-07,829.8916309566833,861.511060224812,802.6874942427987,850.8762817382812,30206319,0.0,0.0
2020-04-08,835.5412828463353,897.308371312365,822.390220620843,844.0396118164062,28109676,0.0,0.0
2020-04-09,866.9233766465983,883.9200355809855,845.0841240038034,878.365234375,22228573,0.0,0.0
2020-04-13,886.8635874616397,898.9226649634966,841.4759336557565,850.1641235351562,17079028,0.0,0.0
2020-04-15,883.5402421270975,883.5402421270975,800.456124785753,819.7316284179688,28989376,0.0,0.0
2020-04-16,821.3457722947082,845.7487738833412,813.0373613032878,835.3513793945312,26927198,0.0,0.0
2020-04-17,868.8223731431899,873.5700363844095,842.472842154421,864.3595581054688,27941731,0.0,0.0
2020-04-20,903.0056039169991,912.4534659380209,887.8130806124019,897.1659545898438,33116493,0.0,0.0
2020-04-21,878.3177522003847,886.8635465461182,862.1756962139992,875.1368408203125,16589003,0.0,0.0
2020-04-22,872.7629854923787,885.91398992072,861.5109884680487,881.7360229492188,19144677,0.0,0.0
2020-04-23,887.8131569412334,910.1271774632858,866.4961342557857,906.75634765625,20450611,0.0,0.0
2020-04-24,885.913978069246,910.0321309864144,879.2672494020599,890.7091064453125,16642284,0.0,0.0
2020-04-27,897.4508706823623,909.0826464659734,879.55214419343,882.7805786132812,13710536,0.0,0.0
2020-04-28,896.1690078845725,896.1690078845725,875.4692052939773,884.3948364257812,14720718,0.0,0.0
2020-04-29,887.8130870597095,942.6011362157601,886.958484435669,927.7883911132812,27938889,0.0,0.0
2020-04-30,950.8620429923609,967.5737948739851,942.0313427596403,951.2418212890625,21896567,0.0,0.0
2020-05-04,909.1775800347457,911.5514118364031,871.196271208229,876.418701171875,13361162,0.0,0.0
2020-05-05,890.6616809515069,896.358877204928,862.2231647288709,865.4515991210938,14836429,0.0,0.0
2020-05-06,872.6205968624164,902.0561120993423,859.9443578374986,898.6378173828125,16892923,0.0,0.0
2020-05-07,893.0354438410578,895.6941236299397,874.8518706861621,878.3176879882812,10915865,0.0,0.0
2020-05-08,894.4598518351114,896.3114522913512,878.5077132022765,882.1633911132812,10403742,0.0,0.0
2020-05-11,889.7121984406376,905.854255402741,867.8729449036744,869.5820922851562,14275392,0.0,0.0
2020-05-12,855.5289160953612,863.5050135228167,827.137866730003,856.0511474609375,24784209,0.0,0.0
2020-05-13,903.005548530794,911.5513423654703,875.5640318130507,880.833984375,22173483,0.0,0.0
2020-05-14,852.6803912560396,865.0243167419288,845.0841294185693,848.597412109375,19777445,0.0,0.0
2020-05-15,845.558893374887,847.3630287380987,830.841136106711,843.3275146484375,12174814,0.0,0.0
2020-05-18,843.184991997913,843.184991997913,789.3464792286932,794.426513671875,23324982,0.0,0.0
2020-05-19,817.4052116452307,823.5297092263731,784.4089499152608,788.7293701171875,23730346,0.0,0.0
2020-05-20,794.236606690103,820.3962199362146,790.2010928767594,813.8444213867188,20007153,0.0,0.0
2020-05-21,817.9749115811543,839.3868612122801,809.2866646660686,816.1707763671875,24239454,0.0,0.0
2020-05-22,807.1027541455667,826.378255388892,791.0081641042774,796.5154418945312,21023716,0.0,0.0
2020-05-26,813.7494798335524,827.7550864001159,805.9158354827628,809.3816528320312,19002576,0.0,0.0
2020-05-27,816.503230497768,863.8848796939753,813.8920154493687,858.0452880859375,28012877,0.0,0.0
2020-05-28,873.570135318864,902.0561179923053,867.8254737373628,897.5458374023438,37744403,0.0,0.0
2020-05-29,896.3589150577155,906.8037752967355,876.8460286567041,903.6228637695312,26512583,0.0,0.0
2020-06-01,925.7943577227995,944.7850112145493,917.3434937370208,937.8059692382812,19595115,0.0,0.0
2020-06-02,936.9038725005729,954.2803083147321,925.9842470820461,950.482177734375,20811797,0.0,0.0
2020-06-03,968.5234023924706,993.4486370128652,964.2030399825783,970.6598510742188,25273044,0.0,0.0
2020-06-04,976.1671328927654,986.5169465344633,941.0818302870026,951.1469116210938,27137941,0.0,0.0
2020-06-05,952.4762210026248,989.7929021950114,952.1913727857491,981.1995849609375,17597992,0.0,0.0
2020-06-08,1006.5046796822927,1012.8190954301753,955.6097492501203,964.6303100585938,24906332,0.0,0.0
2020-06-09,968.5233640145295,974.9327098058021,930.1147543114092,937.4736328125,30922073,0.0,0.0
2020-06-10,940.0373939953737,949.3902681173158,928.8329194761013,941.7940063476562,18248865,0.0,0.0
2020-06-11,935.2897055882268,938.5181399366749,916.2990516676537,919.7173461914062,15448857,0.0,0.0
2020-06-12,881.1663440441364,936.8564599827557,881.1663440441364,933.1532592773438,21322438,0.0,0.0
2020-06-15,919.1476773868612,924.8448737343004,895.4093592725311,901.9136352539062,16004968,0.0,0.0
2020-06-16,925.7944091453144,943.7880659191657,903.9551564167582,940.417236328125,22699985,0.0,0.0
2020-06-17,939.0877771871809,948.4881734673637,924.1326381672637,929.829833984375,18478919,0.0,0.0
2020-06-18,930.5420480728072,973.1760895797264,922.9457864558864,968.4758911132812,20435063,0.0,0.0
2020-06-19,966.5768162641768,990.362598628763,961.0695382366987,981.1995849609375,23938876,0.0,0.0
2020-06-22,986.9917408641315,993.1637035530364,972.131588547618,976.831787109375,14847237,0.0,0.0
2020-06-23,986.5644937144859,992.2616900208255,965.2474726106228,989.697998046875,14415256,0.0,0.0
2020-06-24,995.5850403570956,1004.1308346949247,978.0662083284475,980.3925170898438,19714623,0.0,0.0
2020-06-25,970.3275111499419,996.0598247171173,956.1794504195778,976.831787109375,35323395,0.0,0.0
2020-06-26,988.4636151417343,1009.3533361149506,976.1196891121065,1003.1338500976562,19984569,0.0,0.0
2020-06-29,984.6654511252522,1027.9641208760984,984.6654511252522,1021.7447509765625,23002978,0.0,0.0
2020-06-30,1019.798224760787,1024.1186453543594,1002.9915406048924,1012.0595092773438,17873065,0.0,0.0
2020-07-01,1012.0594207790967,1040.6878553091979,1007.7391164730732,1029.8631591796875,17423359,0.0,0.0
2020-07-02,1035.2756231808548,1055.1682883039857,1030.4329133368697,1034.4210205078125,18477248,0.0,0.0
2020-07-03,1037.8392548908262,1040.4979928500568,1016.0000025006258,1019.7506103515625,13798627,0.0,0.0
2020-07-06,1052.0347353471536,1063.381720946482,1044.485996554142,1047.3345947265625,17779108,0.0,0.0
2020-07-07,1053.4116126541364,1055.595468343353,1037.8867760128765,1049.3760986328125,12174925,0.0,0.0
2020-07-08,1051.132809006873,1068.1294692992353,1049.2337434079448,1054.313720703125,15028175,0.0,0.0
2020-07-09,1061.5776732688846,1072.6871606950015,1051.3701956412992,1068.1768798828125,10057242,0.0,0.0
2020-07-10,1061.482555296516,1063.47655064703,1044.058654635275,1049.3284912109375,8781489,0.0,0.0
2020-07-13,1053.8864582632598,1056.8299867064554,1017.2345160482053,1025.7327880859375,14961057,0.0,0.0
2020-07-14,1008.973345003035,1014.9554469095315,997.0092570997864,1005.41259765625,13306337,0.0,0.0
2020-07-15,1016.1899529232492,1024.5458879002435,997.1043668866713,1000.00048828125,10487197,0.0,0.0
2020-07-16,1000.4750400584509,1011.7269781065,981.9116314965424,1008.9259033203125,11831228,0.0,0.0
2020-07-17,1005.6026640662706,1048.2841130668194,1004.8905145329371,1043.01416015625,14202869,0.0,0.0
2020-07-20,1077.7195843414734,1094.7162423777954,1067.4171780167228,1075.8680419921875,32562048,0.0,0.0
2020-07-21,1093.9091449842279,1099.5112949384827,1076.770034143876,1081.0904541015625,23756211,0.0,0.0
2020-07-22,1081.0429486795306,1086.7401447200023,1061.1502855354497,1069.506103515625,12359006,0.0,0.0
2020-07-23,1068.224428273272,1086.1706218502168,1059.9160160533688,1073.3519287109375,10074561,0.0,0.0
2020-07-24,1066.2302186177126,1066.2302186177126,1045.6728138958363,1062.6219482421875,9799220,0.0,0.0
2020-07-27,1044.3434742868583,1047.3345253517255,1021.0799240863893,1025.0205078125,18985047,0.0,0.0
2020-07-28,1024.545865533148,1039.168693468771,1006.0299763970066,1031.809814453125,17798225,0.0,0.0
2020-07-29,1026.4447331979316,1033.5662276465757,1002.2791750660947,1010.8723754882812,16796043,0.0,0.0
2020-07-30,1019.7981529988933,1028.9611670341403,993.8758630811079,997.6265869140625,13478133,0.0,0.0
2020-07-31,1004.3206384424847,1004.3206384424847,968.5707689108232,980.6773681640625,18863348,0.0,0.0
2020-08-03,974.1730244317633,975.122557129064,942.8859684196061,951.4317626953125,15891771,0.0,0.0
2020-08-04,957.1289513180113,1007.5017068757817,952.3812878690132,989.0807495117188,30153084,0.0,0.0
2020-08-05,995.0628196213003,1002.5167445910906,968.5234250726744,975.6924438476562,16610680,0.0,0.0
2020-08-06,984.6653644034178,1001.7569522136989,974.4578883500556,988.1785888671875,16823444,0.0,0.0
2020-08-07,982.6238835031666,994.3505890718188,969.0930426370866,991.169677734375,12418392,0.0,0.0
2020-08-10,991.31217107155,1010.3028256897788,991.1223108892706,997.6265869140625,11086427,0.0,0.0
2020-08-11,995.5851098655676,1016.9495972017385,995.5851098655676,1012.8191528320312,10068074,0.0,0.0
2020-08-12,1011.2524443901247,1012.2019772017586,995.110386592348,1010.0180053710938,10333216,0.0,0.0
2020-08-13,1014.0535326053975,1017.2819673876094,1003.181428139024,1005.602783203125,9946370,0.0,0.0
2020-08-14,1012.1069532936997,1012.1069532936997,975.455013343731,982.2440795898438,10462256,0.0,0.0
2020-08-17,994.1607854838985,994.1607854838985,968.7133194712751,980.6299438476562,9780506,0.0,0.0
2020-08-18,976.1195336994942,1008.0713295555558,970.4223379775127,1003.1812133789062,12020412,0.0,0.0
2020-08-19,1011.2523772295486,1015.8101807865996,1002.9439656795406,1012.7716064453125,8857812,0.0,0.0
2020-08-20,1001.7094002011197,1015.0028570018309,998.908325310582,1005.5550537109375,9608367,0.0,0.0
2020-08-21,1011.6320719538526,1033.8511583432937,1010.8723994973915,1030.860107421875,14462151,0.0,0.0
2020-08-24,1031.1926194153696,1066.2778099643526,1030.860306117769,1060.6756591796875,18389870,0.0,0.0
2020-08-25,1062.527023906682,1070.123285024871,1050.3729597536812,1063.191650390625,13800869,0.0,0.0
2020-08-26,1064.4259930485023,1074.6334680041414,1053.5063686773535,1062.004638671875,12595031,0.0,0.0
2020-08-27,1068.9838863660584,1072.8769469858582,1050.4204769962603,1055.9752197265625,10322998,0.0,0.0
2020-08-28,1055.8327957418478,1068.2242433283564,1039.7382635062668,1058.254150390625,19348305,0.0,0.0
2020-08-31,1072.497278483429,1090.8233075606856,1045.1506879669582,1059.5361328125,19250583,0.0,0.0
2020-09-01,1071.0729517624666,1085.8856396155272,1052.082296589373,1070.4083251953125,14438942,0.0,0.0
2020-09-02,1067.3697471011308,1081.5178083377202,1064.1413125510064,1076.91259765625,9880841,0.0,0.0
2020-09-03,1079.8559247060743,1088.116811773652,1071.0727483565195,1073.826416015625,9916681,0.0,0.0
2020-09-04,1053.981311126491,1068.604138084431,1048.6639511171732,1062.81201171875,11830685,0.0,0.0
2020-09-07,1059.963390666158,1063.001848917295,1043.5364287272062,1054.4560546875,8807733,0.0,0.0
2020-09-08,1057.7794392523365,1062.3372426255842,1047.3345794392524,1056.3076171875,7312459,0.0,0.0
2020-09-09,1045.4354947738543,1053.981289009063,1036.177551019045,1041.16259765625,7864436,0.0,0.0
2020-09-10,1047.334575285327,1049.0911876104276,1029.2934538615543,1035.512939453125,7594044,0.0,0.0
2020-09-11,1041.115114001277,1049.091212104171,1016.9495524201812,1024.2135009765625,10397365,0.0,0.0
2020-09-14,1033.0915476040202,1038.7887436386013,999.2406846499349,1004.5580444335938,10825295,0.0,0.0
2020-09-15,1014.1009606437558,1021.8396756133915,1004.7005633884212,1016.4747924804688,8252555,0.0,0.0
2020-09-16,1016.1899298403931,1040.6879218089243,1014.4333173879054,1038.45654296875,9355056,0.0,0.0
2020-09-17,1029.2932883519168,1038.7886138902186,1023.5960930289356,1028.9134521484375,9159343,0.0,0.0
2020-09-18,1036.889717623082,1037.0795778008696,994.3506059207975,1003.9409790039062,11740889,0.0,0.0
2020-09-21,1001.7569553201504,1017.2817911140154,988.9382644226888,996.3446655273438,9921439,0.0,0.0
2020-09-22,1000.8549872080209,1004.7480480898821,977.543913096173,983.1461791992188,9310339,0.0,0.0
2020-09-23,993.211338359207,1001.7571338135406,982.1492577280327,994.3982543945312,8039914,0.0,0.0
2020-09-24,985.6149237350813,994.1607178715127,973.2709988713473,978.3984985351562,9904755,0.0,0.0
2020-09-25,997.009207188398,998.8607493521382,973.8881120893576,991.31201171875,10160772,0.0,0.0
2020-09-28,996.012207104314,1005.555056411494,990.0302210737754,1000.9972534179688,8076211,0.0,0.0
2020-09-29,1004.6054836571346,1015.9049446987424,997.9587555043937,1008.9259033203125,6322223,0.0,0.0
2020-09-30,1006.5047294041993,1032.047183926692,998.9084672954884,1024.166015625,9406921,0.0,0.0
2020-10-01,1035.0856018209436,1053.9813262574196,1035.0856018209436,1051.085205078125,10601540,0.0,0.0
2020-10-05,1055.8803157714278,1074.8709689327843,1054.93078311336,1058.1116943359375,8470063,0.0,0.0
2020-10-06,1077.767150073096,1090.0635523176554,1069.363692852251,1086.3603515625,9685995,0.0,0.0
2020-10-07,1087.119991490407,1106.0631221443716,1080.1883565435285,1103.5943603515625,10624389,0.0,0.0
2020-10-08,1120.4486652260225,1142.2879188702586,1104.6389214711776,1131.6531982421875,17530337,0.0,0.0
2020-10-09,1140.3888059286458,1174.571984124675,1131.5106981069061,1171.296142578125,22486194,0.0,0.0
2020-10-12,1169.3970492267429,1180.031769159024,1144.756605985717,1152.400390625,9610273,0.0,0.0
2020-10-13,1152.1629905036314,1160.7561918117945,1134.6915658063365,1137.9674072265625,9176976,0.0,0.0
2020-10-14,1135.2138862455379,1153.0176246904216,1116.1757089045734,1150.35888671875,11291459,0.0,0.0
2020-10-15,1152.9225365760517,1155.5812744506027,1105.2560422847178,1110.2410888671875,14123448,0.0,0.0
2020-10-16,1120.4485869064613,1142.7626053745137,1113.801858001084,1138.822021484375,12911424,0.0,0.0
2020-10-19,1172.6729391057258,1172.6729391057258,1132.4127275690512,1142.8101806640625,21179778,0.0,0.0
2020-10-20,1146.5607749009187,1165.4564994663303,1145.0415457103304,1162.1805419921875,13705989,0.0,0.0
2020-10-21,1168.495016123965,1187.8655080218616,1160.0441511982917,1183.782470703125,17820376,0.0,0.0
2020-10-22,1177.3728927680258,1186.9157416951512,1161.2783616745357,1171.05859375,10956530,0.0,0.0
2020-10-23,1180.7439729884625,1185.4441137305441,1169.0646738157466,1173.4326171875,7933115,0.0,0.0
2020-10-26,1167.735376015737,1179.3196287425428,1143.807082118586,1149.7891845703125,9785988,0.0,0.0
2020-10-27,1164.1269939133133,1173.6223201279406,1137.3976274371887,1170.86865234375,12158890,0.0,0.0
2020-10-28,1166.026111704228,1169.824242361245,1140.8634961014902,1148.5546875,8285593,0.0,0.0
2020-10-29,1140.008917399459,1143.6645950514571,1119.0242682618614,1127.28515625,11530012,0.0,0.0
2020-10-30,1122.869925320859,1138.7745978273315,1116.9827531158955,1123.8194580078125,5761358,0.0,0.0
2020-11-02,1134.0743000497912,1163.1774990236383,1118.074698041089,1153.9195556640625,10963040,0.0,0.0
2020-11-03,1164.5544060309708,1187.628098440939,1163.6523962737326,1184.9693603515625,14082115,0.0,0.0
2020-11-04,1188.815004842912,1200.969070425657,1167.9252843105285,1193.9425048828125,11702411,0.0,0.0
2020-11-05,1202.1083923246892,1211.6037192782808,1189.1472478510864,1205.1468505859375,10716964,0.0,0.0
2020-11-06,1202.3458160451348,1243.887872868017,1201.6336664995997,1241.656494140625,17852862,0.0,0.0
2020-11-09,1248.8253712867427,1278.0235020598245,1248.8253712867427,1272.8961181640625,13144220,0.0,0.0
2020-11-10,1288.515887183962,1324.598130155952,1283.3409802795125,1323.3162841796875,20758678,0.0,0.0
2020-11-11,1329.2508987737724,1343.3989597057905,1301.3346131856492,1319.802978515625,18058097,0.0,0.0
2020-11-12,1307.8864051288222,1318.4737182473987,1291.3645124493569,1302.4739990234375,13526974,0.0,0.0
2020-11-13,1299.7203018239568,1299.7203018239568,1279.0204442611773,1290.2249755859375,11236240,0.0,0.0
2020-11-14,1298.7709316887467,1305.5599980705117,1296.3020538301862,1300.574951171875,917533,0.0,0.0
2020-11-17,1315.8624401260204,1341.309846516686,1310.924800622338,1337.3692626953125,15529950,0.0,0.0
2020-11-18,1332.194399340732,1347.3869227829641,1328.443791479833,1337.606689453125,9431388,0.0,0.0
2020-11-19,1319.5655380410133,1328.8234818043782,1298.9607249520925,1304.990234375,10133441,0.0,0.0
2020-11-20,1303.3761307483628,1337.3219259951475,1296.1597051505782,1332.8116455078125,10202681,0.0,0.0
2020-11-23,1343.5888755657438,1351.802357244971,1305.9398778847228,1324.2183837890625,12623318,0.0,0.0
2020-11-24,1336.9420779657733,1372.0747888214078,1331.2924046109995,1365.617919921875,20077200,0.0,0.0
2020-11-25,1378.0568525058445,1390.4957076815451,1326.4971805831285,1332.0045166015625,12076301,0.0,0.0
2020-11-26,1343.5887995302862,1359.73085577906,1317.0018833558354,1354.65087890625,13971563,0.0,0.0
2020-11-27,1359.5409539617942,1373.0242718162826,1344.111047725961,1368.1341552734375,8997290,0.0,0.0
2020-12-01,1368.1341120087236,1375.872826381154,1353.5588088380503,1360.9652099609375,8573787,0.0,0.0
2020-12-02,1358.7815017247492,1359.5411743649538,1324.4084590862567,1335.9451904296875,8946075,0.0,0.0
2020-12-03,1356.8822522239366,1359.7308503741617,1304.7054758028805,1307.6964111328125,18966611,0.0,0.0
2020-12-04,1311.3046581154601,1330.722555457903,1303.9933026926208,1315.6724853515625,13456161,0.0,0.0
2020-12-07,1305.607552996618,1310.3076938235015,1289.56042607238,1302.996337890625,12158159,0.0,0.0
2020-12-08,1305.607358099808,1318.7109546759075,1296.2544849346418,1306.841796875,9728948,0.0,0.0
2020-12-09,1307.5064123350007,1338.8885116601703,1305.6548700975522,1336.1822509765625,11034537,0.0,0.0
2020-12-10,1327.4466348327558,1331.2447654045232,1306.3195335272987,1315.9097900390625,9863983,0.0,0.0
2020-12-11,1319.898028363741,1324.5981690513104,1303.7084488225441,1313.013916015625,10678192,0.0,0.0
2020-12-14,1313.2036511579888,1317.9513143942793,1298.960661449117,1302.9012451171875,8611025,0.0,0.0
2020-12-15,1311.114745917224,1324.5505403553282,1297.061616157185,1321.0848388671875,10780718,0.0,0.0
2020-12-16,1333.143914560643,1345.2979795188296,1324.123353885197,1339.5057373046875,8416046,0.0,0.0
2020-12-17,1347.007147419982,1372.0748354150535,1333.618758713109,1369.036376953125,10962239,0.0,0.0
2020-12-18,1362.5795199856354,1367.0422776244711,1335.3279759498273,1340.123046875,11497959,0.0,0.0
2020-12-21,1345.962617529302,1351.9921270607979,1297.7263094578243,1303.3760986328125,11880912,0.0,0.0
2020-12-22,1314.9130701223226,1314.9130701223226,1277.1216182517835,1303.803466796875,11425779,0.0,0.0
2020-12-23,1298.4861378121582,1311.2573079408091,1292.361697456586,1306.224853515625,7733697,0.0,0.0
2020-12-24,1319.280807378219,1333.1439621502516,1307.5065782627466,1326.5921630859375,7476094,0.0,0.0
2020-12-28,1334.0935541499803,1349.2860786100514,1333.144021371226,1341.54736328125,5849597,0.0,0.0
2020-12-29,1349.3335620129728,1362.3421143362316,1348.336506260637,1355.173095703125,7247673,0.0,0.0
2020-12-30,1367.2321314321139,1367.2321314321139,1341.689679114856,1360.20556640625,8108363,0.0,0.0
2020-12-31,1362.5794039181824,1371.125198089098,1353.1316000597933,1363.8138427734375,11072875,0.0,0.0
2021-01-01,1367.3271823477965,1370.1757806443543,1348.9062235147696,1353.1317138671875,4405469,0.0,0.0
2021-01-04,1365.4281738626082,1365.4281738626082,1328.3963944602147,1344.5384521484375,7870096,0.0,0.0
2021-01-05,1347.576625585325,1358.5437735282899,1337.8914393858888,1354.6981201171875,7193412,0.0,0.0
2021-01-06,1362.5793429076168,1367.3270061233227,1341.7845548408752,1348.858642578125,11067025,0.0,0.0
2021-01-07,1360.2056640194037,1360.300594112427,1341.2625320257598,1344.7757568359375,9947421,0.0,0.0
2021-01-08,1359.7308728447126,1369.2262001690474,1351.2800083441034,1359.3985595703125,6884382,0.0,0.0
2021-01-11,1376.822442671231,1390.970503367528,1363.8138907836878,1378.19921875,8665696,0.0,0.0
2021-01-12,1379.1486097911497,1412.6196347004172,1375.9676986909412,1406.2578125,10194078,0.0,0.0
2021-01-13,1417.5574005689996,1421.3555313946063,1388.3117468479265,1396.4302978515625,8467325,0.0,0.0
2021-01-14,1396.9052447452848,1412.9048497340425,1382.5197992021276,1394.6263427734375,6148583,0.0,0.0
2021-01-15,1394.9585109738898,1397.3798658001829,1372.0747953544283,1392.6322021484375,7082618,0.0,0.0
2021-01-18,1395.7181675913555,1427.0052243353448,1392.964499522822,1408.251953125,21412816,0.0,0.0
2021-01-19,1416.5129125515075,1435.361113256019,1392.9644554881477,1427.9547119140625,8680127,0.0,0.0
2021-01-20,1425.2485529104442,1425.2485529104442,1411.0055627081413,1416.7027587890625,6673026,0.0,0.0
2021-01-21,1416.7028889145295,1418.934267735894,1394.0565555947314,1400.3709716796875,13166527,0.0,0.0
2021-01-22,1393.8189723617004,1393.8189723617004,1367.4694418489012,1370.6978759765625,7696182,0.0,0.0
2021-01-25,1391.1604966739471,1406.2580915340857,1381.712691578864,1389.0240478515625,10172359,0.0,0.0
2021-01-27,1393.9140379389619,1397.6172387421407,1335.1854621791388,1338.4613037109375,11778138,0.0,0.0
2021-01-28,1319.755643801525,1330.5803407550175,1274.2730001233654,1302.2366943359375,21352223,0.0,0.0
2021-01-29,1321.1322749108558,1337.6541667720132,1295.6373455619607,1320.3251953125,14352251,0.0,0.0
2021-02-01,1339.0784876771602,1407.6822251241906,1330.2953102185438,1402.222412109375,13185272,0.0,0.0
2021-02-02,1425.2486150294126,1498.8374009486527,1421.830320413825,1481.7933349609375,21210103,0.0,0.0
2021-02-03,1499.3120875340542,1501.875779381897,1464.179378706467,1495.3240966796875,10118627,0.0,0.0
2021-02-04,1486.9681279055087,1507.8578461774891,1465.5561203128302,1499.406982421875,12242342,0.0,0.0
2021-02-05,1469.8765908548583,1536.581261725371,1469.8765908548583,1516.973388671875,13527358,0.0,0.0
2021-02-08,1538.2431578268572,1549.3052382857754,1515.1694640955473,1524.237548828125,8723790,0.0,0.0
2021-02-09,1528.7476601327978,1545.8392488796242,1506.6235016688377,1530.5042724609375,9210683,0.0,0.0
2021-02-10,1527.1808863408535,1533.3528488564118,1487.917732596906,1501.92333984375,9894003,0.0,0.0
2021-02-11,1502.1606941739383,1517.1633568260486,1485.25896616889,1492.9976806640625,6824309,0.0,0.0
2021-02-12,1494.4697336392965,1512.131020969133,1493.6151309164497,1502.1134033203125,4955053,0.0,0.0
2021-02-15,1519.3471161282491,1542.9905014555786,1516.1186820509474,1535.014404296875,5177622,0.0,0.0
2021-02-16,1539.382350341608,1558.18314396357,1527.2758085466442,1544.557373046875,6948679,0.0,0.0
2021-02-17,1538.242938465175,1539.952143649592,1503.1102293767728,1506.43359375,6397213,0.0,0.0
2021-02-18,1524.9019111669745,1524.9019111669745,1469.8765405260388,1475.858642578125,7360280,0.0,0.0
2021-02-19,1467.0280474610906,1485.2590292598115,1455.633654859451,1461.42578125,8569754,0.0,0.0
2021-02-22,1467.0756337129408,1494.4696305918408,1461.758157541778,1469.876708984375,14725919,0.0,0.0
2021-02-23,1475.3365098037432,1479.087117801046,1445.8060644708783,1451.97802734375,9119953,0.0,0.0
2021-02-24,1449.4617344949916,1532.498326638515,1439.7290238637609,1525.3768310546875,7157166,0.0,0.0
2021-02-25,1528.5102570520794,1553.6728734905823,1521.151378659687,1525.329345703125,10054785,0.0,0.0
2021-02-26,1506.9558067754558,1508.712418958972,1444.2391302013039,1456.962890625,13956423,0.0,0.0
2021-03-01,1485.0691561315216,1493.1877071533033,1462.9449976590108,1480.2265625,6768009,0.0,0.0
2021-03-02,1496.17874678708,1507.3832798928659,1472.7253336150143,1489.0572509765625,8055019,0.0,0.0
2021-03-03,1504.0599679602446,1515.454361656913,1486.018844607186,1506.76611328125,5611205,0.0,0.0
2021-03-04,1470.3988037565036,1491.715764982586,1461.4256508375913,1473.72216796875,8145719,0.0,0.0
2021-03-05,1453.734689031863,1467.5978444651062,1444.3342913094689,1452.78515625,8722911,0.0,0.0
2021-03-08,1464.1794272118707,1476.523352344007,1436.1682124889458,1442.81494140625,7558525,0.0,0.0
2021-03-09,1467.02795390625,1486.6832335267259,1460.6186084765625,1483.644775390625,7533348,0.0,0.0
2021-03-10,1492.6652564076812,1495.5138542252532,1473.8170573633622,1477.2353515625,5527508,0.0,0.0
2021-03-12,1519.2522889314996,1519.2522889314996,1457.5801876915868,1473.627197265625,7815602,0.0,0.0
2021-03-15,1470.256444508308,1470.256444508308,1438.8269355629643,1451.503173828125,6115193,0.0,0.0
2021-03-16,1453.6396761459434,1462.6602370598882,1433.7944189533137,1435.8359375,6861183,0.0,0.0
2021-03-17,1447.325184570789,1461.33079157254,1414.9935505181004,1419.8836669921875,10532214,0.0,0.0
2021-03-18,1435.4559762137276,1445.236208822046,1406.400300455945,1415.753173828125,9032770,0.0,0.0
2021-03-19,1410.0560125436925,1434.933722091338,1399.658676188836,1421.9251708984375,10617510,0.0,0.0
2021-03-22,1419.4565725409743,1419.4565725409743,1386.6976917108946,1395.006103515625,7007816,0.0,0.0
2021-03-23,1395.812974109279,1431.3729249429266,1394.9583715554263,1424.44140625,9880714,0.0,0.0
2021-03-24,1415.6582673275195,1430.423430658767,1396.7625441935295,1404.1689453125,8184450,0.0,0.0
2021-03-25,1414.9934628004062,1420.0735550410377,1377.0596810263933,1389.49853515625,11982178,0.0,0.0
2021-03-26,1418.6019000174351,1423.3495636721118,1399.6112453987278,1416.0382080078125,6010629,0.0,0.0
2021-03-30,1430.6134955077298,1483.6923977279519,1425.7709018185685,1475.2889404296875,12803822,0.0,0.0
2021-03-31,1469.8767364872501,1469.8767364872501,1412.9047699567366,1418.2696533203125,15387253,0.0,0.0
2021-04-01,1423.7293855442767,1423.7293855442767,1391.0654367485706,1411.7177734375,17881881,0.0,0.0
2021-04-05,1405.3084452262094,1410.0561088925142,1358.7813412964229,1376.442626953125,8003293,0.0,0.0
2021-04-06,1386.3177237024822,1388.8340085062214,1360.3480278821978,1367.564453125,7537867,0.0,0.0
2021-04-07,1366.6624805819865,1383.184257065184,1349.8082749213381,1374.1636962890625,12544090,0.0,0.0
2021-04-08,1379.670992404003,1387.1723238034285,1358.3065069744846,1360.490478515625,8806796,0.0,0.0
2021-04-09,1354.0336830779079,1360.4905520539637,1343.6837530617704,1349.9981689453125,14078908,0.0,0.0
2021-04-12,1322.6990428680597,1328.3962390326026,1284.71773510444,1298.0587158203125,11274564,0.0,0.0
2021-04-13,1298.9607407537196,1335.4702269058855,1292.3140118171143,1329.6781005859375,9300341,0.0,0.0
2021-04-15,1334.0933891255247,1364.1935281248132,1320.7999318673344,1357.9266357421875,17222492,0.0,0.0
2021-04-16,1362.5317906650391,1372.074639887671,1351.659688498339,1356.5498046875,7803263,0.0,0.0
2021-04-19,1319.850319535718,1346.1523263021375,1303.0436388091239,1341.119873046875,12034621,0.0,0.0
2021-04-20,1353.0840848091245,1354.413453758607,1314.10572147581,1321.1798095703125,11593135,0.0,0.0
2021-04-22,1310.3550671408173,1354.7932418686225,1301.8567962214481,1350.710205078125,19242656,0.0,0.0
2021-04-23,1337.8914998959406,1362.19951248215,1329.5355662367372,1342.7816162109375,11356764,0.0,0.0
2021-04-26,1341.689686119073,1356.8822091041438,1331.956976081762,1333.903564453125,15085476,0.0,0.0
2021-04-27,1336.2300136689566,1369.2262779965433,1333.9037047061693,1366.0927734375,10296453,0.0,0.0
2021-04-28,1363.7665386545782,1404.3590674813724,1358.7814912547965,1402.2701416015625,12051970,0.0,0.0
2021-04-29,1411.1954411712486,1427.76485620054,1387.2672636851391,1398.1868896484375,12039276,0.0,0.0
2021-04-30,1372.0748209828514,1380.4307555299033,1336.4673429296633,1341.025146484375,17616451,0.0,0.0
2021-05-03,1322.6989773347668,1350.1404940163393,1307.791361140047,1343.06640625,11236850,0.0,0.0
2021-05-04,1338.793698366655,1351.1851475240876,1313.4887424777987,1318.2838134765625,10743164,0.0,0.0
2021-05-05,1330.2953460192118,1338.4613042617896,1311.969318086308,1331.8145751953125,7210806,0.0,0.0
2021-05-06,1336.5622624510725,1339.6008367667669,1324.5981731017823,1330.200439453125,5738522,0.0,0.0
2021-05-07,1341.6421132232217,1353.0365050382509,1339.0784214287391,1343.351318359375,6024167,0.0,0.0
2021-05-10,1354.98327434221,1357.8318726764965,1341.4999552571599,1348.194091796875,5530025,0.0,0.0
2021-05-11,1325.547535102552,1352.3243085738209,1324.6455254790944,1332.716552734375,7259517,0.0,0.0
2021-05-12,1329.1084769393087,1337.511818658884,1318.7585467034983,1328.87109375,6887463,0.0,0.0
2021-05-14,1323.980992835458,1328.3014132968842,1312.5865996112252,1316.8594970703125,5302071,0.0,0.0
2021-05-17,1324.7405521021683,1369.795831758598,1311.5895475626944,1367.564453125,7560346,0.0,0.0
2021-05-18,1385.3206003087078,1407.9195235298037,1381.5699927404244,1402.1748046875,11082640,0.0,0.0
2021-05-19,1396.0029127739356,1404.216393714383,1379.243753543648,1384.6085205078125,5065458,0.0,0.0
2021-05-20,1384.7509690908491,1391.9199872322104,1356.4074416029719,1360.490478515625,5342092,0.0,0.0
2021-05-21,1370.1756798247366,1426.103178780545,1370.1756798247366,1421.7353515625,9670823,0.0,0.0
2021-05-24,1427.3850035692603,1443.7169193283542,1422.8747233318054,1433.746826171875,11073051,0.0,0.0
2021-05-25,1434.2690810443894,1437.3550621853324,1396.2877746943227,1404.311279296875,9618487,0.0,0.0
2021-05-26,1405.308399326479,1411.9551282422124,1395.8130723040028,1402.50732421875,6141995,0.0,0.0
2021-05-27,1398.7566232136257,1413.8542166064856,1388.6440765885188,1407.82470703125,10219748,0.0,0.0
2021-05-28,1415.6583848342127,1436.6430352001282,1404.1215388646328,1427.574951171875,8875010,0.0,0.0
2021-05-31,1424.2990509704462,1442.814938633062,1412.4298922123592,1439.34912109375,7830527,0.0,0.0
2021-06-01,1443.5745207073294,1449.9363430391495,1431.183073376397,1435.408447265625,5515081,0.0,0.0
2021-06-02,1433.7943641175616,1433.9842242919542,1417.6523083625955,1428.09716796875,5312008,0.0,0.0
2021-06-03,1431.895329818231,1447.9898629241027,1412.6672923985896,1443.81201171875,5143630,0.0,0.0
2021-06-04,1439.4915632043574,1443.9069134106485,1423.539367591226,1425.2010498046875,4712238,0.0,0.0
2021-06-07,1433.7942735320776,1437.5924040579905,1420.5008166913829,1424.156494140625,4045834,0.0,0.0
2021-06-08,1421.0232819559362,1425.5335625139278,1406.7327677188175,1408.20458984375,4936270,0.0,0.0
2021-06-09,1409.0116785255934,1426.1981982115706,1397.7597385592053,1405.5933837890625,5111721,0.0,0.0
2021-06-10,1407.302359688496,1413.8541583524016,1399.2788549186973,1406.305419921875,5741770,0.0,0.0
2021-06-11,1415.7531183633223,1421.0230707010062,1406.3053152787181,1411.3377685546875,3602987,0.0,0.0
2021-06-14,1403.6467399151825,1411.0056184772272,1388.7391226114585,1404.7861328125,4440982,0.0,0.0
2021-06-15,1411.0056236304206,1420.5009508419307,1400.3709035174315,1415.0411376953125,3784801,0.0,0.0
2021-06-16,1412.9047039992213,1418.6019003863148,1403.5043067785653,1409.67626953125,3851049,0.0,0.0
2021-06-17,1392.014933193542,1404.1214750750003,1386.3177370140322,1392.10986328125,4641901,0.0,0.0
2021-06-18,1395.3381759175195,1414.8035944995604,1381.5699530180273,1405.118408203125,5969030,0.0,0.0
2021-06-21,1387.5996388225863,1416.5129801431958,1385.3682600777504,1413.5693359375,3630236,0.0,0.0
2021-06-22,1421.4504108910605,1431.8952702897257,1405.30835545676,1408.9166259765625,7183412,0.0,0.0
2021-06-23,1414.8036586744784,1422.21005976164,1403.9789632046836,1410.53076171875,3922434,0.0,0.0
2021-06-24,1414.8037360606847,1437.0702317173352,1412.9046706431536,1430.233642578125,7392512,0.0,0.0
2021-06-25,1434.838832110947,1445.1887616675203,1430.9457712437274,1438.636962890625,5191588,0.0,0.0
2021-06-28,1443.2897405498995,1446.1383387220376,1429.0467496892097,1432.2276611328125,4678393,0.0,0.0
2021-06-29,1437.1390623036843,1438.2833865916461,1422.9774962858962,1432.4185791015625,5485846,6.5,0.0
2021-06-30,1428.5561563768026,1439.046221610544,1424.8369281480116,1428.4608154296875,4839511,0.0,0.0
2021-07-01,1432.3706812521018,1432.3706812521018,1414.251478226942,1417.82763671875,8455721,0.0,0.0
2021-07-02,1416.1589485065972,1420.2119286622558,1408.5298093900633,1411.772216796875,7413518,0.0,0.0
2021-07-05,1420.8793567826303,1434.754899383106,1415.7297812798813,1426.1243896484375,3686941,0.0,0.0
2021-07-06,1427.6024219030753,1468.609037896283,1426.6487796706751,1463.5546875,8834516,0.0,0.0
2021-07-07,1462.887291556715,1473.7111084042683,1456.8792984883635,1468.13232421875,4814595,0.0,0.0
2021-07-08,1454.3045733275335,1466.415784521169,1443.2899576994032,1449.9654541015625,4210461,0.0,0.0
2021-07-09,1442.4315773912974,1445.7215964651298,1428.0792155056279,1432.37060546875,5347921,0.0,0.0
2021-07-12,1432.3707972348898,1432.3707972348898,1415.205235084272,1418.066162109375,7229489,0.0,0.0
2021-07-13,1426.7440963195613,1436.2805184811937,1415.3003897256021,1432.2275390625,9089071,0.0,0.0
2021-07-14,1428.079299003822,1437.4726520789272,1421.9759651949125,1429.65283203125,4894247,0.0,0.0
2021-07-15,1435.2317192737526,1455.9734401336889,1430.1297560456612,1450.203857421875,5219401,0.0,0.0
2021-07-16,1457.1175948711393,1459.024879326044,1448.391861619075,1451.7772216796875,2585314,0.0,0.0
2021-07-19,1418.0661385417552,1419.830353562298,1398.0396496988656,1402.807861328125,12555800,0.0,0.0
2021-07-20,1375.1521894456107,1386.5958969860733,1369.5734053019175,1376.2489013671875,12087125,0.0,0.0
2021-07-22,1388.5984799554842,1400.4236673337407,1378.0130740873376,1381.54150390625,6603557,0.0,0.0
2021-07-23,1384.2119245963788,1389.8860502339094,1368.7629644930455,1375.8675537109375,6563342,0.0,0.0
2021-07-26,1363.708488394237,1377.0594805883065,1361.8965447427593,1368.047607421875,6583583,0.0,0.0
2021-07-27,1369.525652129641,1382.6859621303759,1369.525652129641,1373.0064697265625,11200715,0.0,0.0
2021-07-28,1368.524441010397,1372.0051423063567,1338.9138007748488,1351.5972900390625,10335171,0.0,0.0
2021-07-29,1362.0395967001725,1363.6607420238556,1347.7826910710264,1352.503173828125,6851115,0.0,0.0
2021-07-30,1353.2184095507262,1365.377348748592,1342.680615681344,1360.322998046875,5827744,0.0,0.0
2021-08-02,1368.4766776762906,1368.4766776762906,1350.59588484951,1356.69921875,6629393,0.0,0.0
2021-08-03,1344.6356336757178,1373.1495615302729,1344.6356336757178,1368.1905517578125,6016560,0.0,0.0
2021-08-04,1374.198516495445,1406.1455326665744,1373.24487422168,1397.3720703125,11026974,0.0,0.0
2021-08-05,1399.0885962309962,1437.186675995066,1389.8383124777383,1416.0157470703125,9411204,0.0,0.0
2021-08-06,1414.7761018555104,1430.4634713601943,1405.668771189951,1423.4542236328125,6669635,0.0,0.0
2021-08-09,1422.8343721228066,1437.472758768194,1407.5760946737685,1434.1827392578125,5499024,0.0,0.0
2021-08-10,1419.9734580369695,1449.2979602764838,1419.9734580369695,1437.7589111328125,7419173,0.0,0.0
2021-08-11,1444.6726940170065,1448.4395344082827,1421.9283492241525,1425.6474609375,6292893,0.0,0.0
2021-08-12,1427.6024128358713,1437.710997152829,1420.25941425759,1431.7984619140625,4298837,0.0,0.0
2021-08-13,1431.6079147683656,1460.0265046634188,1431.4172328542074,1455.448974609375,8329214,0.0,0.0
2021-08-16,1455.4011140275154,1463.8408244890309,1450.9189256952661,1459.644775390625,3126389,0.0,0.0
2021-08-17,1446.8660441785698,1453.3508583525822,1435.5177939911678,1444.434326171875,4141333,0.0,0.0
2021-08-18,1484.5349629428792,1492.7839923485255,1438.426379743705,1442.86083984375,11492966,0.0,0.0
2021-08-20,1417.1601758458705,1449.3456032293664,1417.1601758458705,1444.5296630859375,6575203,0.0,0.0
2021-08-23,1458.929595523016,1462.0766615614218,1438.7124260738055,1453.9229736328125,5421527,0.0,0.0
2021-08-24,1459.0726493193201,1491.973307098089,1456.6408150058915,1486.585205078125,9190657,0.0,0.0
2021-08-25,1480.1481639845788,1492.2594908240737,1476.23825390703,1485.2025146484375,3863987,0.0,0.0
2021-08-26,1478.1454930790972,1498.1719804046847,1471.8990897534577,1482.7230224609375,5559501,0.0,0.0
2021-08-27,1480.0528350948236,1486.3945796099545,1473.6157496329101,1476.6673583984375,3191069,0.0,0.0
2021-08-30,1483.4858408938007,1497.2183123916486,1479.6712719450322,1495.5494384765625,4524583,0.0,0.0
2021-08-31,1491.0197452625582,1509.9495217522367,1489.7799637003325,1508.0899658203125,6031288,0.0,0.0
2021-09-01,1501.9864525992489,1523.9202230181586,1501.5096315031856,1505.8963623046875,6211279,0.0,0.0
2021-09-02,1501.1283526340508,1518.1985734443833,1498.410495304326,1515.337646484375,4809262,0.0,0.0
2021-09-03,1512.572072655739,1523.9204396374503,1495.5973090698317,1502.988037109375,5367667,0.0,0.0
2021-09-06,1506.707201493978,1507.6608438548492,1489.5416389982952,1493.1177978515625,3938448,0.0,0.0
2021-09-07,1490.0659667813172,1508.661990046748,1483.1043320199535,1496.5030517578125,3622748,0.0,0.0
2021-09-08,1499.0778774448881,1507.2315651877839,1493.022272483612,1503.3216552734375,3362040,0.0,0.0
2021-09-09,1501.0329925258195,1506.2302965389322,1488.635642524018,1495.88330078125,4125474,0.0,0.0
2021-09-13,1489.5894234558623,1510.5695561805926,1481.6265327267156,1483.4384765625,4479582,0.0,0.0
2021-09-14,1487.6819750582586,1491.9733653709266,1474.903145067142,1476.7628173828125,4879253,0.0,0.0
2021-09-15,1463.8408470075806,1482.7230100351728,1463.8408470075806,1475.0938720703125,7411499,0.0,0.0
2021-09-16,1466.463464591822,1491.782714528141,1465.0807298046352,1487.63427734375,5130275,0.0,0.0
2021-09-17,1496.2648774131387,1515.337724798902,1486.9191356295457,1508.8052978515625,10249051,0.0,0.0
2021-09-20,1491.4964569205695,1508.3758779311313,1485.774603505273,1487.538818359375,4390805,0.0,0.0
2021-09-21,1489.5892786717568,1495.9310232748892,1458.0713539637202,1480.005126953125,7387498,0.0,0.0
2021-09-22,1477.1919705159237,1478.2886824787063,1459.0727662294146,1462.6011962890625,5291101,0.0,0.0
2021-09-23,1470.516399874353,1499.1256683543988,1470.516399874353,1497.2183837890625,6832152,0.0,0.0
2021-09-24,1505.8011069140935,1533.4090033800328,1501.9865379288772,1527.3057861328125,10403351,0.0,0.0
2021-09-27,1540.7997774171185,1559.6819410299202,1533.4567784629237,1549.7640380859375,8207731,0.0,0.0
2021-09-28,1556.3441208904585,1556.3441208904585,1508.6620093435693,1540.179931640625,6386895,0.0,0.0
2021-09-29,1522.9666427940833,1532.1215849287235,1511.666005639852,1519.962646484375,8131518,0.0,0.0
2021-09-30,1512.4765454624774,1531.883141158861,1509.710959770461,1521.0115966796875,7987674,0.0,0.0
2021-10-01,1509.6157290922865,1515.3375827717266,1492.6885786239427,1509.32958984375,5564298,0.0,0.0
2021-10-04,1515.3376187332492,1527.1150778873136,1510.18792701726,1512.23828125,3525514,0.0,0.0
2021-10-05,1518.198506097127,1523.4435386244727,1503.1786402233647,1521.488525390625,5128589,0.0,0.0
2021-10-06,1522.0130037497938,1551.4328433532778,1513.4302236534604,1540.036865234375,9300415,0.0,0.0
2021-10-07,1551.1946836034358,1552.2436669469805,1532.503316098213,1535.841064453125,5632862,0.0,0.0
2021-10-08,1537.2713906387803,1546.8078136576314,1525.9707526437246,1528.3548583984375,3622781,0.0,0.0
2021-10-11,1525.7324142405037,1568.74166080772,1524.8741128459237,1558.0609130859375,6540424,0.0,0.0
2021-10-12,1549.6688104878594,1565.4516378607805,1549.6688104878594,1554.0555419921875,4088473,0.0,0.0
2021-10-13,1561.1124802633515,1571.6025457996354,1554.436984012989,1563.4012451171875,3112822,0.0,0.0
2021-10-14,1562.0660729248932,1611.6554720653662,1562.0660729248932,1609.176025390625,7378644,0.0,0.0
2021-10-18,1625.9601155381624,1645.032961468229,1589.7694369504268,1592.8687744140625,14428228,0.0,0.0
2021-10-19,1597.7798893786999,1613.9918079146369,1593.5362278559155,1610.4156494140625,4493770,0.0,0.0
2021-10-20,1610.7970723726107,1619.9997432027396,1587.289768048418,1596.2540283203125,5454284,0.0,0.0
2021-10-21,1594.2990642346435,1603.9784393609073,1583.8566123783,1598.5904541015625,4869095,0.0,0.0
2021-10-22,1602.2143377643351,1628.8209801009593,1593.2978059155023,1602.834228515625,6087777,0.0,0.0
2021-10-25,1611.6554988660794,1611.6554988660794,1538.9880016356185,1580.185302734375,8213383,0.0,0.0
2021-10-26,1573.509807872296,1596.2541536310764,1570.028990166538,1576.13232421875,6045328,0.0,0.0
2021-10-27,1576.1323714401547,1587.8622187421074,1561.398643907762,1566.6436767578125,6624821,0.0,0.0
2021-10-28,1573.5098149174735,1573.5098149174735,1513.5734188860818,1519.724365234375,8898875,0.0,0.0
2021-10-29,1516.2912218190788,1527.7349291535625,1487.6819534828696,1509.47265625,6203437,0.0,0.0
2021-11-01,1511.5230941998316,1536.3177947986933,1510.1403593848465,1530.882080078125,4061160,0.0,0.0
2021-11-02,1531.5495387804865,1546.8078156301053,1525.8754136416,1532.2647705078125,6618861,0.0,0.0
2021-11-03,1530.6913608821746,1535.268890870823,1502.5112983995414,1508.1376953125,5103669,0.0,0.0
2021-11-04,1521.0594764535515,1523.7773337404803,1516.3866058768347,1520.05810546875,548404,0.0,0.0
2021-11-08,1518.29395371777,1530.3098239787314,1497.647573672688,1526.066162109375,9471790,0.0,0.0
2021-11-09,1520.6780182852108,1520.6780182852108,1496.3125268865758,1499.3641357421875,6347738,0.0,0.0
2021-11-10,1495.3112843594276,1496.264926760167,1478.145721146118,1483.15234375,6857063,0.0,0.0
2021-11-11,1478.1931658728943,1482.8183073457153,1464.4129659825016,1476.5242919921875,3999702,0.0,0.0
2021-11-12,1478.1456647038997,1486.7761746656104,1473.4251815650591,1481.006591796875,7457046,0.0,0.0
2021-11-15,1489.6845900419244,1498.9826023202108,1482.3415910123554,1485.0594482421875,4766797,0.0,0.0
2021-11-16,1482.9137773538437,1485.0117438504863,1470.134947244203,1476.23828125,4122703,0.0,0.0
2021-11-17,1465.652765605958,1472.4236021522267,1457.642147596942,1459.8355712890625,3799439,0.0,0.0
2021-11-18,1455.305885817775,1471.94689747212,1454.5429254093626,1468.0369873046875,4576437,0.0,0.0
2021-11-22,1474.3309658236149,1480.7203225391397,1429.5575073135228,1445.101806640625,7630636,0.0,0.0
2021-11-23,1432.3707030937258,1456.974720457104,1426.9826009349592,1445.2926025390625,5617607,0.0,0.0
2021-11-24,1453.3508830024382,1465.1283422694205,1443.8621885657744,1447.6767578125,15401143,0.0,0.0
2021-11-25,1444.5773093192086,1462.21969072993,1437.1388532949907,1455.2103271484375,5125826,0.0,0.0
2021-11-26,1430.463428844332,1436.852785595272,1416.1587945558888,1420.8316650390625,9312468,0.0,0.0
2021-11-29,1425.5044496986689,1437.7587290523747,1394.2249380399146,1431.6553955078125,6495498,0.0,0.0
2021-11-30,1425.6952347668139,1458.119072881912,1417.63700391748,1424.3125,12610771,0.0,0.0
2021-12-01,1425.6952774897934,1437.1867140836257,1420.0687644836373,1434.89794921875,4338817,0.0,0.0
2021-12-02,1434.7549963820943,1457.9285533568243,1430.4636055653982,1455.0198974609375,5601555,0.0,0.0
2021-12-03,1455.067494363994,1464.7468707558762,1437.1867009138437,1443.3853759765625,4062347,0.0,0.0
2021-12-06,1442.8607425199668,1448.3919142045672,1427.9362178362062,1434.0872802734375,3514766,0.0,0.0
2021-12-07,1443.7666274709682,1460.97991652461,1439.904446233005,1454.971923828125,6213767,0.0,0.0
2021-12-08,1464.7944094972554,1482.961339851479,1462.8871251098892,1481.769287109375,7647767,0.0,0.0
2021-12-09,1473.5679150086933,1482.627516118547,1451.44346202077,1456.068603515625,5873872,0.0,0.0
2021-12-10,1454.2091757853836,1457.1654436518709,1438.521690003932,1451.9681396484375,3889692,0.0,0.0
2021-12-13,1455.25824549142,1466.3682022992448,1437.3297225079532,1441.0966796875,5161071,0.0,0.0
2021-12-14,1432.8475333663198,1445.721704215202,1427.6502294770767,1432.7998046875,4595550,0.0,0.0
2021-12-15,1433.3244279785156,1452.7310261928142,1426.3151801060142,1430.4635009765625,5057574,0.0,0.0
2021-12-16,1442.6700422411207,1446.675293126215,1424.7415213780916,1430.5587158203125,6605216,0.0,0.0
2021-12-17,1427.6025035911318,1436.1852841738441,1399.6607380184041,1404.7628173828125,7497384,0.0,0.0
2021-12-20,1384.688632215722,1390.410486067853,1348.5455654341445,1359.5601806640625,10578334,0.0,0.0
2021-12-21,1372.7680020685405,1383.4964772496944,1363.7084008044549,1374.96142578125,4559375,0.0,0.0
2021-12-22,1384.9748111366057,1388.5032412152366,1369.14425522988,1378.203857421875,4288742,0.0,0.0
2021-12-23,1385.8806352491495,1390.2197541621626,1370.240878666963,1377.15478515625,4889583,0.0,0.0
2021-12-24,1378.4899387222142,1384.6886136455587,1361.8011985439791,1372.1959228515625,2780512,0.0,0.0
2021-12-27,1362.6594014001937,1386.5957980148683,1356.222316368144,1383.544189453125,2352549,0.0,0.0
2021-12-28,1392.9852311194823,1398.8978830993071,1386.0237123258871,1393.0806884765625,2725339,0.0,0.0
2021-12-29,1388.5509638362676,1393.2714468142951,1380.3019343835915,1386.452880859375,3834351,0.0,0.0
2021-12-30,1390.887242153088,1398.8501317758307,1378.0130715880782,1393.7481689453125,3607959,0.0,0.0
2021-12-31,1393.7481399212575,1415.9680507760463,1393.7481399212575,1410.818359375,3162868,0.0,0.0
2022-01-03,1416.1586670643435,1452.39707066599,1411.8672771641484,1449.202392578125,4534592,0.0,0.0
2022-01-04,1449.5362534162196,1461.8382620071,1437.9018642625745,1457.68994140625,4428676,0.0,0.0
2022-01-05,1465.557532255422,1499.1256946291169,1457.2607744039472,1492.30712890625,7166319,0.0,0.0
2022-01-06,1471.4699426778902,1482.6752387417043,1459.120322516801,1468.37060546875,4814465,0.0,0.0
2022-01-07,1472.4236406151863,1494.1190019001574,1464.6991616377638,1478.6700439453125,5589692,0.0,0.0
2022-01-10,1485.7746260204592,1499.125617525136,1473.8540978912836,1486.871337890625,4428248,0.0,0.0
2022-01-11,1489.1600293068013,1495.978477932095,1476.047449009849,1493.308349609375,4194599,0.0,0.0
2022-01-12,1495.3111214745645,1503.5601506246755,1480.052844724824,1484.4873046875,10542765,0.0,0.0
2022-01-13,1482.9138710860807,1482.9138710860807,1449.9178686837486,1457.16552734375,20981948,0.0,0.0
2022-01-14,1459.072802854888,1476.905868325213,1448.5827369520098,1473.5205078125,5604484,0.0,0.0
2022-01-17,1459.0726338818088,1483.867332235356,1448.725638812706,1450.9666748046875,11494686,0.0,0.0
2022-01-18,1461.9335803396273,1479.0038000263964,1452.397157767288,1458.357421875,6170576,0.0,0.0
2022-01-19,1462.8872898146833,1468.3707330457357,1443.1945530156645,1448.05810546875,7158813,0.0,0.0
2022-01-20,1457.5945612564437,1457.642289937135,1430.5588246959283,1439.0462646484375,7598923,0.0,0.0
2022-01-21,1430.463362579881,1458.8819479476972,1416.7308910168329,1451.06201171875,5768847,0.0,0.0
2022-01-24,1439.9520947834376,1450.7282989672817,1399.5177557835839,1417.7322998046875,5934254,0.0,0.0
2022-01-25,1391.0302776541464,1425.6951498206824,1377.0593955458633,1419.0673828125,6797124,0.0,0.0
2022-01-27,1382.781257474474,1416.1587361031682,1368.4766237764622,1406.5745849609375,14308919,0.0,0.0
2022-01-28,1409.0065172157306,1417.779979929259,1392.3177767410941,1395.4171142578125,12462604,0.0,0.0
2022-01-31,1404.4766729393025,1422.405194432578,1398.8025479173868,1416.8262939453125,6421273,0.0,0.0
2022-02-01,1438.5694256351244,1446.67538527576,1405.1442160818206,1427.6025390625,7369742,0.0,0.0
2022-02-02,1441.859306232365,1463.8408059415208,1435.8037014249203,1460.2169189453125,6984645,0.0,0.0
2022-02-03,1457.8806364830862,1468.5613834613575,1439.0462014410314,1445.101806640625,5282381,0.0,0.0
2022-02-04,1457.546756956257,1461.7904181677036,1443.9096269766626,1453.3507080078125,5789979,0.0,0.0
2022-02-07,1442.0023726099907,1448.5825271875938,1392.3176364015055,1400.08984375,6134021,0.0,0.0
2022-02-08,1407.9575738596095,1409.9124708094826,1377.584088617179,1394.08203125,6990565,0.0,0.0
2022-02-09,1405.6687476601355,1430.1773081612864,1398.9932515721973,1428.1746826171875,5654171,0.0,0.0
2022-02-10,1443.8144957037669,1464.3178059135628,1432.0370361446096,1454.39990234375,7157265,0.0,0.0
2022-02-11,1430.7018518063087,1454.3044985866495,1429.9866200856925,1448.4395751953125,5355552,0.0,0.0
2022-02-14,1420.9269839429116,1429.9388568402676,1401.1866354956514,1405.382568359375,7328310,0.0,0.0
2022-02-15,1407.5760590994657,1454.2091916567922,1404.762860830466,1447.4383544921875,6567533,0.0,0.0
2022-02-16,1463.22087580755,1463.602355967098,1437.1387851066406,1445.483154296875,5016132,0.0,0.0
2022-02-17,1442.9560025993808,1451.4434415384894,1432.3705973658418,1436.6619873046875,3675604,0.0,0.0
2022-02-18,1428.8422408566591,1446.6753045058463,1421.356056006787,1442.2408447265625,3898064,0.0,0.0
2022-02-21,1434.2780378574362,1459.7402410340892,1426.2198068821783,1451.5389404296875,3734033,0.0,0.0
2022-02-22,1420.7363277017073,1451.5389037675527,1418.971996339188,1440.6673583984375,4768098,0.0,0.0
2022-02-23,1454.3999988967898,1454.972161053694,1426.315276821157,1431.3218994140625,4514781,0.0,0.0
2022-02-24,1382.6859425829189,1406.5746114618344,1341.9177357754822,1353.599853515625,11815383,0.0,0.0
2022-02-25,1373.197285242096,1397.9443746107265,1366.4264476918327,1388.5986328125,9159327,0.0,0.0
2022-02-28,1359.8939136448291,1371.8621710202237,1348.4979347759752,1360.13232421875,12440416,0.0,0.0
2022-03-02,1322.2250872635075,1333.5734542446264,1291.6131918287633,1310.54296875,19252780,0.0,0.0
2022-03-03,1316.9800265901372,1327.4700919721006,1299.719124107553,1307.443603515625,8763961,0.0,0.0
2022-03-04,1296.9535466405964,1321.7482467969608,1274.9244324762635,1303.1522216796875,10609682,0.0,0.0
2022-03-07,1257.3773828726733,1270.5853055538234,1236.9218019343048,1263.3853759765625,13527229,0.0,0.0
2022-03-08,1241.8330010064471,1272.1588737979826,1232.1058957623638,1266.246337890625,19606246,0.0,0.0
2022-03-09,1268.3442657846754,1310.972030258136,1257.7111308005135,1307.586669921875,11567347,0.0,0.0
2022-03-10,1360.8475504159085,1360.8475504159085,1316.2647732736916,1328.1375732421875,11136603,0.0,0.0
2022-03-11,1323.655508641141,1343.634268204841,1309.06473492801,1332.047607421875,7575390,0.0,0.0
2022-03-14,1349.4037459265471,1382.7812237409848,1349.4037459265471,1375.6766357421875,12509063,0.0,0.0
2022-03-15,1376.5825962538129,1382.3044497886399,1346.3044546320198,1357.986572265625,9433964,0.0,0.0
2022-03-16,1379.920377940437,1387.5495161736944,1369.6209947609752,1381.01708984375,6682054,0.0,0.0
2022-03-17,1403.7614872939823,1420.7363670608806,1402.3787525021787,1411.4383544921875,7411977,0.0,0.0
2022-03-21,1418.066054533116,1424.4077989066186,1404.5243808728173,1417.5892333984375,6128938,0.0,0.0
2022-03-22,1412.6304844940032,1428.556265454866,1389.6476103251714,1424.884765625,5230907,0.0,0.0
2022-03-23,1437.138865306004,1448.3918903779395,1405.287190994379,1410.67529296875,15594128,0.0,0.0
2022-03-24,1398.0396192682313,1401.5204369641083,1368.0476153375814,1375.7720947265625,10080022,0.0,0.0
2022-03-25,1383.7349591573336,1384.68860144483,1353.2184059574474,1364.5667724609375,8183231,0.0,0.0
2022-03-28,1364.566840460868,1371.337677757219,1336.6250734802463,1366.3787841796875,7877443,0.0,0.0
2022-03-29,1374.1985414960852,1392.5561556000407,1363.708476293825,1384.4979248046875,6188724,0.0,0.0
2022-03-30,1403.7614508230065,1414.0131054400904,1386.6436182827665,1408.48193359375,10054871,0.0,0.0
2022-03-31,1402.8078790831828,1415.8727325481461,1397.9443264420645,1402.18798828125,7147857,0.0,0.0
2022-04-01,1407.9575139576023,1439.9998719315447,1402.1403192142013,1436.185302734375,7284278,0.0,0.0
2022-04-04,1506.754852788424,1642.26740202591,1490.113841010485,1579.99462890625,48725485,0.0,0.0
2022-04-05,1589.4356614060523,1589.4356614060523,1527.7350478004041,1533.6953125,15461291,0.0,0.0
2022-04-06,1514.0977481883933,1516.100490035149,1475.6183068247833,1478.9560546875,13513930,0.0,0.0
2022-04-07,1469.8488535631698,1469.8964658290545,1443.5282342073765,1446.4368896484375,20390866,0.0,0.0
2022-04-08,1442.0024917537671,1455.0197323697196,1427.8886556271123,1444.434326171875,20628161,0.0,0.0
2022-04-11,1436.1853458351477,1439.9999151467948,1424.0264061542723,1426.7919921875,10399533,0.0,0.0
2022-04-12,1415.205168686705,1436.9958718899286,1411.5336691256966,1424.2647705078125,13717701,0.0,0.0
2022-04-13,1420.9271177839607,1432.6569653879537,1394.8450224948413,1397.038330078125,14446260,0.0,0.0
2022-04-18,1353.0753854557977,1365.2820537434832,1325.6105564256297,1330.7601318359375,22810188,0.0,0.0
2022-04-19,1316.8847898307615,1325.133819725143,1265.4834421100938,1279.978759765625,37048011,0.0,0.0
2022-04-20,1291.6607754824695,1296.8581958997756,1273.446230710488,1291.517822265625,24662868,0.0,0.0
2022-04-21,1301.7217732104355,1315.8357261805072,1290.5642045760555,1310.6383056640625,26223135,0.0,0.0
2022-04-22,1296.9534955864772,1311.5918812433513,1286.6065001723525,1292.7574462890625,10329574,0.0,0.0
2022-04-25,1287.4170243641886,1307.1097599080406,1260.9534521967025,1302.4368896484375,10467744,0.0,0.0
2022-04-26,1308.3972176101533,1317.8859118001228,1294.235652932151,1308.4449462890625,8508421,0.0,0.0
2022-04-27,1296.953495797288,1315.0726990473972,1293.2342676373519,1308.9217529296875,9027167,0.0,0.0
2022-04-28,1308.3972345267741,1315.0727306212984,1298.9561524822357,1307.77734375,10386861,0.0,0.0
2022-04-29,1316.360106221926,1339.6290012830343,1307.9681239518193,1320.4130859375,14200738,0.0,0.0
2022-05-02,1298.9085758246572,1341.250201941622,1298.9085758246572,1338.627685546875,9747158,0.0,0.0
2022-05-04,1335.0993018586375,1338.5323910668471,1287.4171839351147,1293.1390380859375,14527958,0.0,0.0
2022-05-05,1311.2582066675413,1311.2582066675413,1284.0794002020687,1290.2303466796875,8931456,0.0,0.0
2022-05-06,1268.3441072862433,1273.1123182158908,1252.1321901254416,1256.5189208984375,13365634,0.0,0.0
2022-05-09,1239.7348978853631,1265.0064169576417,1235.4435078542215,1258.6646728515625,16381217,0.0,0.0
2022-05-10,1254.0872600491052,1290.277936081964,1254.0872600491052,1278.8819580078125,10056906,0.0,0.0
2022-05-11,1290.2780808113448,1292.1853654836455,1267.0569132083688,1286.08203125,8551462,0.0,0.0
2022-05-12,1274.505230955244,1280.004264562276,1247.3963319045815,1257.0919189453125,11191145,15.5,0.0
2022-05-13,1263.8450943795688,1271.5146538732074,1241.60801178666,1245.8045654296875,8384119,0.0,0.0
2022-05-16,1253.1846268848947,1265.7261204564911,1239.9678692269522,1259.0694580078125,4902178,0.0,0.0
2022-05-17,1266.3049936483371,1270.549830606539,1252.4128534964639,1267.6556396484375,8320722,0.0,0.0
2022-05-18,1277.3512405037523,1286.2749960559818,1263.79673226169,1267.5592041015625,7866192,0.0,0.0
2022-05-19,1240.8361349866373,1250.676455262567,1233.2148593972086,1241.65625,10268753,0.0,0.0
2022-05-20,1257.043491021624,1277.4957248133214,1246.7690905082559,1274.3603515625,6959675,0.0,0.0
2022-05-23,1267.6556037013515,1283.0430047529424,1253.2810987974146,1258.00830078125,9743160,0.0,0.0
2022-05-24,1254.1494375019784,1278.2676959154778,1251.1587970116911,1272.4310302734375,6435398,0.0,0.0
2022-05-25,1283.0913451159477,1288.8314435012824,1276.5311317341934,1281.9337158203125,6443556,0.0,0.0
2022-05-26,1294.812768463983,1322.645213480593,1292.738574809624,1318.496826171875,13496214,0.0,0.0
2022-05-27,1323.4170919986973,1345.5093219798152,1322.404078062912,1342.952880859375,12015859,0.0,0.0
2022-05-30,1360.5109043480215,1370.3993899141035,1349.1270397123164,1352.1177978515625,6312337,0.0,0.0
2022-05-31,1346.6671047229142,1355.2532282991208,1331.3278687688946,1339.962158203125,6742694,0.0,0.0
2022-06-01,1331.3278311478355,1351.0565189309743,1330.5078339352594,1345.654052734375,6045948,0.0,0.0
2022-06-02,1338.3221185179284,1339.0456662482497,1329.977177808568,1336.2479248046875,5737510,0.0,0.0
2022-06-03,1348.9824553533729,1351.3459975345388,1327.758388285188,1331.6173095703125,3478622,0.0,0.0
2022-06-06,1327.7584434662433,1338.0810112269799,1312.6603897577388,1329.83251953125,3086633,0.0,0.0
2022-06-07,1313.9626892701306,1325.8289192527716,1306.3412962272514,1314.54150390625,5126983,0.0,0.0
2022-06-08,1324.864173557387,1332.2925497920367,1309.1390224965921,1319.1722412109375,2993294,0.0,0.0
2022-06-09,1314.2038506951637,1333.305557734161,1309.283749719946,1329.10888671875,3655908,0.0,0.0
2022-06-10,1312.1295937627676,1319.7027026970475,1296.2115445857144,1303.447021484375,4577715,0.0,0.0
2022-06-13,1276.9169664061656,1283.0912637093309,1262.1566638810964,1279.8111572265625,5446286,0.0,0.0
2022-06-14,1265.0026485396595,1279.232420944586,1258.9730839613007,1265.7261962890625,5935178,0.0,0.0
2022-06-15,1255.7411829292312,1269.3921398400112,1252.6058095431652,1261.3365478515625,5905235,0.0,0.0
2022-06-16,1263.79672192683,1273.9746739307632,1232.9253516202207,1236.1090087890625,6084596,0.0,0.0
2022-06-17,1230.0310927921776,1253.1846192447363,1226.75098632508,1244.2608642578125,7361961,0.0,0.0
2022-06-20,1258.683694557923,1278.2677686093864,1248.5058595875823,1275.518310546875,7968420,0.0,0.0
2022-06-21,1289.7480324611834,1306.2448979442722,1277.3512709782885,1289.410400390625,6610342,0.0,0.0
2022-06-22,1285.2619801883163,1289.796165626449,1276.5311236091181,1283.33251953125,4079849,0.0,0.0
2022-06-23,1283.573672904231,1300.456453269375,1271.9969092252752,1288.0596923828125,7686122,0.0,0.0
2022-06-24,1291.3397433413388,1313.6249889101925,1291.3397433413388,1306.0518798828125,4006716,0.0,0.0
2022-06-27,1321.6805695564517,1327.4689516129033,1304.3154233870969,1308.41552734375,4902082,0.0,0.0
2022-06-28,1296.5976527563591,1303.3507655311319,1291.1951860895292,1298.4306640625,4885287,0.0,0.0
2022-06-29,1284.2971670594436,1303.1094072529904,1284.2971670594436,1296.5491943359375,4997023,0.0,0.0
2022-06-30,1288.87965750765,1306.244802593831,1288.87965750765,1300.4564208984375,6237911,0.0,0.0
2022-07-01,1296.5492579295915,1312.0332265697136,1283.1396007817427,1306.003662109375,5736226,0.0,0.0
2022-07-04,1305.9552532613732,1312.2259996988316,1294.9091393352023,1307.8365478515625,4243740,0.0,0.0
2022-07-05,1315.8921138840408,1330.7007002636944,1300.7458954563026,1304.8941650390625,7162859,0.0,0.0
2022-07-06,1300.456374273587,1324.9605461251986,1299.5880934974227,1322.8863525390625,7524539,0.0,0.0
2022-07-07,1331.327771283725,1348.6929161265564,1325.9734711845488,1346.570556640625,8871571,0.0,0.0
2022-07-08,1360.2697517169659,1360.2697517169659,1345.5576143313747,1347.82470703125,6237015,0.0,0.0
2022-07-11,1344.8340452329032,1360.1732806361067,1344.1104975041194,1356.5555419921875,3731416,0.0,0.0
2022-07-12,1355.6872452665962,1355.6872452665962,1340.396293663933,1342.711669921875,4938487,0.0,0.0
2022-07-13,1340.9750863643992,1345.0269064258607,1306.4859789273291,1309.958984375,7972805,0.0,0.0
2022-07-14,1313.9627985755437,1324.2372008398606,1301.6624860338125,1303.3990478515625,5186205,0.0,0.0
2022-07-15,1305.2801297805306,1316.7604442015056,1299.298848871249,1314.010986328125,6797823,0.0,0.0
2022-07-18,1300.456420388201,1317.9180149428018,1294.7163223151585,1300.0223388671875,10166110,0.0,0.0
2022-07-19,1289.844443552998,1310.6344291470539,1289.844443552998,1300.5047607421875,7896269,0.0,0.0
2022-07-20,1311.9367667380905,1322.7416990597774,1307.4507472620141,1316.9051513671875,10173931,0.0,0.0
2022-07-21,1312.5639369716853,1321.1982265782888,1310.2002769333026,1312.7568359375,6320139,0.0,0.0
2022-07-22,1317.8216095573384,1347.7282493057114,1314.3486039782556,1343.386962890625,6364796,0.0,0.0
2022-07-25,1345.7987402616234,1355.0601273943096,1334.5114430944323,1347.34228515625,5071563,0.0,0.0
2022-07-26,1346.763661014574,1352.5520435117712,1337.4058230834157,1344.593017578125,4263982,0.0,0.0
2022-07-27,1339.9138686156516,1356.4107323479802,1335.4278493973625,1354.8671875,4606389,0.0,0.0
2022-07-28,1365.1417298558365,1373.7760193885758,1361.2345248295508,1366.878173828125,8710203,0.0,0.0
2022-07-29,1387.282233347173,1387.8610480000332,1365.38290166526,1383.6162109375,10009868,0.0,0.0
2022-08-01,1388.2470515185416,1397.363706731432,1379.6127615077073,1395.1448974609375,6596518,0.0,0.0
2022-08-02,1391.1412463402378,1393.6495218444509,1372.8596522408418,1379.8056640625,7518255,0.0,0.0
2022-08-03,1374.6924127530663,1385.1115472420888,1367.0228538687375,1383.037353515625,5487749,0.0,0.0
2022-08-04,1389.2115079762577,1395.6751533032354,1363.1155085850419,1381.397216796875,6006103,0.0,0.0
2022-08-05,1382.4586043892104,1386.2692422011266,1371.0265731885256,1376.718505859375,4634491,0.0,0.0
2022-08-08,1377.63489434934,1412.8475509626107,1376.766613509999,1410.4840087890625,7678868,0.0,0.0
2022-08-10,1409.8086207323202,1419.6006569718604,1397.9425085297403,1414.5841064453125,8676551,0.0,0.0
2022-08-11,1434.0715139217018,1438.4128000385183,1422.543034561903,1433.2996826171875,9150883,0.0,0.0
2022-08-12,1432.6245540054786,1436.772941570862,1423.8936973279565,1432.769287109375,4425185,0.0,0.0
2022-08-16,1442.0788119427957,1455.2955691439345,1435.5668828133814,1449.1695556640625,6281878,0.0,0.0
2022-08-17,1447.0955083962851,1459.3958202176536,1433.3481010665205,1456.6463623046875,6192175,0.0,0.0
2022-08-18,1447.0953934666177,1460.5051676657267,1446.7577614277939,1458.3826904296875,4171069,0.0,0.0
2022-08-19,1456.7427565185242,1458.6722171231845,1437.4481504719213,1440.390625,4031851,0.0,0.0
2022-08-22,1432.4316348037826,1435.8563568012935,1415.9346520212328,1418.4912109375,4117033,0.0,0.0
2022-08-23,1402.0426771589882,1423.893725567765,1399.2449355662611,1414.101806640625,7483442,0.0,0.0
2022-08-24,1410.339325917638,1423.4596351590685,1407.7344833068437,1420.903076171875,6727760,0.0,0.0
2022-08-25,1427.7044190343054,1434.361081771575,1405.6120712320305,1413.1851806640625,5911520,0.0,0.0
2022-08-26,1420.1313380951578,1429.5374588703658,1409.6639197384927,1413.4263916015625,3853088,0.0,0.0
2022-08-29,1386.3174362351392,1395.0000089046705,1378.213678190591,1388.6328125,4326589,0.0,0.0
2022-08-30,1395.43408916626,1437.3998570309234,1392.202266228519,1433.6856689453125,5067700,0.0,0.0
2022-09-01,1413.0887551863193,1436.9175473041741,1407.5415557718654,1420.227783203125,11201568,0.0,0.0
2022-09-02,1420.2278069862007,1437.930585339269,1413.522860400968,1433.10693359375,6019043,0.0,0.0
2022-09-05,1433.6856615978008,1446.1307059020448,1431.7562010162105,1442.320068359375,6065966,0.0,0.0
2022-09-06,1446.034143515232,1453.5108026850949,1434.0231816737269,1436.8209228515625,6119348,0.0,0.0
2022-09-07,1419.4077420565286,1437.4481516185208,1419.4077420565286,1430.019775390625,4888103,0.0,0.0
2022-09-08,1437.5445522693817,1447.095405498658,1429.8749937262091,1444.780029296875,5582345,0.0,0.0
2022-09-09,1443.4293747885376,1455.7779692813874,1441.3552989315874,1445.7447509765625,7564444,0.0,0.0
2022-09-12,1447.0953878665441,1450.9543089008548,1437.4480852807671,1440.8729248046875,5540246,0.0,0.0
2022-09-13,1446.0341543112584,1462.434568096628,1445.6965222863082,1459.7332763671875,6500983,0.0,0.0
2022-09-14,1441.3553407802353,1484.623470850817,1439.715228623841,1474.7349853515625,10109880,0.0,0.0
2022-09-15,1476.0374692536443,1486.6012197217394,1458.6723225565427,1467.0654296875,6769686,0.0,0.0
2022-09-16,1450.0862545417874,1461.2771037357215,1430.6951968695048,1440.101318359375,10280023,0.0,0.0
2022-09-19,1436.483571891462,1460.6018319970942,1427.8009982534343,1449.6038818359375,6038019,0.0,0.0
2022-09-20,1460.6017833006651,1470.249087021277,1456.6464123282017,1467.0654296875,5390834,0.0,0.0
2022-09-21,1454.813404025607,1467.8372640749078,1451.91921290354,1464.79833984375,4536152,0.0,0.0
2022-09-22,1449.024918280251,1456.8874938199108,1430.4538599068192,1433.5892333984375,6024072,0.0,0.0
2022-09-23,1420.4207869427203,1422.9773460666079,1386.3175907103157,1395.1448974609375,7903126,0.0,0.0
2022-09-26,1375.0783230229915,1385.7868059049115,1367.9875788015129,1376.33251953125,4461743,0.0,0.0
2022-09-27,1381.8796805698075,1389.2116071657524,1357.3755078348706,1363.98388671875,6319850,0.0,0.0
2022-09-28,1356.4109052345063,1360.8486413999244,1337.019848278807,1340.5411376953125,5908066,0.0,0.0
2022-09-29,1347.0529063912657,1352.7447207016949,1330.1701268757656,1333.5948486328125,7205194,0.0,0.0
2022-09-30,1330.1701575837494,1380.9631126296083,1316.8568326096372,1371.2193603515625,7890878,0.0,0.0
2022-10-03,1360.2214380514977,1367.8428309670453,1351.683598457816,1363.3568115234375,5770556,0.0,0.0
2022-10-04,1379.0820110029626,1406.576825493053,1375.8501879404473,1401.753173828125,5769263,0.0,0.0
2022-10-06,1408.4580191804994,1411.0145781461094,1383.6162128125577,1386.3175048828125,6274599,0.0,0.0
2022-10-07,1379.8054108380825,1384.3395958110787,1370.2545580123858,1380.3360595703125,6648997,0.0,0.0
2022-10-10,1358.3402716431096,1375.7054171612742,1348.8858675328033,1365.0933837890625,6554651,0.0,0.0
2022-10-11,1351.6835932456809,1367.0228284945474,1350.0917647053866,1351.24951171875,7260810,0.0,0.0
2022-10-12,1353.7094682304003,1364.9485994328072,1348.0176538473545,1360.0767822265625,4612525,0.0,0.0
2022-10-13,1352.600284607017,1356.6521051216714,1335.1868540361907,1344.4482421875,7357117,0.0,0.0
2022-10-14,1367.022880930632,1395.9647909009348,1365.3346028490312,1388.2469482421875,6424960,0.0,0.0
2022-10-17,1384.3879577604919,1406.190838629379,1376.6701154872628,1395.5306396484375,9205250,0.0,0.0
2022-10-18,1406.625021786853,1411.3039400583611,1389.2115932515835,1392.92578125,5280554,0.0,0.0
2022-10-19,1412.365263425077,1425.2926739520374,1402.1391450434296,1407.2039794921875,6483520,0.0,0.0
2022-10-20,1393.0706631043167,1401.6567870046924,1391.6235675401501,1397.701416015625,3949039,0.0,0.0
2022-10-21,1400.788371262445,1406.2391209157286,1383.4232261641503,1387.8609619140625,5246303,0.0,0.0
2022-10-24,1403.0073574218059,1411.4004641353665,1403.0073574218059,1409.519287109375,1083897,0.0,0.0
2022-10-25,1409.5674974319752,1416.0312614662014,1394.0353622772368,1399.727294921875,6886697,0.0,0.0
2022-10-27,1412.8473892405395,1415.5968467796254,1400.0647139879366,1403.1036376953125,7968638,0.0,0.0
2022-10-28,1398.8589684903432,1415.2593839829885,1396.3506932032778,1407.2520751953125,5237139,0.0,0.0
2022-10-31,1420.0830727366833,1445.1660617931736,1415.500603582132,1443.911865234375,6415264,0.0,0.0
2022-11-01,1450.4720530980248,1475.0726765459794,1446.0343171270667,1459.878173828125,9536878,0.0,0.0
2022-11-02,1463.4958475776918,1474.3490633227473,1458.2862804670797,1460.7945556640625,6360203,0.0,0.0
2022-11-03,1444.8764631188508,1466.6311775851527,1444.2011990429032,1454.379150390625,5166176,0.0,0.0
2022-11-04,1450.1826173036916,1462.6276623913277,1437.062308075963,1444.3460693359375,5409030,0.0,0.0
2022-11-07,1456.7427122294416,1458.672172775441,1439.474016789763,1455.5850830078125,4917917,0.0,0.0
2022-11-09,1461.6147649854413,1464.4123887906214,1450.954447503857,1455.1510009765625,4634895,0.0,0.0
2022-11-10,1444.297717663876,1473.1431773683444,1442.3200911953911,1470.9725341796875,6387091,0.0,0.0
2022-11-11,1490.508381570357,1579.2635732237375,1483.7552691619476,1554.3253173828125,28361169,0.0,0.0
2022-11-14,1555.1451720986902,1570.5808561889999,1541.6389485196694,1558.087646484375,9597695,0.0,0.0
2022-11-15,1565.9019696244475,1565.9019696244475,1548.6332741466993,1561.8983154296875,5515101,0.0,0.0
2022-11-16,1561.5606989115206,1584.0871275066968,1555.1452189651616,1575.30810546875,6789075,0.0,0.0
2022-11-17,1561.0299634527873,1574.0056557205573,1556.9781435879725,1561.0782470703125,6050465,0.0,0.0
2022-11-18,1563.827833135127,1565.7572937558982,1548.6333307465532,1556.978271484375,5229616,0.0,0.0
2022-11-21,1550.9486094982885,1555.1451625315399,1534.1139959819059,1541.0118408203125,4172408,0.0,0.0
2022-11-22,1543.5685246865203,1547.7650780600252,1534.8859517351586,1538.744873046875,4273157,0.0,0.0
2022-11-23,1548.3921840497999,1548.3921840497999,1537.7801503896455,1542.74853515625,5092869,0.0,0.0
2022-11-24,1549.3085290666472,1574.439799690969,1542.748433893557,1567.8314208984375,8598980,0.0,0.0
2022-11-25,1572.2208763783985,1574.150336921424,1557.1711076957843,1560.595947265625,4205248,0.0,0.0
2022-11-28,1546.3662512801602,1550.755703570954,1537.8284115132979,1543.8096923828125,8052990,0.0,0.0
2022-11-29,1540.9154480771624,1555.482851831089,1536.6706112691827,1541.4942626953125,6319118,0.0,0.0
2022-11-30,1540.7706720349372,1556.0134572226107,1540.7706720349372,1551.7203369140625,7592403,0.0,0.0
2022-12-01,1564.7925630800883,1579.2635177324935,1558.0394509089658,1562.3807373046875,10223183,0.0,0.0
2022-12-02,1553.2158323321582,1561.512489622685,1548.5369137815355,1550.4180908203125,3905539,0.0,0.0
2022-12-05,1553.1675765343527,1557.6535962051867,1539.9025342503971,1556.061767578125,5796311,0.0,0.0
2022-12-06,1544.533280837632,1556.785309101201,1543.5685504935736,1554.3253173828125,6176546,0.0,0.0
2022-12-07,1557.2194751995885,1561.5124780331053,1547.861520402865,1553.64990234375,5837360,0.0,0.0
2022-12-08,1553.215799358164,1568.6514843207297,1548.3921478073623,1562.3807373046875,7401817,0.0,0.0
2022-12-09,1568.651380579606,1577.1892197068978,1562.8629991014525,1573.5233154296875,5981692,0.0,0.0
2022-12-12,1567.6868186341492,1595.2780830891231,1564.2138129273928,1585.7755126953125,7217404,0.0,0.0
2022-12-13,1591.8050335062003,1598.5581457695598,1586.9813818895148,1590.1650390625,8515851,0.0,0.0
2022-12-14,1594.699169620784,1606.7582982476806,1591.804978750329,1603.6229248046875,7113820,0.0,0.0
2022-12-15,1598.606388279992,1610.5207839138136,1569.6644793241846,1574.2469482421875,9091324,0.0,0.0
2022-12-16,1562.9113779318131,1587.0778014163616,1552.2510609541548,1581.820068359375,7323979,0.0,0.0
2022-12-19,1586.016686616507,1588.5732455828356,1568.8444393756342,1586.740234375,4802271,0.0,0.0
2022-12-20,1563.056016468042,1578.684718302102,1563.056016468042,1575.79052734375,3587349,0.0,0.0
2022-12-21,1583.1225661872625,1586.7885887664327,1549.8876514375704,1560.5478515625,4634599,0.0,0.0
2022-12-22,1564.9855223290533,1570.0986402758642,1552.2511288503015,1555.193603515625,4873548,0.0,0.0
2022-12-23,1531.0269903252222,1547.572138568868,1529.5316112501237,1541.3013916015625,5346576,0.0,0.0
2022-12-26,1543.0861110207968,1581.192957776234,1533.92117319354,1571.979736328125,4953661,0.0,0.0
2022-12-27,1575.4046664971806,1578.2505739326434,1556.5924246131053,1573.5716552734375,3963386,0.0,0.0
2022-12-28,1565.853741152861,1575.4045947659715,1565.853741152861,1572.3175048828125,4345935,0.0,0.0
2022-12-29,1562.959512515879,1585.5342247572241,1554.1804904678359,1583.411865234375,5506448,0.0,0.0
2022-12-30,1586.981390491164,1586.981390491164,1562.8631322770125,1570.7257080078125,3561320,0.0,0.0
2023-01-02,1569.616353090282,1581.9166656298646,1561.4644283562995,1571.25634765625,2190689,0.0,0.0
2023-01-03,1564.9853701770307,1585.0518065565093,1564.9853701770307,1581.530517578125,4189015,0.0,0.0
2023-01-04,1577.3341354847369,1587.7049868342542,1550.321685458087,1553.26416015625,5175800,0.0,0.0
2023-01-05,1558.0393505648565,1560.9818249273105,1533.3422797683302,1543.2789306640625,5470718,0.0,0.0
2023-01-06,1545.4978197081844,1552.3473807494127,1522.537193258237,1538.1658935546875,4546231,0.0,0.0
2023-01-09,1539.709520796655,1554.7111236973547,1533.9211391395247,1541.1566162109375,5364670,0.0,0.0
2023-01-10,1543.5684755821242,1543.5684755821242,1509.8029151787653,1512.986572265625,8185883,0.0,0.0
2023-01-11,1512.6487980869458,1541.6389901580285,1504.9792394533945,1534.7894287109375,7597899,0.0,0.0
2023-01-12,1531.7988975812918,1547.3310326708622,1528.2776082490916,1542.98974609375,4625035,0.0,0.0
2023-01-13,1542.3626674686989,1553.119434566503,1530.0623553434598,1544.1956787109375,4622273,0.0,0.0
2023-01-16,1558.039529512247,1564.1173778788575,1524.563433166782,1529.3870849609375,7374047,0.0,0.0
2023-01-17,1533.7283371982635,1554.1805732410862,1521.8621069446392,1552.1546630859375,5393177,0.0,0.0
2023-01-18,1548.3922621604706,1583.7013705670302,1543.2791440330307,1579.5531005859375,9545321,0.0,0.0
2023-01-19,1579.2634756427735,1591.8049693406087,1575.4045545049783,1586.113037109375,5586081,0.0,0.0
2023-01-20,1586.1129712784573,1610.1347779172047,1585.4377072133404,1602.36865234375,9421702,0.0,0.0
2023-01-23,1607.481952658081,1623.2552703959923,1602.8030339932786,1614.09033203125,7722200,0.0,0.0
2023-01-24,1615.971508125259,1642.3568578201632,1615.923224505124,1635.7001953125,12491970,0.0,0.0
2023-01-25,1631.7449072435593,1633.240168599333,1587.2708624873728,1590.502685546875,7352071,0.0,0.0
2023-01-27,1574.4398631857616,1579.2635147273847,1533.8729066147398,1558.811279296875,17589974,0.0,0.0
2023-01-30,1538.7448730885465,1567.976249131562,1526.2033788251288,1557.219482421875,9256411,0.0,0.0
2023-01-31,1562.5735291362478,1565.4677198683135,1538.7447392148767,1546.9449462890625,9298122,0.0,0.0
2023-02-01,1566.7220109068626,1606.275953300447,1549.3568654657768,1570.1468505859375,8651395,0.0,0.0
2023-02-02,1551.3828842961257,1567.204485915605,1532.7153751913927,1546.8004150390625,8748553,0.0,0.0
2023-02-03,1554.1805220293932,1601.9346721476147,1550.3216008077186,1600.294677734375,7205550,0.0,0.0
2023-02-06,1601.4523111732822,1610.520799620864,1588.1389858177972,1593.4932861328125,5583836,0.0,0.0
2023-02-07,1600.8734797309821,1606.1794963689108,1575.0186606438303,1595.8568115234375,5132294,0.0,0.0
2023-02-08,1595.9051230083498,1609.363063791733,1591.805019171091,1595.6639404296875,4222413,0.0,0.0
2023-02-09,1601.4523478723136,1603.044176469872,1577.8647384087215,1592.335693359375,5888668,0.0,0.0
2023-02-10,1590.6474717214232,1600.005309148909,1584.2801571052632,1598.6546630859375,4086058,0.0,0.0
2023-02-13,1596.628650672353,1603.1405802143702,1586.5472661169797,1599.8604736328125,2868472,0.0,0.0
2023-02-14,1606.275960819637,1618.3350896546192,1599.474565050735,1614.6690673828125,5454296,0.0,0.0
2023-02-15,1618.8174141557708,1618.8174141557708,1598.3168956511165,1611.3890380859375,5719356,0.0,0.0
2023-02-16,1614.1867797891173,1622.5800045205071,1602.4171165866287,1605.552490234375,4031250,0.0,0.0
2023-02-17,1602.4169268373557,1609.3147715985804,1585.0034989189764,1597.496826171875,4478135,0.0,0.0
2023-02-20,1601.4523357226476,1610.5689901664211,1577.1411786959632,1582.495361328125,4043353,0.0,0.0
2023-02-21,1582.157719736942,1603.7194187669563,1576.3693378354656,1588.428466796875,6194648,0.0,0.0
2023-02-22,1581.1929362864337,1584.0388435197215,1552.2993113717953,1557.267578125,5179551,0.0,0.0
2023-02-23,1556.109855058207,1561.7535033292095,1535.9469697750824,1546.7037353515625,13941005,0.0,0.0
2023-02-24,1560.8373409929682,1560.8373409929682,1529.2905861877102,1532.9083251953125,8530870,0.0,0.0
2023-02-27,1529.9658817078837,1542.6038257075982,1521.6692242720744,1536.718994140625,7156486,0.0,0.0
2023-02-28,1535.850568719001,1548.68152823952,1532.6669117658125,1543.1824951171875,9496996,0.0,0.0
2023-03-01,1555.1453191626208,1556.1100495094959,1539.4684510259008,1541.6873779296875,7068628,0.0,0.0
2023-03-02,1537.779993303448,1549.3084724960845,1526.2032304931336,1528.5667724609375,8695907,0.0,0.0
2023-03-03,1539.709558326666,1562.8630855195481,1531.9917159290387,1558.90771484375,7493117,0.0,0.0
2023-03-06,1562.8631829857409,1581.6271413791937,1560.9820058899734,1569.90576171875,13502355,0.0,0.0
2023-03-08,1562.863063997318,1581.675304582471,1562.863063997318,1573.041015625,10049887,0.0,0.0
2023-03-09,1572.4621212130269,1587.8978061684572,1569.6162139053415,1573.1856689453125,10350083,0.0,0.0
2023-03-10,1553.649823743003,1556.833480755398,1529.0974853585167,1532.6187744140625,13693500,0.0,0.0
2023-03-13,1531.8952912516052,1547.2345268181991,1509.7546598560236,1513.227783203125,13221775,0.0,0.0
2023-03-14,1514.8677134221161,1527.746839032758,1504.3039640230893,1509.17578125,16592806,0.0,0.0
2023-03-15,1522.3444411061616,1527.071643215181,1482.4045824062837,1487.5177001953125,18632377,0.0,0.0
2023-03-16,1484.7199941163353,1504.1110504085325,1478.0151653554417,1497.1650390625,10876671,0.0,0.0
2023-03-17,1502.56741810562,1523.5020181732555,1485.6846381269052,1517.18310546875,11475438,0.0,0.0
2023-03-20,1512.6488835174446,1512.7936166208592,1490.8942850954022,1506.6676025390625,13251557,0.0,0.0
2023-03-21,1516.5078085936116,1526.6857607713946,1501.3133057612897,1523.7432861328125,16525247,0.0,0.0
2023-03-22,1528.1329099166362,1530.1106542860766,1510.0924990583178,1520.22216796875,7088662,0.0,0.0
2023-03-23,1512.455924293214,1534.2588054693156,1503.580452659911,1508.0181884765625,14182089,0.0,0.0
2023-03-24,1504.979347031583,1518.389122458762,1500.1074116547695,1505.6064453125,15738874,0.0,0.0
2023-03-27,1507.1015480281956,1523.7431448250618,1503.91800886514,1512.1663818359375,15936003,0.0,0.0
2023-03-28,1510.4782073054998,1527.071639384831,1508.9346623542654,1524.466796875,19638151,0.0,0.0
2023-03-29,1528.1328058534702,1545.4979513745325,1526.1068957623324,1531.798828125,19881806,0.0,0.0
2023-03-31,1539.323558605934,1556.0616048388968,1536.2364689214114,1552.7816162109375,17355614,0.0,0.0
2023-04-03,1550.8522690084276,1558.7147268841345,1546.221516378439,1553.7464599609375,20012699,0.0,0.0
2023-04-05,1561.5124359820436,1597.5933726615647,1559.004160761527,1595.4227294921875,21682696,0.0,0.0
2023-04-06,1590.4062398476265,1610.3278270406204,1589.0073102038157,1607.578369140625,22318672,0.0,0.0
2023-04-10,1604.5876616974417,1612.0643214768825,1595.6639064768185,1599.9569091796875,15906643,0.0,0.0
2023-04-11,1600.4875988514102,1610.5208177196796,1592.8662057800839,1604.635986328125,21180771,0.0,0.0
2023-04-12,1609.1702761655129,1628.6577827636997,1608.9773771952096,1625.4742431640625,13477752,0.0,0.0
2023-04-13,1628.754154040562,1637.1955438620853,1618.9621182946103,1632.7576904296875,17665043,0.0,0.0
2023-04-17,1659.3361364374953,1659.3361364374953,1594.9886717409204,1607.8677978515625,16202574,0.0,0.0
2023-04-18,1611.0996250729013,1618.0939198524095,1597.9793163498448,1601.06640625,14818613,0.0,0.0
2023-04-19,1606.2760298075236,1611.3891477591312,1598.7029201268836,1606.9512939453125,12370584,0.0,0.0
2023-04-20,1612.7396004679365,1618.2867997103544,1607.6266005208395,1612.9326171875,16461358,0.0,0.0
2023-04-21,1610.1347656707019,1617.8043239494439,1604.5875668075464,1615.5372314453125,10064309,0.0,0.0
2023-04-24,1627.5000336603557,1631.7930364357046,1615.0549891030907,1628.6094970703125,17837926,0.0,0.0
2023-04-25,1628.1752602447204,1628.1752602447204,1603.2852894687967,1605.4559326171875,25176534,0.0,0.0
2023-04-26,1601.4521956518786,1615.9231492270462,1596.628544460156,1612.8360595703125,13696375,0.0,0.0
2023-04-27,1611.5820015493707,1625.8117737869363,1607.0959820028468,1621.711669921875,23895196,0.0,0.0
2023-04-28,1625.2811159530158,1631.3589640486432,1611.0996274164602,1628.078857421875,13958136,0.0,0.0
2023-05-02,1629.1400227770662,1639.0767920478959,1622.6763768243443,1627.7412109375,16110592,0.0,0.0
2023-05-03,1625.5222464734327,1636.1825632277923,1620.4092466223024,1633.43310546875,14703635,0.0,0.0
2023-05-04,1627.5964895373907,1673.2764463618742,1627.5964895373907,1666.861083984375,28427319,0.0,0.0
2023-05-05,1581.1929687831453,1602.368751857033,1564.8890030871237,1568.3138427734375,31385208,0.0,0.0
2023-05-08,1577.3340294287113,1592.1426158767842,1572.5103779625686,1586.45068359375,18622262,0.0,0.0
2023-05-09,1591.708590758539,1597.5934222027972,1582.1094533417788,1586.4990234375,21844469,0.0,0.0
2023-05-10,1586.4988842547175,1596.2909197719375,1575.5009359340202,1593.830810546875,23170275,0.0,0.0
2023-05-11,1606.4206876237754,1628.4647514947558,1591.0814522527999,1594.89208984375,17867309,0.0,0.0
2023-05-12,1588.910856908976,1613.8009465821938,1586.2578484958008,1608.977294921875,11239380,0.0,0.0
2023-05-15,1613.0291679420263,1621.4705586235411,1606.3725048801873,1616.6951904296875,9256130,0.0,0.0
2023-05-16,1631.3319950607224,1631.3319950607224,1604.2048818934747,1607.425048828125,16361043,19.0,0.0
2023-05-17,1610.0596497648444,1610.0596497648444,1586.0063105679958,1598.7891845703125,15233434,0.0,0.0
2023-05-18,1608.108045212766,1613.9139701812826,1600.3016954787233,1605.1806640625,24823471,0.0,0.0
2023-05-19,1608.108017215405,1610.0596046149383,1592.0562585004207,1607.03466796875,15230166,0.0,0.0
2023-05-22,1605.1807537660256,1612.889548382278,1593.1784427330235,1601.326416015625,14167016,0.0,0.0
2023-05-23,1609.0838717465374,1609.669324165442,1593.9102314953507,1597.5694580078125,11235037,0.0,0.0
2023-05-24,1588.1530759160523,1595.1787428737548,1574.5406824017723,1576.6875,16794056,0.0,0.0
2023-05-25,1576.5898912071812,1580.8346892500563,1558.6840999792341,1570.6375732421875,14888465,0.0,0.0
2023-05-26,1579.8099921777698,1579.8099921777698,1563.4654477868014,1576.6875,13317533,0.0,0.0
2023-05-29,1589.0800884250325,1601.277510043278,1585.5184174894157,1595.91064453125,10908146,0.0,0.0
2023-05-30,1594.0565970528849,1602.8875778644199,1589.1289102365101,1597.13037109375,18562964,0.0,0.0
2023-05-31,1590.4463414462825,1595.374028676315,1565.807547949758,1571.857421875,21667135,0.0,0.0
2023-06-01,1580.6882393651658,1580.6882393651658,1561.2699209008729,1565.173095703125,25183469,0.0,0.0
2023-06-02,1573.4184735850163,1575.7116840281592,1562.2456835815924,1567.612548828125,8929855,0.0,0.0
2023-06-05,1575.4190922028768,1577.3706798054818,1563.660729251,1565.5635986328125,9348621,0.0,0.0
2023-06-06,1568.7347461673205,1570.881444634513,1553.707499550651,1560.6844482421875,16091426,0.0,0.0
2023-06-07,1564.6363241373206,1573.5161418926298,1557.3667088879977,1568.783447265625,12474513,0.0,0.0
2023-06-08,1564.4412493256045,1586.6405559977752,1564.4412493256045,1569.75927734375,18697761,0.0,0.0
2023-06-09,1576.785157885566,1579.322197834097,1568.1005696134655,1571.6134033203125,9106289,0.0,0.0
2023-06-12,1573.5162355699415,1576.687565209799,1560.7332423446205,1562.0506591796875,6704146,0.0,0.0
2023-06-13,1551.6096424556315,1570.0521684437851,1551.6096424556315,1564.685302734375,13963054,0.0,0.0
2023-06-14,1571.4670192315089,1572.979547211546,1561.4651331527755,1562.9776611328125,10056984,0.0,0.0
2023-06-15,1565.1731413068085,1567.075891432169,1540.7782980819518,1543.7545166015625,17688738,0.0,0.0
2023-06-16,1548.73113196562,1570.2473134872712,1545.657357715255,1563.9534912109375,7889636,0.0,0.0
2023-06-19,1572.0037434945993,1575.1750732068015,1559.6599286378619,1565.319580078125,12414573,0.0,0.0
2023-06-20,1565.319493821509,1572.003656869654,1552.146278819808,1568.58837890625,10002813,0.0,0.0
2023-06-21,1576.8826456927038,1597.6182621660764,1572.0036771107339,1596.0081787109375,12154473,0.0,0.0
2023-06-22,1600.3017415369793,1617.4269694050936,1599.3747851255607,1603.8145751953125,28298070,0.0,0.0
2023-06-23,1597.9111158026365,1619.7200824673466,1594.4958376501845,1603.717041015625,10669609,0.0,0.0
2023-06-26,1605.180675700265,1610.7914896122873,1589.2751903556589,1595.95947265625,8065157,0.0,0.0
2023-06-27,1603.1802207024389,1632.405313649559,1598.8868236908677,1618.451416015625,16915932,0.0,0.0
2023-06-28,1629.575626604897,1639.2360089330107,1620.3055856152284,1635.5767822265625,29781475,0.0,0.0
2023-06-30,1662.7524939429406,1667.436351431211,1642.5047743130604,1660.2154541015625,20349508,0.0,0.0
2023-07-03,1671.0468238793317,1714.9575433389346,1668.6073394649093,1678.170166015625,22052058,0.0,0.0
2023-07-04,1681.7316789389165,1704.7116692356387,1672.3153646101384,1686.36669921875,19397594,0.0,0.0
2023-07-05,1674.7060714859429,1678.3652981534285,1628.1607559217057,1632.7957763671875,18582877,0.0,0.0
2023-07-06,1632.5028803492305,1646.9933931508795,1620.2079033998145,1634.4544677734375,26078272,0.0,0.0
2023-07-07,1624.6966353543528,1634.4545731042288,1616.207277158141,1620.2080078125,9963168,0.0,0.0
2023-07-10,1620.7934248503902,1636.1621764707356,1609.766907787709,1616.353515625,19199221,0.0,0.0
2023-07-11,1622.7449777627498,1635.4302962900595,1605.6685874375255,1608.4984130859375,25335213,0.0,0.0
2023-07-12,1615.2801671985094,1625.9651802763124,1587.7628309761358,1593.42236328125,35479179,0.0,0.0
2023-07-13,1616.597480963655,1617.3293262865604,1598.399022559767,1601.3751220703125,20956773,0.0,0.0
2023-07-14,1613.5724479222179,1613.5724479222179,1595.4227088192888,1604.6927490234375,12363607,0.0,0.0
2023-07-17,1610.0596689625347,1641.2850686030201,1593.4711754035268,1638.2601318359375,24626464,0.0,0.0
2023-07-18,1656.8976916158251,1662.7524537770119,1629.575468196954,1636.8939208984375,40538409,0.0,0.0
2023-07-19,1640.4068835123499,1647.8717296786176,1634.4545653363048,1644.31005859375,16467567,0.0,0.0
2023-07-20,1640.4556953850984,1651.043033805977,1639.3335087435235,1647.8717041015625,28105474,0.0,0.0
2023-07-21,1639.333402487692,1648.8962283150465,1632.7467950669825,1635.186279296875,21077124,0.0,0.0
2023-07-24,1637.86977234658,1643.8709275964975,1629.6730812087985,1637.772216796875,16089722,0.0,0.0
2023-07-25,1643.8709287997028,1657.8735449827957,1637.7722179956165,1655.5316162109375,27996298,0.0,0.0
2023-07-26,1658.4590020952107,1658.4590020952107,1647.1398186338492,1649.7744140625,12397179,0.0,0.0
2023-07-27,1658.7517740909373,1661.7767108101334,1627.0871963000095,1632.6492919921875,29870651,0.0,0.0
2023-07-28,1621.2813286568062,1628.5022262879372,1601.3751121737112,1603.717041015625,20507842,0.0,0.0
2023-07-31,1610.1085233012388,1616.69513110747,1599.0331689569216,1611.2305908203125,17282503,0.0,0.0
2023-08-01,1614.4019445912572,1627.0872635184455,1610.059709989284,1622.01318359375,17697094,0.0,0.0
2023-08-02,1602.2533635003144,1611.5234042757425,1593.6176124957688,1600.7896728515625,14058161,0.0,0.0
2023-08-03,1600.3017980721038,1611.3770336442076,1583.7133038237955,1589.2265625,28836973,0.0,0.0
2023-08-04,1595.569208571142,1616.4023817601737,1589.8120014988006,1612.2064208984375,18694152,0.0,0.0
2023-08-07,1622.8425509826332,1622.8425509826332,1607.6690297405617,1611.2794189453125,14150459,0.0,0.0
2023-08-08,1611.7185155124987,1615.5241350226497,1602.302200963797,1609.962158203125,21886914,0.0,0.0
2023-08-09,1612.9869695765724,1614.4506601115784,1591.6170639423972,1610.5474853515625,16680618,0.0,0.0
2023-08-10,1607.1811588386288,1614.2068262591354,1591.5196213562942,1596.252197265625,25390559,0.0,0.0
2023-08-11,1598.7405241545077,1598.7405241545077,1577.0778311597512,1579.614990234375,14112911,0.0,0.0
2023-08-14,1572.0036834786333,1575.9068583600204,1561.5139009849056,1571.9061279296875,15652205,0.0,0.0
2023-08-16,1544.7790131270835,1570.686384019441,1543.022655901694,1567.31982421875,17068771,0.0,0.0
2023-08-17,1558.9280426269338,1570.9303531783044,1555.4152090143568,1558.6353759765625,26442020,0.0,0.0
2023-08-18,1549.121404153342,1557.659599403531,1547.1209793342616,1552.243896484375,12816683,0.0,0.0
2023-08-21,1561.757901201611,1561.757901201611,1548.5846855401167,1551.024169921875,10918635,0.0,0.0
2023-08-22,1557.7082799664051,1559.3183634263235,1541.7540764790933,1544.388671875,16136785,0.0,0.0
2023-08-23,1541.7541210271847,1552.0487927093366,1535.1675132316573,1548.1943359375,18249294,0.0,0.0
2023-08-24,1554.7321567827373,1557.5618632329904,1537.9972709300926,1541.071044921875,21572896,0.0,0.0
2023-08-25,1536.4360600769462,1539.3146039246367,1520.676967567085,1523.701904296875,15034878,0.0,0.0
2023-08-28,1523.7019452642212,1544.3400069626475,1523.7019452642212,1539.55859375,14433619,0.0,0.0
2023-08-29,1551.219238042558,1554.097901002535,1543.1689398058263,1551.8048095703125,17769466,0.0,0.0
2023-08-30,1565.124264671195,1565.124264671195,1535.6065051103606,1540.4854736328125,14042102,0.0,0.0
2023-08-31,1540.7783010564954,1544.8278688627286,1525.2631569124446,1533.4110107421875,50037886,0.0,0.0
2023-09-01,1532.972008168719,1540.778358305797,1521.6039869585088,1536.5823974609375,21613388,0.0,0.0
2023-09-04,1551.5119977961015,1552.9268510284176,1536.7775366086737,1546.1939697265625,12536819,0.0,0.0
2023-09-05,1549.9508034058397,1549.9508034058397,1532.581627154415,1536.777587890625,19356041,0.0,0.0
2023-09-06,1538.6316110275638,1561.2699780633031,1536.7775791055244,1556.87890625,28160455,0.0,0.0
2023-09-07,1556.8790108398075,1574.931196173895,1548.731156417513,1571.857421875,17104171,0.0,0.0
2023-09-08,1569.3691755202071,1593.3736785551043,1568.686048408636,1584.1036376953125,17251105,0.0,0.0
2023-09-11,1589.4704672634227,1596.8864759593007,1584.689054053104,1592.30029296875,15786511,0.0,0.0
2023-09-12,1600.301792350713,1603.1316181236916,1585.7137230483306,1597.27685546875,19516670,0.0,0.0
2023-09-13,1591.8124440462539,1611.620986349386,1589.177729365875,1604.107421875,23210047,0.0,0.0
2023-09-14,1604.448889549514,1610.0597036683582,1595.5203528242632,1603.131591796875,11769424,0.0,0.0
2023-09-15,1610.0595707532534,1629.5754443381413,1610.0595707532534,1621.525146484375,86705601,0.0,0.0
2023-09-18,1613.718878740321,1614.9386209011225,1586.738158320304,1589.6168212890625,18528144,0.0,0.0
2023-09-20,1560.2941996888326,1560.2941996888326,1522.6285849203093,1525.8486328125,57737324,0.0,0.0
2023-09-21,1515.40764153017,1530.9715036601715,1499.8437794001684,1515.7491455078125,36420721,0.0,0.0
2023-09-22,1521.2624473770545,1526.53175741941,1486.8657178901774,1492.6229248046875,30852125,0.0,0.0
2023-09-25,1488.0854232259858,1503.4053369861347,1488.0854232259858,1493.940185546875,20104377,0.0,0.0
2023-09-26,1488.0855062176747,1502.7224128362093,1488.0855062176747,1500.4293212890625,13787654,0.0,0.0
2023-09-27,1486.133842982326,1495.403883368624,1478.327493183338,1489.890625,19669269,0.0,0.0
2023-09-28,1496.8676178382732,1500.3804515277113,1481.596421773222,1486.81689453125,27677094,0.0,0.0
2023-09-29,1486.8168449394686,1498.2824211604316,1485.450829022518,1489.35400390625,16026891,0.0,0.0
2023-10-03,1490.0370198315584,1490.0370198315584,1469.5453515824013,1471.5457763671875,19485847,0.0,0.0
2023-10-04,1458.8116686302092,1497.8434189614522,1453.2008545200931,1492.525390625,27324715,0.0,0.0
2023-10-05,1497.8921873593165,1513.99278362997,1495.5014212922865,1498.5751953125,24256337,0.0,0.0
2023-10-06,1506.6256044232891,1507.6013982085374,1492.818098538936,1496.91650390625,8879678,0.0,0.0
2023-10-09,1491.0128175237016,1492.9644049811934,1475.4001178637675,1479.5472412109375,8227486,0.0,0.0
2023-10-10,1483.7432452271723,1491.9886548297247,1478.5226533335451,1487.9390869140625,16633146,0.0,0.0
2023-10-11,1493.0619906399752,1504.8203529546595,1491.5007444655869,1502.33203125,15666680,0.0,0.0
2023-10-12,1498.9166987506294,1514.4318426107743,1494.5256270420286,1512.3338623046875,11012668,0.0,0.0
2023-10-13,1502.722318594335,1511.3093509181945,1492.9155441287596,1498.5751953125,19872650,0.0,0.0
2023-10-16,1494.4281286284017,1497.306672545692,1483.694397374786,1492.5740966796875,8928042,0.0,0.0
2023-10-17,1518.091034322574,1518.091034322574,1497.8433152403347,1503.8931884765625,16451279,0.0,0.0
2023-10-18,1503.8932523222068,1503.8932523222068,1481.3524409329486,1482.9625244140625,15608100,0.0,0.0
2023-10-19,1468.9599277268094,1489.305203489473,1466.8131100182768,1478.2786865234375,15126182,0.0,0.0
2023-10-20,1468.569544884887,1490.0370066705796,1468.569544884887,1485.938720703125,10547005,0.0,0.0
2023-10-23,1486.6216682436934,1491.7445850525412,1463.7880723583132,1469.5941162109375,11188068,0.0,0.0
2023-10-25,1484.1823382162547,1485.938814665058,1455.3475843936833,1460.275390625,14155998,0.0,0.0
2023-10-26,1455.1523939469341,1455.884239241459,1424.9027884399065,1427.9765625,27780899,0.0,0.0
2023-10-27,1433.9289063309468,1442.2231531521875,1431.3918664204805,1433.58740234375,15970266,0.0,0.0
2023-10-30,1427.830175932166,1453.8838208862876,1426.5128782192849,1449.1512451171875,11655491,0.0,0.0
2023-10-31,1467.5938505333559,1467.5938505333559,1438.3200370253767,1440.759521484375,16317412,0.0,0.0
2023-11-01,1426.8543880820962,1441.6864051983373,1426.8543880820962,1438.807861328125,16938733,0.0,0.0
2023-11-02,1449.0537163931563,1454.4205820094273,1431.6358218070757,1441.00341796875,22612577,0.0,0.0
2023-11-03,1451.9809854149116,1455.2987077261785,1445.784719414488,1447.8338623046875,9047670,0.0,0.0
2023-11-06,1461.7390085260538,1461.7390085260538,1447.1021025661803,1458.32373046875,12796865,0.0,0.0
2023-11-07,1457.835752824792,1457.835752824792,1441.4423714119118,1451.2491455078125,20976424,0.0,0.0
2023-11-08,1448.0290627648628,1457.2991032304478,1445.1505188980436,1455.4451904296875,15699773,0.0,0.0
2023-11-09,1450.029492265895,1456.4697071029368,1447.5900079249361,1449.68798828125,11058370,0.0,0.0
2023-11-10,1444.2722898525176,1459.787434131956,1444.2235716348162,1455.3963623046875,7007593,0.0,0.0
2023-11-13,1455.9817665141052,1459.7385484632828,1449.9318931763733,1452.76171875,10302957,0.0,0.0
2023-11-15,1467.6913450902828,1474.3755084070488,1464.2273487717428,1467.984130859375,20622730,0.0,0.0
2023-11-16,1473.1556765560858,1482.2306054601813,1467.3497517845606,1471.83837890625,14856919,0.0,0.0
2023-11-17,1453.9326528074835,1471.009043025021,1452.956859080767,1468.6671142578125,11850937,0.0,0.0
2023-11-20,1476.375887041326,1476.375887041326,1465.2030966791601,1468.7646484375,9665726,0.0,0.0
2023-11-21,1482.230685757013,1485.1580669665395,1475.4976851520123,1481.2060546875,12479986,0.0,0.0
2023-11-22,1483.2065054665513,1483.2065054665513,1467.1547458660698,1475.9368896484375,14561825,0.0,0.0
2023-11-23,1471.9848898574844,1486.9633002798782,1471.9848898574844,1484.47509765625,6523110,0.0,0.0
2023-11-24,1484.377374325347,1496.0381808672937,1483.060076613029,1495.0135498046875,8234596,0.0,0.0
2023-11-28,1498.0384721268329,1500.0388969001176,1488.8661064461123,1491.6470947265625,14244669,0.0,0.0
2023-11-29,1496.7700218665505,1525.1655955029207,1495.8917836890453,1521.4088134765625,17021244,0.0,0.0
2023-11-30,1531.1667016711801,1534.386749398231,1504.8202718831428,1521.0672607421875,34745720,0.0,0.0
2023-12-01,1520.1889959155735,1527.8489524705112,1514.5293449327673,1517.74951171875,11076768,0.0,0.0
2023-12-04,1549.560494546315,1572.9795448417256,1535.5578778802744,1570.4425048828125,25331228,0.0,0.0
2023-12-05,1596.8864476913998,1599.3259320294558,1577.3705729869525,1584.396240234375,26115410,0.0,0.0
2023-12-06,1598.7892027462867,1598.7892027462867,1577.5169707222801,1588.3970947265625,19306530,0.0,0.0
2023-12-07,1585.6647600752465,1594.446903361817,1577.0777278822006,1590.9827880859375,10225193,0.0,0.0
2023-12-08,1590.9829421853287,1614.9387274501821,1590.9829421853287,1613.1822509765625,16864019,0.0,0.0
2023-12-11,1610.1085660209048,1623.4280557567643,1607.1323473610928,1611.0355224609375,11593810,0.0,0.0
2023-12-12,1614.1580047490634,1616.158429621341,1592.349037838848,1595.032470703125,18290738,0.0,0.0
2023-12-13,1592.9344058625784,1596.3985212045238,1576.0044086936755,1591.4219970703125,14673457,0.0,0.0
2023-12-14,1606.1564868665394,1618.7929680811883,1605.1806931321125,1610.2060546875,17586183,0.0,0.0
2023-12-15,1610.0596752150886,1627.6239625810715,1606.7419526673136,1616.451171875,69418565,0.0,0.0
2023-12-18,1620.500672971973,1624.4038480683014,1610.9866836746726,1615.6217041015625,9007377,0.0,0.0
2023-12-19,1610.0595787898533,1618.5002179805367,1604.2536540155447,1612.889404296875,12004223,0.0,0.0
2023-12-20,1617.8660525481387,1628.550946563842,1604.6439994664781,1616.8902587890625,17116260,0.0,0.0
2023-12-21,1616.890190053936,1648.847434305153,1610.3035824601739,1645.8712158203125,18294620,0.0,0.0
2023-12-22,1642.8462771106833,1645.0906503045844,1626.7456807900564,1630.4049072265625,24289425,0.0,0.0
2023-12-26,1632.7468663818154,1645.1393991647712,1628.1606834754796,1641.72412109375,9022928,0.0,0.0
2023-12-27,1640.7972281948657,1665.1920725034424,1637.9674024319809,1662.069580078125,13504539,0.0,0.0
2023-12-28,1667.924302367639,1679.7313829043046,1660.800960355657,1663.9722900390625,22038235,0.0,0.0
2023-12-29,1655.921893497125,1673.3886243877432,1654.9460998062016,1667.8753662109375,12505713,0.0,0.0
2024-01-01,1664.7041558612407,1667.7779300307332,1651.0430432105622,1656.995361328125,7119843,0.0,0.0
2024-01-02,1657.6784026921155,1661.5815775332878,1647.8227909258005,1657.9710693359375,14621046,0.0,0.0
2024-01-03,1660.8008457431583,1663.435441036763,1628.5508169267055,1632.4052734375,14194881,0.0,0.0
2024-01-04,1637.3818509739383,1653.921506768767,1630.258509220425,1649.9207763671875,13367028,0.0,0.0
2024-01-05,1646.3103527881492,1663.6306908370068,1627.721435292354,1641.4801025390625,15944735,0.0,0.0
2024-01-08,1637.8698257618598,1641.6266079138568,1619.817641206248,1623.18408203125,8999235,0.0,0.0
2024-01-09,1626.794474113217,1637.1867007348474,1606.8882590140477,1610.5474853515625,12663444,0.0,0.0
2024-01-10,1603.2291192640885,1619.768775556757,1601.6678730988501,1615.8656005859375,8057912,0.0,0.0
2024-01-11,1619.817593344925,1622.647418987713,1603.2290999191034,1609.0838623046875,9157005,0.0,0.0
2024-01-12,1612.0112764053667,1615.9144514087695,1594.0566475666242,1601.47265625,9886776,0.0,0.0
2024-01-15,1607.8152222417316,1640.211644357521,1603.814491918713,1632.3077392578125,14160178,0.0,0.0
2024-01-16,1632.5028731940897,1642.8951000055326,1617.963523124383,1638.5040283203125,12661250,0.0,0.0
2024-01-17,1531.9961326537093,1558.1474518636571,1491.4031379300502,1500.2828369140625,85072618,0.0,0.0
2024-01-18,1457.835860423814,1478.3275291446305,1444.223585276879,1450.1759033203125,80535465,0.0,0.0
2024-01-19,1469.496471451251,1473.6924319976692,1432.8554895707312,1435.051025390625,54800269,0.0,0.0
2024-01-23,1429.5378530864714,1439.0030048771102,1390.5061028315506,1392.7991943359375,57734701,0.0,0.0
2024-01-24,1346.8393790654993,1423.1464058210004,1346.8393790654993,1420.658203125,43002202,0.0,0.0
2024-01-25,1417.3404504291516,1422.0730263889059,1385.0417004765413,1400.16650390625,49470926,0.0,0.0
2024-01-29,1412.9981397820097,1427.3910971101432,1410.8026039183962,1419.4383544921875,32822749,0.0,0.0
2024-01-30,1419.3408753974784,1427.7813962132261,1406.0212666176626,1409.3389892578125,20864384,0.0,0.0
2024-01-31,1404.6551228966023,1439.2469641748298,1402.0205273806976,1427.147216796875,32880520,0.0,0.0
2024-02-01,1429.586642167861,1437.9296070339824,1420.8044986569262,1430.8551025390625,16345370,0.0,0.0
2024-02-02,1439.295791096055,1445.0041607495157,1407.1434344597835,1411.1441650390625,22433877,0.0,0.0
2024-02-05,1410.9977970146022,1416.7550041035195,1399.3371090630476,1409.8756103515625,19302523,0.0,0.0
2024-02-06,1410.5587713034524,1414.6082202697992,1397.9221701594117,1409.143798828125,20537870,0.0,0.0
2024-02-07,1417.8282745226927,1418.6089571445195,1392.116133835339,1395.336181640625,27418543,0.0,0.0
2024-02-08,1395.2386021092198,1404.1183009815077,1366.5990807554622,1369.08740234375,34553062,0.0,0.0
2024-02-09,1358.4512331375859,1379.9674129094828,1353.4258717230239,1369.6240234375,28321062,0.0,0.0
2024-02-12,1365.7697047102151,1379.430816797108,1349.864219420012,1356.353271484375,17223906,0.0,0.0
2024-02-13,1358.2560722484152,1370.3559386568656,1350.840063519187,1360.695556640625,28790497,0.0,0.0
2024-02-14,1342.692176087467,1357.8169789431033,1330.543591762505,1350.54736328125,45660405,0.0,0.0
2024-02-15,1351.4743115831993,1381.236020249833,1350.8400218377067,1379.8211669921875,20792472,0.0,0.0
2024-02-16,1389.432715935528,1393.1406606401683,1374.3566313381355,1385.529541015625,16087871,0.0,0.0
2024-02-19,1394.4093332666027,1394.4093332666027,1380.943331247378,1382.79736328125,17225878,0.0,0.0
2024-02-20,1380.7480623447473,1421.9753454783624,1377.6255702032884,1419.0968017578125,28066754,0.0,0.0
2024-02-21,1428.5620494885413,1428.5620494885413,1400.2640307486727,1404.3135986328125,22946568,0.0,0.0
2024-02-22,1383.431511982935,1394.2140799658503,1378.0158093259981,1385.18798828125,25280441,0.0,0.0
2024-02-23,1388.1155158609397,1399.1907516520891,1383.675606431076,1386.212646484375,14916726,0.0,0.0
2024-02-26,1379.3332648841224,1400.1175997161313,1379.3332648841224,1387.8714599609375,11753435,0.0,0.0
2024-02-27,1379.3333444496775,1392.1649373557993,1378.8454475600013,1385.7735595703125,16043575,0.0,0.0
2024-02-28,1385.7734738856875,1389.7253669784416,1370.0143815004672,1375.28369140625,12660993,0.0,0.0
2024-02-29,1368.1603755731524,1376.2595112408621,1363.4766371022577,1369.428955078125,26647850,0.0,0.0
2024-03-01,1366.1112847828936,1398.068530909065,1366.1112847828936,1396.116943359375,17369449,0.0,0.0
2024-03-04,1396.3120142635028,1402.2156140775098,1389.8230811399837,1398.0196533203125,17808237,0.0,0.0
2024-03-05,1387.578603124529,1408.0702702592794,1387.2370991620376,1405.9722900390625,18995836,0.0,0.0
2024-03-06,1398.849070351711,1417.6818168087264,1398.849070351711,1407.679931640625,21204765,0.0,0.0
2024-03-07,1410.50976245966,1415.925465022232,1406.5090322003648,1411.09521484375,24674023,0.0,0.0
2024-03-11,1395.385101984878,1410.9489650916057,1388.5545455415954,1393.2384033203125,25265547,0.0,0.0
2024-03-12,1399.288270093406,1428.5620832752763,1394.653249672943,1424.2198486328125,32709227,0.0,0.0
2024-03-13,1430.0257185610649,1435.9780365211368,1414.9984712198313,1425.0491943359375,31533727,0.0,0.0
2024-03-14,1426.708046530744,1430.5136660547985,1409.3389889033053,1420.218994140625,26216079,0.0,0.0
2024-03-15,1414.9009391426584,1423.9758686743733,1407.3385375713785,1417.48681640625,71806902,0.0,0.0
2024-03-18,1411.9735872960773,1420.7557312391768,1401.0447447019562,1411.046630859375,10718928,0.0,0.0
2024-03-19,1400.7520032931654,1417.2429423762037,1400.7520032931654,1414.2667236328125,18091797,0.0,0.0
2024-03-20,1413.973955146561,1416.5109950269332,1390.164564260217,1396.40966796875,21803047,0.0,0.0
2024-03-21,1407.6800101092072,1416.1206496910058,1403.484168542353,1410.7537841796875,14461430,0.0,0.0
2024-03-22,1406.1187556298412,1415.6327444344151,1402.9474260283166,1407.9239501953125,22990163,0.0,0.0
2024-03-26,1392.6528417179873,1403.1426249023095,1387.7251545750885,1390.896484375,28422145,0.0,0.0
2024-03-27,1389.0912817866563,1412.9005547026668,1386.8469084487028,1405.8260498046875,31084334,0.0,0.0
2024-03-28,1405.8260201107255,1425.1467841736378,1405.8260201107255,1412.851806640625,27796071,0.0,0.0
2024-04-01,1422.7072416044182,1438.1248300032364,1420.3653128568776,1434.9046630859375,12599785,0.0,0.0
2024-04-02,1429.6841396646498,1458.6651644277797,1427.8301078423133,1444.321044921875,20612723,0.0,0.0
2024-04-03,1436.466021278442,1459.446012788587,1435.7830132683696,1446.419189453125,22792193,0.0,0.0
2024-04-04,1467.5938491456716,1492.9644874952644,1467.5938491456716,1490.62255859375,44467533,0.0,0.0
2024-04-05,1501.7465880106008,1516.87139120369,1493.110837107314,1512.041259765625,29527951,0.0,0.0
2024-04-08,1517.3104516873905,1519.5548249700646,1504.2349106627812,1509.16259765625,10241470,0.0,0.0
2024-04-09,1517.212858723131,1517.212858723131,1503.015131407276,1511.0654296875,10942247,0.0,0.0
2024-04-10,1512.3828201124581,1512.3828201124581,1495.8430438899088,1499.1607666015625,13903700,0.0,0.0
2024-04-12,1484.1823096206952,1492.8180605774496,1476.815019083236,1482.181884765625,20542104,0.0,0.0
2024-04-15,1461.2999061713597,1473.4484901158733,1455.9330408100104,1458.518798828125,11707624,0.0,0.0
2024-04-16,1451.0052644920129,1476.2783457127769,1446.3702443129025,1472.7166748046875,10372443,0.0,0.0
2024-04-18,1473.2533790216376,1482.0842405560468,1454.957247107947,1458.518798828125,17117442,0.0,0.0
2024-04-19,1450.5662614697076,1497.7945841579467,1444.4187131359706,1494.2330322265625,17288217,0.0,0.0
2024-04-22,1519.7011624302927,1519.7011624302927,1471.7897146304113,1475.59521484375,21149219,0.0,0.0
2024-04-23,1489.353981154778,1489.549092249806,1466.8618885846847,1471.1065673828125,13413530,0.0,0.0
2024-04-24,1478.3275890220211,1484.9141970919213,1472.5216636288087,1475.107421875,11220790,0.0,0.0
2024-04-25,1469.7893480108053,1482.9137264099338,1469.7893480108053,1474.180419921875,17722602,0.0,0.0
2024-04-26,1483.011355247347,1491.0128161696184,1469.1062946253462,1473.25341796875,12427347,0.0,0.0
2024-04-29,1478.3275529176203,1497.3066939871153,1470.0821432554478,1492.4765625,18046675,0.0,0.0
2024-04-30,1492.183776579634,1502.2344999971492,1478.2299972207393,1483.3040771484375,26153691,0.0,0.0
2024-05-02,1485.15802658213,1499.7949322317568,1483.5479431375825,1495.159912109375,16737503,0.0,0.0
2024-05-03,1496.1357706507972,1503.3078309068096,1470.7162957582764,1482.816162109375,15932621,0.0,0.0
2024-05-06,1485.1580686459001,1497.3554903660538,1480.4254928415698,1485.7923583984375,14396698,0.0,0.0
2024-05-07,1485.109242158537,1487.1585043148455,1467.7401849714604,1469.6917724609375,14240301,0.0,0.0
2024-05-08,1459.7386054588399,1460.7143992040217,1444.51624685709,1446.7606201171875,20843931,0.0,0.0
2024-05-09,1439.2469160540322,1450.7613297273047,1410.314727218987,1412.46142578125,23140639,0.0,0.0
2024-05-10,1423.3416684232827,1436.1507060236834,1411.2744697744579,1422.253662109375,13638304,19.5,0.0
2024-05-13,1416.4179083544493,1443.9154551514357,1414.7364549444133,1439.4149169921875,13523601,0.0,0.0
2024-05-14,1436.44757240956,1449.553394640186,1434.518839321485,1445.0528564453125,12832571,0.0,0.0
2024-05-15,1443.8164349037365,1443.8164349037365,1420.1765959294337,1422.84716796875,19465998,0.0,0.0
2024-05-16,1430.315037440262,1446.635494769446,1419.879787639036,1444.3604736328125,17472618,0.0,0.0
2024-05-17,1430.4633312674985,1452.026165952429,1430.4633312674985,1448.1685791015625,10460095,0.0,0.0
2024-05-21,1434.3208652209864,1453.7075657340822,1434.3208652209864,1442.92626953125,21884989,0.0,0.0
2024-05-22,1441.9866133723565,1449.6522829822518,1432.3922106735552,1443.3218994140625,19998139,0.0,0.0
2024-05-23,1442.7778702591684,1479.3752584647682,1441.1953046473295,1476.3583984375,20430960,0.0,0.0
2024-05-24,1471.314019734004,1503.3614887492201,1469.8303417309107,1500.6907958984375,15530103,0.0,0.0
2024-05-27,1506.77389603629,1528.1883393083358,1502.520758216763,1511.0765380859375,14692720,0.0,0.0
2024-05-28,1513.4503977339336,1519.335726051442,1508.2081414189497,1513.8460693359375,13954452,0.0,0.0
2024-05-29,1501.4820978385067,1507.2684177430372,1484.9143605929237,1491.8876953125,17573853,0.0,0.0
2024-05-30,1482.8866022947354,1507.0211210232046,1481.3535408629355,1498.3663330078125,16877675,0.0,0.0
2024-05-31,1502.4711567997915,1519.2861730378406,1497.5255637886007,1514.8846435546875,37039794,0.0,0.0
2024-06-03,1581.6007131353779,1581.6007131353779,1533.133899537108,1555.09228515625,36318628,0.0,0.0
2024-06-04,1540.0577408247677,1542.035978128332,1438.178519691209,1467.0113525390625,44765620,0.0,0.0
2024-06-05,1477.7927069374703,1542.6293593501262,1466.219946760192,1534.914306640625,40815825,0.0,0.0
2024-06-06,1547.871760780816,1548.4157035794842,1529.7708416421824,1542.728271484375,23211435,0.0,0.0
2024-06-07,1544.0636499060388,1567.1100410061952,1535.161582442163,1556.229736328125,18356108,0.0,0.0
2024-06-10,1556.8727940285391,1563.4504573639138,1540.6512236145254,1544.31103515625,11227029,0.0,0.0
2024-06-11,1539.0686565916017,1553.9054367001327,1535.3099573339637,1547.77294921875,14772663,0.0,0.0
2024-06-12,1557.861844852563,1571.0171709503484,1549.3554487687563,1557.0211181640625,19640218,0.0,0.0
2024-06-13,1564.538435062841,1568.4454054595662,1556.8727654742606,1563.54931640625,12060096,0.0,0.0
2024-06-14,1566.7639051338865,1581.6006845385634,1560.5324094871141,1579.5235595703125,12770277,0.0,0.0
2024-06-18,1579.5235147639921,1592.9755035609028,1572.154508756827,1590.304931640625,16207857,0.0,0.0
2024-06-19,1595.8440277631316,1651.7292305672918,1586.5462884579292,1639.810302734375,45065598,0.0,0.0
2024-06-20,1651.6303564981188,1663.1534920823342,1634.0239963759518,1651.1851806640625,20704371,0.0,0.0
2024-06-21,1654.6471079082598,1654.6471079082598,1625.2703323284015,1647.6243896484375,25815388,0.0,0.0
2024-06-24,1629.0783889346665,1656.8725983801082,1627.8419906431252,1654.2020263671875,14272497,0.0,0.0
2024-06-25,1652.9161244128125,1698.2671896136583,1652.9161244128125,1692.7281494140625,37260774,0.0,0.0
2024-06-26,1689.3651184391142,1692.2830908473647,1672.6984936460972,1682.9853515625,23798333,0.0,0.0
2024-06-27,1677.6440992868716,1694.3602284326557,1668.2474722173383,1677.693603515625,27537325,0.0,0.0
2024-06-28,1679.1277922372037,1688.0298600667693,1660.7302095378393,1665.47802734375,13238023,0.0,0.0
2024-07-01,1661.7192786483326,1688.7222652231756,1661.7192786483326,1686.64501953125,10593512,0.0,0.0
2024-07-02,1696.338450279765,1716.0219351631938,1684.221747063481,1711.7686767578125,22960845,0.0,0.0
2024-07-03,1771.5114399893268,1774.4787958352051,1745.4481886247663,1749.4046630859375,61608901,0.0,0.0
2024-07-04,1740.6015675131193,1740.6015675131193,1706.0813020200872,1708.3563232421875,22924329,0.0,0.0
2024-07-05,1666.6648832495694,1666.6648832495694,1624.3305577995975,1630.1663818359375,41121274,0.0,0.0
2024-07-08,1627.396978889197,1636.9418773604393,1609.4444510695762,1617.55517578125,19543900,0.0,0.0
2024-07-09,1607.3177627857185,1628.7815886134954,1602.7183370391892,1618.692626953125,24275439,0.0,0.0
2024-07-10,1612.213844252339,1622.154534667076,1603.1140012571118,1608.40576171875,22753591,0.0,0.0
2024-07-11,1606.2792077321005,1608.158557344008,1583.5789826671298,1604.2515869140625,22088537,0.0,0.0
2024-07-12,1604.3503898772585,1620.5719592747296,1593.6184770773464,1605.042724609375,28024980,0.0,0.0
2024-07-15,1605.8341310811368,1612.0656268838352,1597.6243979749815,1604.4493408203125,16687847,0.0,0.0
2024-07-16,1603.1139965454797,1609.2959878941822,1599.2070263099074,1602.1248779296875,14475162,0.0,0.0
2024-07-18,1590.5028265611325,1606.279221102413,1581.7491504514119,1597.2288818359375,16858532,0.0,0.0
2024-07-19,1598.4157086024593,1605.339539023386,1586.0517257079478,1589.8104248046875,13001076,0.0,0.0
2024-07-22,1599.4048501869459,1633.0348841426392,1595.102208226313,1624.6768798828125,26872411,0.0,0.0
2024-07-23,1629.622506107541,1629.8697857739867,1587.5354585816658,1600.7896728515625,26001076,0.0,0.0
2024-07-24,1590.6511875281797,1603.3613380832728,1570.7699267318133,1586.5958251953125,30864103,0.0,0.0
2024-07-25,1575.6659797222526,1607.317775925085,1575.6659797222526,1599.0091552734375,12767866,0.0,0.0
2024-07-26,1587.5354240776833,1604.1031613694597,1579.0784113722364,1600.5423583984375,21905270,0.0,0.0
2024-07-29,1597.4266433536118,1614.0932687039738,1580.9084099513473,1587.5849609375,25500574,0.0,0.0
2024-07-30,1584.5680969544494,1616.9617331437491,1581.6007409676433,1597.970703125,27297917,0.0,0.0
2024-07-31,1596.437499395598,1610.1862727643238,1591.6896815838577,1598.16845703125,18910242,0.0,0.0
2024-08-01,1605.2406410772048,1632.0952359013233,1600.3444314369733,1620.9676513671875,13107587,0.0,0.0
2024-08-02,1613.252477954101,1652.322663655626,1613.252477954101,1641.09619140625,22059619,0.0,0.0
2024-08-05,1622.2534719846315,1628.0892961618056,1583.5789569593262,1598.16845703125,20666817,0.0,0.0
2024-08-06,1612.2633988029302,1615.1812505223597,1575.9627926604342,1583.7767333984375,22558025,0.0,0.0
2024-08-07,1599.404835307712,1612.263377582913,1584.7658311899052,1605.8341064453125,21173132,0.0,0.0
2024-08-08,1606.3287244302185,1635.3099498365148,1601.6304107349945,1624.8251953125,16988475,0.0,0.0
2024-08-09,1634.0239921209834,1644.45924206239,1627.8915048541417,1632.2435302734375,13322309,0.0,0.0
2024-08-12,1634.023930075865,1657.7132722907515,1629.4245044293668,1642.0357666015625,19658098,0.0,0.0
2024-08-13,1610.2851962178304,1614.6373425181755,1583.727384052692,1585.7550048828125,27027521,0.0,0.0
2024-08-14,1589.0190291652223,1596.1406347806408,1585.7548894919792,1590.304931640625,16167214,0.0,0.0
2024-08-16,1610.7796512652837,1616.3681955424247,1593.4700756453008,1614.3404541015625,13924623,0.0,0.0
2024-08-19,1619.8301081330453,1619.8301081330453,1606.0318311437713,1613.7965087890625,9751082,0.0,0.0
2024-08-20,1609.7410507407772,1628.089249449055,1609.7410507407772,1619.8795166015625,15567247,0.0,0.0
2024-08-21,1610.3840312828386,1616.7639189467304,1600.196181750936,1608.109130859375,23815452,0.0,0.0
2024-08-22,1614.2416511706044,1620.4731470178888,1610.2851765353823,1613.54931640625,10650319,0.0,0.0
2024-08-23,1616.2198731859971,1616.2198731859971,1605.3395680421502,1607.3673095703125,10166711,0.0,0.0
2024-08-26,1614.4394329034162,1630.0180518403747,1614.4394329034162,1622.1051025390625,11182133,0.0,0.0
2024-08-27,1625.5176216973236,1629.4740963171337,1614.4394203166419,1619.9290771484375,17886622,0.0,0.0
2024-08-28,1619.9290840893786,1621.9073214077598,1612.4611899156803,1619.2861328125,13460594,0.0,0.0
2024-08-29,1624.1327478011253,1626.5066565991772,1613.4008350959098,1620.7203369140625,24526302,0.0,0.0
2024-08-30,1637.9805213995915,1643.915233433648,1603.5097598168518,1619.08837890625,222671050,0.0,0.0
2024-09-02,1628.8805607888028,1628.8805607888028,1605.5372652063559,1609.2464599609375,17024840,0.0,0.0
2024-09-03,1616.2198020140054,1622.1050094222066,1606.922062970295,1619.5333251953125,18641430,0.0,0.0
2024-09-04,1621.1654780586464,1626.902414563351,1614.2416474629108,1623.93505859375,12341372,0.0,0.0
2024-09-05,1628.0892295470924,1631.9468162685419,1624.1327551131992,1627.545166015625,11438159,0.0,0.0
2024-09-06,1620.473102058456,1629.8202248280263,1616.3187313615201,1619.1376953125,13014801,0.0,0.0
2024-09-09,1620.1763537534637,1630.5620996108578,1612.3622922456864,1628.5838623046875,11896457,0.0,0.0
2024-09-10,1636.0022750560352,1636.0022750560352,1620.1763763856018,1632.3919677734375,13303323,0.0,0.0
2024-09-11,1632.441478391271,1634.5186034514882,1621.3632768334044,1626.01220703125,11113342,0.0,0.0
2024-09-12,1636.0022172762235,1651.8281153877226,1629.1278910808494,1648.465087890625,16212023,0.0,0.0
2024-09-13,1655.7845968722977,1655.7845968722977,1639.019084286797,1647.8221435546875,11930266,0.0,0.0
2024-09-16,1648.8607299658063,1659.5432592965851,1645.9428783505564,1652.7677001953125,7586410,0.0,0.0
2024-09-17,1659.741078546187,1659.741078546187,1646.0418095254229,1650.6412353515625,10063561,0.0,0.0
2024-09-18,1653.6579317162796,1680.413638538756,1652.9160927553091,1676.3582763671875,20458671,0.0,0.0
2024-09-19,1680.710328129882,1700.2949253045435,1680.6609446435846,1689.9091796875,15325888,0.0,0.0
2024-09-20,1697.8221142379614,1725.962490730009,1688.9695508700852,1722.2532958984375,30311693,0.0,0.0
2024-09-23,1729.968471551819,1747.1296555117192,1721.313683600945,1740.6510009765625,13482675,0.0,0.0
2024-09-24,1745.7944191143442,1762.263268802836,1735.1613936154893,1748.811279296875,16519518,0.0,0.0
2024-09-25,1740.9972166684056,1768.5441469339328,1740.9972166684056,1759.740966796875,15982656,0.0,0.0
2024-09-26,1753.7568419039637,1768.5441171820273,1748.81124873511,1764.0435791015625,15949822,0.0,0.0
2024-09-27,1757.6638728365367,1758.8507669411922,1730.9576688035675,1733.578857421875,17806751,0.0,0.0
2024-09-30,1729.7707402872122,1732.3918081113518,1705.6362211224732,1713.2030029296875,13191767,0.0,0.0
2024-10-01,1705.2404912513446,1723.0446263108133,1701.3829045067225,1707.41650390625,12286142,0.0,0.0
2024-10-03,1696.9813752954872,1707.3671207488399,1655.141609600888,1663.697509765625,24236699,0.0,0.0
2024-10-04,1656.2791738763865,1672.2534641687764,1635.0131229726287,1639.612548828125,24341616,0.0,0.0
2024-10-07,1634.2217512510383,1640.9478062279852,1595.4483492741049,1600.1961669921875,47229148,0.0,0.0
2024-10-08,1612.263355277721,1638.7717826674386,1604.350406294763,1633.0843505859375,14867203,0.0,0.0
2024-10-09,1631.5512161997017,1638.722326425496,1610.9774999447513,1615.379150390625,20562821,0.0,0.0
2024-10-10,1621.165391539567,1647.3275303118398,1614.7361206152186,1644.310791015625,10877383,0.0,0.0
2024-10-11,1646.3385098258125,1646.3385098258125,1625.369242473489,1633.034912109375,11836297,0.0,0.0
2024-10-14,1638.0300202721965,1673.6382923600645,1636.0022787037162,1669.731201171875,9263754,0.0,0.0
2024-10-15,1675.5669567742357,1679.5234312884604,1657.2682621459455,1665.774658203125,9825565,0.0,0.0
2024-10-16,1661.8182449322444,1689.3651756043241,1661.8182449322444,1681.303955078125,10235341,0.0,0.0
2024-10-17,1676.5065611850819,1679.1772539114825,1647.080282160871,1654.94384765625,7347866,0.0,0.0
2024-10-18,1645.0032194591165,1672.5996542242308,1636.1011515182424,1663.5491943359375,12404862,0.0,0.0
2024-10-21,1696.3384056502448,1729.1277115171938,1692.4314354617347,1709.8892822265625,23274177,0.0,0.0
2024-10-22,1711.2247717189728,1721.066454006858,1692.0852292144161,1695.8934326171875,19437640,0.0,0.0
2024-10-23,1686.4968324178806,1727.4957528913812,1686.4968324178806,1716.9122314453125,19018045,0.0,0.0
2024-10-24,1719.1870816225392,1749.4047043289343,1719.1870816225392,1730.6114501953125,15416129,0.0,0.0
2024-10-25,1735.9031953167685,1738.7221592633232,1709.889327055954,1724.429443359375,13065239,0.0,0.0
2024-10-28,1723.0446413299314,1731.9467089372617,1710.0872115165546,1715.3294677734375,11006071,0.0,0.0
2024-10-29,1707.3671746843718,1744.8052912814335,1706.3285518094192,1732.7874755859375,17897463,0.0,0.0
2024-10-30,1723.044722028245,1735.6559850626077,1705.4383614167948,1715.7252197265625,16357862,0.0,0.0
2024-10-31,1709.1969454078367,1719.9783623253056,1700.6905495733076,1716.8131103515625,11447956,0.0,0.0
2024-11-01,1714.1426155438019,1725.121808378973,1707.3176727299317,1718.3958740234375,879846,0.0,0.0
2024-11-04,1726.0120324112672,1726.0120324112672,1692.2831108260189,1695.4482421875,14044624,0.0,0.0
2024-11-05,1684.4690350004344,1743.5193691989437,1679.4245541115502,1738.72216796875,22116203,0.0,0.0
2024-11-06,1752.2236907789468,1752.2236907789468,1726.3582138990325,1736.1505126953125,13893955,0.0,0.0
2024-11-07,1725.3196491309855,1741.788377483704,1719.088153557187,1727.545166015625,9447728,0.0,0.0
2024-11-08,1732.9358385144249,1742.6292493782655,1726.8527347958932,1735.359130859375,9951493,0.0,0.0
2024-11-11,1735.4581781116683,1763.4007800137342,1732.1445340358582,1747.080322265625,12282681,0.0,0.0
2024-11-12,1752.7181693232224,1755.685525140361,1690.057529799715,1699.5035400390625,15697703,0.0,0.0
2024-11-13,1698.0693886806364,1710.5817633557972,1654.795449111813,1663.0545654296875,17864250,0.0,0.0
2024-11-14,1654.8943611148047,1686.298877719973,1653.9052424815711,1674.33056640625,13573235,0.0,0.0
2024-11-18,1681.501661741305,1700.196027893774,1676.5560686185365,1686.546142578125,13540984,0.0,0.0
2024-11-19,1695.3493899321998,1734.666856822401,1684.1723007332698,1723.2919921875,25490636,0.0,0.0
2024-11-21,1730.3641410420184,1739.8596556624375,1715.3294655461707,1722.2532958984375,17858256,0.0,0.0
2024-11-22,1724.577847989185,1735.2108733378661,1710.7301870699723,1726.60546875,12386806,0.0,0.0
2024-11-25,1765.62622322529,1783.9249175118237,1745.695459083716,1766.170166015625,213868637,0.0,0.0
2024-11-26,1790.3047522476238,1790.3047522476238,1750.5422309088779,1766.120849609375,15467783,0.0,0.0
2024-11-27,1770.4234308186708,1797.574688468061,1765.7251174035728,1792.5797119140625,16357488,0.0,0.0
2024-11-28,1799.2067534702544,1816.1206575705266,1768.5440765282106,1773.6380615234375,17861196,0.0,0.0
2024-11-29,1781.69946468648,1784.9634837718759,1763.4996574583167,1776.506591796875,13834768,0.0,0.0
2024-12-02,1783.8754838474465,1788.4749097146703,1755.6856023450055,1785.0623779296875,7555438,0.0,0.0
2024-12-03,1802.8664445696695,1817.4065606013933,1796.3382858833122,1806.4273681640625,21705121,0.0,0.0
2024-12-04,1818.0,1844.7062023939066,1811.2245616892087,1839.8594970703125,22334542,0.0,0.0
2024-12-05,1839.7606878831402,1859.493556641852,1815.2304970812227,1845.4481201171875,19841357,0.0,0.0
2024-12-06,1836.7932722770183,1843.9148780245807,1823.934730252462,1835.65576171875,8891578,0.0,0.0
2024-12-09,1833.479789864794,1859.543041861631,1828.8803640437,1849.65185546875,13473956,0.0,0.0
2024-12-10,1857.2679754951744,1857.2679754951744,1838.3264506073938,1847.7724609375,6662740,0.0,0.0
2024-12-11,1841.442114059789,1851.5311965796843,1836.5460251144718,1842.826904296875,7022713,0.0,0.0
2024-12-12,1830.858570192744,1848.3165380277508,1828.5835490642544,1839.018798828125,8646895,0.0,0.0
2024-12-13,1842.2334650894886,1854.5974480766663,1809.3452703435958,1851.3828125,9504501,0.0,0.0
2024-12-16,1844.8051650180448,1849.6023663092722,1835.0623704900838,1844.904052734375,6553541,0.0,0.0
2024-12-17,1836.1503743871115,1842.0850862632194,1806.6252069518785,1813.3017578125,10539766,0.0,0.0
2024-12-18,1809.938716386882,1816.0218201616449,1787.485771591278,1790.9970703125,11711156,0.0,0.0
2024-12-19,1780.0178523903558,1781.501530327013,1759.6420328753354,1773.9842529296875,12690385,0.0,0.0
2024-12-20,1762.8071537344865,1777.9902211232875,1747.8221032566314,1752.2236328125,12846174,0.0,0.0
2024-12-23,1762.6094553861137,1786.3483032701017,1761.9171206196404,1781.4027099609375,5522296,0.0,0.0
2024-12-24,1782.4412707107397,1789.0188129889934,1770.0772878688795,1778.5341796875,7242917,0.0,0.0
2024-12-26,1778.9793336515602,1792.282930729094,1761.3729740043236,1771.26416015625,5240839,0.0,0.0
2024-12-27,1775.2702061325524,1786.2987825163511,1769.6321573670446,1778.6826171875,3629665,0.0,0.0
2024-12-30,1772.698401439767,1795.2503550228132,1751.7291342949875,1758.5540771484375,11111109,0.0,0.0
2024-12-31,1751.0367798695688,1762.4116442502313,1746.3878498079112,1753.5589599609375,7058618,0.0,0.0
2025-01-01,1754.1523449489302,1774.4787806156658,1741.9367543032404,1763.3511962890625,3656903,0.0,0.0
2025-01-02,1757.7627178145203,1783.8259699312237,1753.7073555231925,1774.2315673828125,9279288,0.0,0.0
2025-01-03,1771.5114668075794,1775.7152209862127,1727.297912331468,1730.166259765625,12213097,0.0,0.0
2025-01-06,1721.165339069473,1738.0792438395363,1687.238641812731,1691.887451171875,9408174,0.0,0.0
2025-01-07,1696.338425010863,1702.2731367018632,1681.5016457833628,1694.755859375,6763953,0.0,0.0
2025-01-08,1689.6619263405146,1693.0249538839478,1665.032847916753,1675.86376953125,9869095,0.0,0.0
2025-01-09,1665.8241650634177,1670.621366271091,1640.057576452008,1649.652099609375,20210111,0.0,0.0
2025-01-10,1652.8172305147266,1656.6748173196283,1636.0022138069166,1638.7222900390625,8726640,0.0,0.0
2025-01-13,1622.1545857711906,1628.8311366577489,1606.62547126519,1613.1041259765625,10834533,0.0,0.0
2025-01-14,1622.0556926227487,1638.1782541162704,1619.1872243993546,1628.6827392578125,13330716,0.0,0.0
2025-01-15,1638.4749837776988,1644.6074708865187,1618.4948360755266,1625.17138671875,7011446,0.0,0.0
2025-01-16,1634.8647087894985,1642.4809947105991,1624.9735224571762,1634.073486328125,10606227,0.0,0.0
2025-01-17,1625.616492256711,1632.5403227683003,1610.7797125890197,1618.93994140625,11556038,0.0,0.0
2025-01-20,1608.306859593821,1642.8765067107925,1608.306859593821,1633.2821044921875,8778809,0.0,0.0
2025-01-21,1640.20594833001,1642.9755287572707,1615.2802074527385,1624.5284423828125,15579072,0.0,0.0
2025-01-22,1624.528462819293,1653.707462417924,1607.762829587749,1647.921142578125,15309653,0.0,0.0
2025-01-23,1668.6431897795571,1668.6431897795571,1633.282197465023,1646.78369140625,17454579,0.0,0.0
2025-01-24,1641.9369845511285,1652.1249551014785,1626.6056452375487,1631.8480224609375,12118100,0.0,0.0
2025-01-27,1623.2425195562573,1625.7153160703404,1608.3068527595995,1612.0655517578125,11402083,0.0,0.0
2025-01-28,1629.0783551961038,1665.9725277484147,1629.0783551961038,1652.2237548828125,15089656,0.0,0.0
2025-01-29,1656.7736849367727,1662.8567885850937,1650.690581288452,1659.0487060546875,6309945,0.0,0.0
2025-01-30,1662.7083708841774,1679.4244994156518,1654.3503669894485,1673.0941162109375,12872423,0.0,0.0
2025-01-31,1668.8903946383198,1686.150466291987,1665.62625488956,1680.2652587890625,7910843,0.0,0.0
2025-02-01,1679.028823956694,1694.360162260864,1657.8122782777295,1672.550048828125,2793764,0.0,0.0
2025-02-03,1651.828139694996,1668.4453812534073,1645.349364263455,1659.7410888671875,10138270,0.0,0.0
2025-02-04,1670.3246232912106,1707.0210219609323,1661.7688435247674,1702.17431640625,14308251,0.0,0.0
2025-02-05,1714.1425632011333,1725.2206434143388,1700.1960148503242,1718.890380859375,11837753,0.0,0.0
2025-02-06,1716.6153952446862,1729.9684968498739,1705.2405309143412,1724.87451171875,13380358,0.0,0.0
2025-02-07,1730.9575596166678,1747.772575910087,1706.2295944792868,1713.895263671875,11754800,0.0,0.0
2025-02-10,1698.6135044686043,1704.6964875672104,1689.9092120593446,1697.080322265625,8597975,0.0,0.0
2025-02-11,1684.4690402815525,1692.3819893844604,1670.3245954632957,1682.886474609375,11362352,0.0,0.0
2025-02-12,1674.5778973496554,1693.371151956651,1662.9062488232378,1688.227783203125,11404785,0.0,0.0
2025-02-13,1680.5125871127052,1695.5966465320512,1675.1219387645679,1679.2266845703125,6301217,0.0,0.0
2025-02-14,1683.3810496024255,1683.3810496024255,1661.7193270831162,1676.40771484375,9979946,0.0,0.0
2025-02-17,1666.8626539426798,1701.2840302942786,1662.9556836815443,1698.662841796875,6469473,0.0,0.0
2025-02-18,1694.4097170226223,1712.708411673349,1687.584774328812,1704.3009033203125,8175455,0.0,0.0
2025-02-19,1698.3166779770647,1718.9892813739957,1693.816139939549,1708.4056396484375,5942056,0.0,0.0
2025-02-20,1692.3820255278974,1696.0417162693425,1666.961724288724,1668.7420654296875,13195255,0.0,0.0
2025-02-21,1662.6095001944939,1676.5065442573725,1658.9991931098252,1674.083251953125,7840470,0.0,0.0
2025-02-24,1662.8073045977758,1665.873548202101,1643.0249319995226,1658.850830078125,10346823,0.0,0.0
2025-02-25,1652.9161165968144,1669.6322455735317,1652.9161165968144,1664.043701171875,12069354,0.0,0.0
2025-02-27,1664.2415635700595,1692.1346600420295,1664.2415635700595,1682.1939697265625,17893400,0.0,0.0
2025-02-28,1666.6649456049367,1718.3463956986209,1666.6649456049367,1713.5491943359375,27258364,0.0,0.0
2025-03-03,1720.8687010317285,1724.0833366917977,1675.665905612617,1683.034912109375,10602682,0.0,0.0
2025-03-04,1679.5233989514802,1695.646080583334,1674.825085556298,1691.392822265625,9960479,0.0,0.0
2025-03-05,1683.4303928862487,1692.1841892974087,1669.8795160417726,1671.6104736328125,10791936,0.0,0.0
2025-03-06,1668.6431133704964,1681.4027677278386,1654.053613712989,1672.79736328125,16483044,0.0,0.0
2025-03-07,1663.697542247854,1682.6391882357625,1659.3453961102166,1670.86865234375,6686457,0.0,0.0
2025-03-10,1670.621373263889,1681.402790525719,1664.7361656868547,1669.1376953125,7802025,0.0,0.0
2025-03-11,1664.0931802732555,1675.5669320467778,1651.8775895392637,1667.159423828125,9949215,0.0,0.0
2025-03-12,1673.1436941916788,1699.8003934086098,1673.1436941916788,1692.5303955078125,9392053,0.0,0.0
2025-03-13,1697.3770284077002,1702.075341775916,1681.5511307463416,1688.02978515625,7868132,0.0,0.0
2025-03-17,1686.4473093252682,1705.2405637986876,1686.4473093252682,1691.78857421875,9475326,0.0,0.0
2025-03-18,1691.78857421875,1691.78857421875,1691.78857421875,1691.78857421875,0,0.0,0.0
2025-03-19,1716.1208705382062,1731.9467690561378,1713.3512900007588,1725.121826171875,7610703,0.0,0.0
2025-03-20,1734.9140405532244,1754.6964127374117,1730.2652313867475,1749.5035400390625,8916989,0.0,0.0
2025-03-21,1736.4472980343926,1754.7953765860927,1736.4472980343926,1751.086181640625,16754132,0.0,0.0
2025-03-24,1759.6420825195312,1784.765720437467,1754.3503218778967,1780.41357421875,8696868,0.0,0.0
2025-03-25,1785.2602856480926,1823.6380170403143,1781.8972580706343,1801.630126953125,19550708,0.0,0.0
2025-03-26,1805.1415246629256,1807.6143212720528,1782.3917958589545,1786.892333984375,12239221,0.0,0.0
2025-03-27,1780.4135377238968,1820.967401638719,1778.534188174562,1805.4876708984375,20829050,0.0,0.0
2025-03-28,1809.0979838299897,1816.021814276578,1786.199863276083,1808.306640625,14386824,0.0,0.0
2025-04-01,1782.3918297924758,1790.2058913744881,1746.1406066641075,1748.6134033203125,14255503,0.0,0.0
2025-04-02,1751.4323094930462,1779.6221904423942,1751.4323094930462,1777.3472900390625,5786782,0.0,0.0
2025-04-03,1761.7191986768298,1784.370039849937,1757.66383637103,1775.319580078125,5625019,0.0,0.0
2025-04-04,1793.2721320866171,1821.907069020865,1791.3927824826333,1797.525390625,16770227,0.0,0.0
2025-04-07,1743.6183319674699,1760.4827318030539,1719.285917596287,1738.57373046875,18997725,0.0,0.0
2025-04-08,1745.7944254270562,1762.6094425558153,1731.254429500762,1749.8992919921875,17781936,0.0,0.0
2025-04-09,1745.79443359375,1755.6856201863493,1734.419569012261,1745.79443359375,11227304,0.0,0.0
2025-04-11,1755.4382916750444,1799.6024627305007,1755.4382916750444,1787.090087890625,16387883,0.0,0.0
2025-04-15,1844.7063095930612,1856.3779581328727,1834.8151229464497,1844.607421875,24649172,0.0,0.0
2025-04-16,1863.3017557861801,1863.3017557861801,1840.255243010922,1857.5648193359375,9568410,0.0,0.0
2025-04-17,1861.5213318628812,1898.811057323367,1856.2789546293693,1885.9525146484375,17851542,0.0,0.0
2025-04-21,1903.0642495507163,1929.473668750272,1889.2165886911998,1906.1304931640625,17123649,0.0,0.0
2025-04-22,1913.9445842957227,1949.1571840237666,1913.9445842957227,1940.35400390625,22980875,0.0,0.0
2025-04-23,1957.3668559844475,1957.3668559844475,1899.6023045839213,1902.96533203125,15285321,0.0,0.0
2025-04-24,1889.216572012503,1902.9653450357623,1884.3698666060566,1895.942626953125,12965877,0.0,0.0
2025-04-25,1903.8555520955367,1911.9662764146635,1871.2146379094613,1890.4034423828125,9250439,0.0,0.0
2025-04-28,1890.403474336422,1908.7021689621622,1887.6340146220625,1899.3055419921875,6960246,0.0,0.0
2025-04-29,1897.920849248915,1907.8120354118923,1879.523146392162,1888.0296630859375,9459154,0.0,0.0
2025-04-30,1892.1839212789164,1915.8238804605487,1889.5133493000037,1904.0533447265625,15968435,0.0,0.0
2025-05-02,1908.8012442034942,1920.7695558776984,1899.1078330090343,1900.9871826171875,8920202,0.0,0.0
2025-05-05,1917.900988235039,1930.7595301881363,1911.2739418329422,1915.7249755859375,7534012,0.0,0.0
2025-05-06,1908.998966538313,1918.9890406085808,1903.3610386127025,1910.680419921875,8745078,0.0,0.0
2025-05-07,1912.9554471587564,1927.4954428501762,1901.4816950987627,1924.42919921875,10710389,0.0,0.0
2025-05-08,1933.529126793494,1933.529126793494,1898.2175196120784,1907.5152587890625,17401715,0.0,0.0
2025-05-09,1889.3154956352294,1898.1186757053522,1866.2691037011123,1869.137451171875,8594398,0.0,0.0
2025-05-12,1896.7338801021149,1938.5736468750379,1891.4916237548123,1935.9029541015625,9309486,0.0,0.0
2025-05-13,1928.7813178197073,1940.3539574298177,1899.1077590840193,1901.679443359375,12121051,0.0,0.0
2025-05-14,1901.1849230088733,1909.196759883295,1882.292781041725,1889.81005859375,7722654,0.0,0.0
2025-05-15,1892.67853357186,1923.637995561274,1876.3580758744806,1912.7576904296875,16120729,0.0,0.0
2025-05-16,1912.7577169462224,1922.648903566604,1907.4164520228114,1913.6478271484375,7934005,0.0,0.0
2025-05-19,1915.9227946653505,1923.8357437398588,1909.9880828594692,1917.604248046875,5101482,0.0,0.0
2025-05-20,1907.1196725646596,1913.5489438828665,1892.1840048815375,1894.0633544921875,11939545,0.0,0.0
2025-05-21,1906.0316377377942,1925.715123012811,1900.1958135568764,1905.8338623046875,7566020,0.0,0.0
2025-05-22,1894.3599810550002,1903.2620488621046,1884.468794602662,1899.0089111328125,10653335,0.0,0.0
2025-05-23,1899.206712559703,1915.9228420413544,1893.6676722189848,1912.559814453125,4783036,0.0,0.0
2025-05-26,1913.9445221181825,1928.6824136462042,1905.932685476324,1919.087890625,5401430,0.0,0.0
2025-05-27,1910.581489604547,1926.8030590136404,1895.4480472638704,1905.3392333984375,13081074,0.0,0.0
2025-05-28,1899.305562342874,1913.4500071776201,1896.8327657453326,1902.5697021484375,9078797,0.0,0.0
2025-05-29,1907.0206823524643,1919.6814488723585,1886.5459753978732,1906.526123046875,14458897,0.0,0.0
2025-05-30,1910.8782744249904,1927.5944031490317,1904.4490034343605,1923.73681640625,14374039,0.0,0.0
2025-06-02,1909.0978125768493,1914.9336365473755,1887.2383153576409,1911.0760498046875,7334411,0.0,0.0
2025-06-03,1916.9119287991246,1930.7595897914816,1899.1077932375229,1903.65771484375,12188792,0.0,0.0
2025-06-04,1900.0968784409308,1922.154272073102,1899.9979907268444,1920.0770263671875,6480771,0.0,0.0
2025-06-05,1926.8030544877777,1937.5844714975349,1919.0878810241302,1928.3856201171875,11127709,0.0,0.0
2025-06-06,1922.8465778422667,1974.5775294421348,1921.560675352458,1957.1689453125,15063504,0.0,0.0
2025-06-09,1973.291729660865,1973.291729660865,1954.3995873749227,1957.366943359375,6601294,0.0,0.0
2025-06-10,1961.2244932411922,1961.2244932411922,1939.7605462472134,1943.9149169921875,7766563,0.0,0.0
2025-06-11,1946.1897941086554,1946.1897941086554,1925.8139744594912,1929.177001953125,5548197,0.0,0.0
2025-06-12,1928.7813326517733,1939.6616376051934,1914.2413370562833,1922.253173828125,8174565,0.0,0.0
2025-06-13,1899.107795611669,1911.9663379777896,1892.1839651068349,1896.73388671875,6058881,0.0,0.0
2025-06-16,1903.0642334934973,1917.8021251466066,1899.2066467096336,1914.3402099609375,8256873,0.0,0.0
2025-06-17,1915.9227734456326,1920.4726949646783,1898.2175259391095,1908.603271484375,8489368,0.0,0.0
2025-06-18,1896.1404381717568,1915.230476273842,1896.1404381717568,1912.8565673828125,9216908,0.0,0.0
2025-06-19,1912.8565427773563,1925.6161972532404,1904.6468098512394,1914.2413330078125,8438110,0.0,0.0
2025-06-20,1910.5814871475898,1948.4647782910715,1910.5814871475898,1943.3212890625,16450204,0.0,0.0
2025-06-23,1927.19873046875,1936.5953572959124,1920.6705717688092,1927.19873046875,5869759,0.0,0.0
2025-06-24,1943.6181063719282,1957.4657671806851,1934.3203671090732,1939.562744140625,11312661,0.0,0.0
2025-06-25,1944.6072733737653,1960.4331718345895,1942.530148349187,1958.6527099609375,9202966,0.0,0.0
2025-06-26,1959.839632938963,2005.0423050023703,1958.454842740137,1999.800048828125,25042415,0.0,0.0
2025-06-27,2013.0,2019.800048828125,1993.4000244140625,2014.9000244140625,14106692,22.0,0.0
2025-06-30,2011.5,2013.800048828125,1995.5,2001.5,6824510,0.0,0.0
2025-07-01,2005.0,2016.0,2004.0,2012.0999755859375,7194693,0.0,0.0
2025-07-02,2019.9000244140625,2019.9000244140625,1977.9000244140625,1986.0,9439125,0.0,0.0
2025-07-03,1994.9000244140625,2008.0,1984.300048828125,1987.0999755859375,8430253,0.0,0.0
2025-07-04,1987.0999755859375,2003.5,1980.0,1989.300048828125,3931972,0.0,0.0
2025-07-07,1989.0,1998.4000244140625,1983.800048828125,1987.4000244140625,5674713,0.0,0.0
2025-07-08,1977.0,2005.0,1977.0,2001.4000244140625,7612158,0.0,0.0
2025-07-09,2007.0,2013.800048828125,1998.0999755859375,2011.199951171875,6930714,0.0,0.0
2025-07-10,2016.0,2017.0,2000.0,2006.199951171875,8515155,0.0,0.0
2025-07-11,1998.0,2004.800048828125,1980.9000244140625,1983.699951171875,6258461,0.0,0.0
2025-07-14,1983.0,1988.699951171875,1970.5999755859375,1983.0,6544425,0.0,0.0
2025-07-15,1973.0,2003.5999755859375,1973.0,1995.5,7249084,0.0,0.0
2025-07-16,2018.0,2022.699951171875,1992.5999755859375,1996.300048828125,8997306,0.0,0.0
2025-07-17,2004.0,2004.800048828125,1982.699951171875,1986.9000244140625,11264579,0.0,0.0
2025-07-18,1986.9000244140625,1997.0,1953.0,1957.4000244140625,8064723,0.0,0.0
2025-07-21,1978.199951171875,2002.0,1976.5,2000.5,11154539,0.0,0.0
2025-07-22,2013.0999755859375,2018.0,2003.0,2007.0999755859375,7418407,0.0,0.0
2025-07-23,2011.0,2029.800048828125,2003.0,2024.300048828125,6817458,0.0,0.0
2025-07-24,2037.699951171875,2037.699951171875,2008.4000244140625,2014.199951171875,9553588,0.0,0.0
2025-07-25,2015.0,2015.0,1999.0,2004.5999755859375,4653299,0.0,0.0
2025-07-28,2003.0,2021.4000244140625,2000.5,2008.5,6029790,0.0,0.0
2025-07-29,1999.9000244140625,2026.5,1996.300048828125,2021.5999755859375,9947848,0.0,0.0
2025-07-30,2028.0,2032.5999755859375,2017.0,2025.800048828125,7577018,0.0,0.0
2025-07-31,2014.5999755859375,2031.4000244140625,2008.0,2018.199951171875,11091516,0.0,0.0
2025-08-01,2014.0,2028.300048828125,2009.300048828125,2012.199951171875,5658629,0.0,0.0
2025-08-04,2010.0999755859375,2018.5,1988.0999755859375,1992.0,6966973,0.0,0.0
2025-08-05,1986.5,1994.4000244140625,1965.5,1977.5999755859375,11989029,0.0,0.0
2025-08-06,1971.0999755859375,1988.0,1970.0,1985.300048828125,7040102,0.0,0.0
2025-08-07,1980.0999755859375,2001.5999755859375,1976.800048828125,1995.4000244140625,6540593,0.0,0.0
2025-08-08,1987.0999755859375,1992.800048828125,1970.0,1973.9000244140625,6947632,0.0,0.0
2025-08-11,1975.9000244140625,1997.5999755859375,1973.0999755859375,1995.5999755859375,4552388,0.0,0.0
